-6.14458942,-25.40762901,15.13532448
-6.498034,42.3990593,16.5531559
-6.60137987,-9.92436028,16.60140038
-6.81432915,-21.50736809,55.57210159
-5.97384596,26.00426292,59.39481354
-6.50775814,-28.72502708,7.18937922
-7.03971195,-64.47174072,24.54569626
-6.15661573,-69.81439209,43.02708054
-5.9280138,-42.37136841,1.4926461
-5.93490314,-1.45442891,25.62335396
-5.36858559,36.62591553,0.55914849
-6.09088373,34.38034821,5.50997782
-5.59910297,-70.28318024,24.49599266
-5.82872772,-74.38109589,35.7742691
-4.78861761,-23.65400505,14.84168816
-6.22447062,-22.20141602,9.43431759
-5.9490037,-74.02026367,32.97053146
-5.90961027,23.22681999,60.60863876
-5.78008795,-38.18088531,47.41801834
-5.91716576,40.60167694,48.22824478
-6.44733381,40.05661392,17.11183929
-6.45236444,33.40678024,18.22675705
-6.21977949,-35.89952469,4.42180777
-5.75724459,-63.98757172,45.03336334
-6.26592112,18.80482674,16.7363205
-6.01021004,-14.63933945,15.47600365
-6.34028244,-23.64053535,11.73438454
-6.09392071,41.15123749,10.59934998
-6.00569963,38.36493683,27.52940559
-5.90830803,33.26521301,3.79558301
-6.2865715,-29.61818886,5.66802788
-5.69565725,19.78749275,61.84937668
-5.68784189,-33.4786377,49.30984497
-5.84905624,-59.86885834,23.37376976
-5.6895752,-2.59499717,25.06556129
-6.0930624,-42.02418518,2.8505702
-5.84986305,34.69904709,24.06586647
-6.12772894,38.97565842,10.6773777
-6.29006004,40.88385773,17.10352135
-6.01386261,-34.43437195,1.84353554
-6.23722315,-12.09528446,16.61071777
-6.30389977,43.0489006,39.08430099
-6.29653978,12.79080009,19.56459999
-5.60140753,-39.29389954,-0.00603895
-6.27970982,6.13632011,63.5780983
-5.79139709,-39.35311508,4.11949062
-5.78744221,37.87649155,7.43350267
-5.55482578,-70.29189301,42.10745621
-6.09009695,40.54252243,19.8227272
-5.54675817,-14.64787197,60.04441452
-6.08376122,33.1684227,0.73902571
-6.20902967,-21.15867043,14.38746738
-5.57501316,15.59278011,62.85437012
-6.24709988,-27.58071518,5.96298885
-6.17002869,-24.66184807,9.46827507
-6.11758661,-23.34667397,9.49822521
-4.71023655,2.00535893,26.21535683
-5.77156258,-41.27254486,0.24426149
-6.04211617,-17.75341225,14.69457054
-6.00612402,39.94153595,11.29411983
-5.49393654,11.30637169,63.54792023
-6.05781126,37.56576157,20.74752426
-5.03395557,-70.77502441,41.30354309
-4.9037714,-70.51708221,42.62922287
-6.17355013,-20.0821991,14.8927002
-5.44403267,-73.41846466,26.14880562
-5.61584997,-7.22098541,20.20275879
-5.76854515,-53.20903778,23.80268097
-5.23720598,-31.32544708,50.67599487
-5.3466692,-55.31735611,43.23982239
-5.81111813,-34.69726181,2.44538975
-5.7092433,-72.3057251,31.04030037
-5.90224838,-47.02950287,23.49966621
-5.33451557,-10.38129902,17.73184586
-5.51897764,-7.97782803,62.18496704
-5.31726456,-49.46820068,42.62295532
-5.79278469,-72.4200592,33.43278503
-5.77707863,-34.92045593,17.4724884
-6.09857941,-35.75165558,1.72980475
-5.42998695,-4.395679,63.03178787
-5.56844902,34.41704178,5.2471981
-5.86670446,-20.79701614,13.49994755
-5.50956249,34.2820549,0.18594988
-5.68462372,41.3300209,5.15836573
-5.97797775,35.34971237,19.54489326
-5.75711632,-40.66955185,3.58867359
-5.8215313,34.94574738,21.30430603
-5.63925409,42.87224579,36.27056885
-5.67613745,24.75722122,17.67387772
-4.78107548,2.77643943,26.41732407
-5.96252012,2.37782001,63.73080063
-5.88041925,-17.06720543,14.1544733
-5.93118477,-35.93571091,2.58129692
-5.44539022,11.77631378,21.08965492
-5.32539749,-0.93070805,63.73111343
-5.09078074,-39.00955582,19.67635155
-5.74105692,39.9517746,3.19058371
-5.64098167,31.96245956,20.20093727
-5.85471678,32.62940216,1.64206982
-5.47251081,35.08082199,24.71602631
-5.89770985,17.15839958,17.57999992
-5.67685032,39.98807907,8.79477787
-5.0403161,-72.70624542,23.89695549
-5.39851475,-19.56905174,14.52857304
-5.20870686,-55.66023254,23.19973183
-5.667768,-19.24215698,13.48097801
-5.4311738,33.02188492,1.2174269
-5.62075663,20.53580284,17.2006321
-5.43604517,-39.20014954,2.21901894
-5.56495667,-13.72662926,16.41878319
-5.75607014,-11.34360027,17.01000023
-6.12756634,36.21726227,0.11593822
-5.40215254,38.51659775,6.95536423
-4.79104805,-70.06682587,43.27040482
-3.8562398,-55.60744858,43.95017242
-5.16712999,-63.13550949,23.23895454
-4.85259008,41.33799362,31.5549469
-5.25129271,38.33289337,1.86069024
-5.4546876,33.02775955,22.27739143
-5.43511629,-41.12537766,1.3436439
-5.20966625,29.71885681,20.57915497
-5.55613995,34.44462967,54.35630798
-5.22619772,44.50976944,42.08107376
-5.27972746,-15.98718357,15.29062271
-4.78096151,1.19454587,25.35234642
-5.42145538,44.18741608,40.55501556
-4.92444611,-20.6586628,57.50704575
-5.19036293,39.81216812,6.29585934
-3.7585969,-75.30997467,32.812397
-5.55103111,29.96912384,57.45213318
-4.42743921,-66.26534271,22.97789764
-5.05987787,38.87036514,50.77748489
-4.59784508,-72.76339722,33.65062714
-4.25225592,-74.67118073,23.70158958
-5.1292491,15.44689655,19.20620918
-5.22964382,-67.65713501,44.54925537
-5.99422169,-49.52588654,23.87306213
-5.2450552,-12.52771854,17.10132408
-4.16072464,35.99843979,25.49500465
-5.32515335,-72.47264099,30.77370453
-3.86445475,-75.66051483,34.76129913
-4.09556723,-43.6449585,45.18434143
-4.72587347,-46.50774384,43.75410461
-5.45733833,-17.5222702,14.78709984
-4.13730621,-74.85622406,27.73195457
-5.37509012,43.8158989,38.5033989
-4.50838137,-27.69057083,14.88966656
-5.02631855,37.27194977,26.45578003
-5.09875536,32.7406311,23.37418365
-4.92178917,35.114254,0.50405097
-4.84183359,-4.69707823,22.25494766
-4.65795422,-62.76387024,45.24386597
-4.99647093,33.74129105,2.96037722
-4.2675395,-73.74015045,37.90060425
-4.75030231,21.38625336,18.24127197
-4.86015129,13.15876102,20.89691353
-4.90976286,9.07720661,22.71726036
-4.56224632,-18.14302635,59.08027649
-4.62722826,-9.75597954,18.5260849
-4.93106365,34.81816483,4.20949888
-3.61933231,4.51169014,25.76524353
-4.81300783,42.94100189,35.49151611
-4.70118952,-14.00123405,16.30821228
-4.66938925,-41.12904358,20.63686562
-4.25605822,18.16242599,19.22041321
-5.0035615,44.78910446,43.11327744
-4.53095007,-2.8491981,24.37767792
-4.37641525,-70.68498993,23.84594727
-4.26583099,3.59994793,26.15935326
-4.83571005,27.15241623,20.14756012
-4.71716356,36.49568558,1.20486593
-3.71206284,-51.96522141,43.23972321
-3.91477823,-59.85499954,22.36102104
-5.09902716,39.43739319,4.32534313
-4.23970175,-65.72286224,44.8799057
-4.93612957,-72.59318542,30.60497475
-4.99056578,45.59118271,40.39063644
-4.71064901,43.71635818,45.13153076
-4.88183212,-15.51303196,15.39116955
-4.8075552,37.55366898,3.81657124
-4.38578653,-6.19819355,20.80270004
-4.74861431,45.28468704,39.14398193
-4.91063023,-11.83110046,61.37659836
-4.45592928,-33.28264999,16.18316841
-4.23683929,-49.40692902,22.82829857
-4.11889935,-3.40475702,23.31852341
-4.81137419,47.89220428,41.61956406
-4.91241837,-26.66603279,54.0464592
-4.5892663,30.33004761,22.56485558
-4.35619259,-45.7016983,22.23361588
-4.1912322,-44.74575806,44.65500259
-4.21699667,7.14922047,64.4096756
-4.13162231,2.95861554,64.49795532
-3.98246431,22.96381187,19.67968941
-3.92085505,-11.41606712,17.6541996
-4.02804136,-75.62256622,24.34420013
-4.23213863,-74.87329102,36.18683624
-4.22398472,32.01295853,23.60630035
-4.73207998,34.14912033,1.51866686
-4.27379179,-40.61840057,46.69755173
-4.39772463,37.92662811,27.11510468
-4.35576391,-71.55734253,23.19761276
-4.40065384,50.89595413,39.27291489
-4.27599049,-1.63911271,24.94388771
-4.30198622,45.27215576,44.28781128
-4.53287888,-72.6531601,30.51220131
-3.21583962,-75.91333008,33.70305252
-4.23316765,0.14664686,25.23833656
-4.1473999,-74.18435669,30.0079689
-4.45367193,44.2719841,37.49939346
-4.17268991,-7.5606823,19.77968597
-4.44886398,-74.58090973,32.76395416
-3.5952909,-17.24783897,15.36448765
-4.50756979,-11.73709965,17.13150024
-4.02814865,-19.45096016,14.90439129
-3.88152528,-74.22637177,23.03484535
-3.54866004,-53.52911758,22.69733238
-4.3913269,48.20606613,42.58609772
-3.66907525,-21.06708908,14.94577599
-3.54612756,34.16386414,24.54700279
-4.10697031,51.99740601,37.75295258
-3.91268134,15.19812393,21.0355854
-4.39179707,36.73116684,52.99869156
-3.8027966,34.04201508,55.34897614
-4.01091909,42.92105484,35.02738953
-3.70203137,-72.90579224,33.24273682
-3.82090378,-30.19134331,15.09337616
-3.30905604,-59.72242737,45.19826508
-3.83394313,31.7628231,56.94058609
-3.12796235,-53.19532776,43.67324448
-4.29356003,50.18769836,41.26290131
-3.76502252,-14.9528265,16.05953598
-3.61972713,-76.12923431,25.23562241
-3.29026675,-69.19525909,22.30909348
-4.22202396,36.24142075,23.04096222
-3.9183538,-70.72891998,41.78675461
-3.89204454,28.54754066,22.44579124
-3.76584625,29.32166481,58.46420288
-4.20955944,46.14614105,38.01740646
-2.4658289,40.27769852,30.2971077
-3.33894515,-70.74707031,22.61793709
-3.73544192,-72.77496338,30.55691147
-3.4202919,-73.01112366,22.63124466
-3.39468265,-34.18415833,49.82369614
-3.087605,-38.75327301,47.78132629
-3.43211603,43.25357819,46.84457397
-3.93001604,-56.10015106,22.47832489
-3.6595118,26.77507019,59.8519249
-4.04468536,52.37589645,40.62654114
-3.07247114,-39.38677979,19.19577026
-3.35458612,-67.49887085,44.30972672
-3.50380397,-70.40622711,24.90227699
-3.8331027,57.98923111,38.76476669
-3.02274418,-49.87870407,43.73748398
-3.84923768,-27.99422836,53.65707397
-3.55632734,23.80960083,61.19483566
-2.78945255,-72.58453369,23.1451149
-3.28746462,-71.11151123,24.22205734
-2.80083466,-64.0656662,22.25436211
-2.40366125,-28.22102165,14.68049431
-3.25695848,-69.24866486,43.33015823
-3.54627705,-13.99389458,16.24452782
-3.88121438,35.40823746,22.27689552
-3.617872,59.0770607,40.21487045
-3.70003581,-70.71224976,25.46378708
-3.78991246,-71.34427643,25.20547676
-3.04170418,39.06875229,28.67178535
-3.69536972,44.45492554,36.85421753
-3.37825871,20.18397331,62.48939514
-3.65963125,56.49010086,37.61500549
-3.27880216,-23.0852108,56.97646713
-3.65877223,66.95899963,39.64134979
-3.65219641,-71.20561981,24.34129715
-3.52391982,49.60962677,42.93785095
-3.41864753,27.30286407,22.34824181
-3.21309423,-12.46386242,61.85100174
-3.14480066,-16.05067062,60.62152863
-3.21022511,-8.67026615,62.89232635
-3.21879482,-5.05927944,63.69885635
-3.30236363,-19.66820717,58.97166443
-3.24872708,15.94403744,63.53524017
-2.75020075,-1.26939201,64.5626297
-2.26712084,-74.38883209,37.74000549
-3.20932198,17.25176239,21.05705452
-3.58507681,73.38335419,41.50177383
-3.56203008,19.90859985,19.74060059
-3.40582871,-74.4771347,32.06401062
-3.17029905,11.5923624,64.28255463
-3.53523302,47.04860687,37.06972885
-2.99009871,-74.01676941,30.75569725
-3.4871738,79.26083374,44.1255188
-3.36222529,33.34500122,20.99185753
-3.49143696,66.70756531,40.93929672
-2.73302221,-71.21041107,24.77566147
-3.46047091,60.135952,37.48421478
-3.01594067,42.78898239,34.62701416
-2.88872457,44.83712387,45.90069199
-3.39106226,71.84997559,42.20866776
-3.62212396,51.4430542,36.64383698
-2.91592884,-76.00393677,23.33875465
-3.36581397,84.68799591,47.66672516
-3.3563385,66.94256592,38.38872147
-3.06361222,-70.17415619,26.40543556
-3.03567052,-46.18981552,44.58334351
-2.71377158,-72.77078247,22.77419281
-3.2843647,-72.95077515,32.73654175
-3.31510019,52.69844055,41.88523102
-2.18049192,9.56591415,23.97702026
-2.56566596,-75.58345032,28.83218002
-3.32758021,78.46363831,45.0211525
-3.31306577,73.57395172,40.37243271
-2.54159498,6.61098909,25.03248978
-2.74396229,-50.03530502,22.21939087
-3.05016613,-13.97144413,16.5484848
-3.27686,22.08279991,19.8932991
-3.26526952,90.49045563,50.21517944
-2.89448977,-41.97868729,20.32061958
-3.21626472,79.43034363,42.97541046
-3.22657657,84.49920654,48.87746811
-3.18630433,31.74428177,23.73508072
-1.65510559,-55.82171631,44.43735504
-3.21641994,27.24180031,19.90570068
-3.1381743,96.6268692,51.82820129
-2.81810355,3.36300087,26.17479897
-2.91300273,37.31112289,25.25833893
-3.18686008,24.50519943,19.93600082
-2.93313479,56.67388916,36.44000244
-2.71276593,-46.02836609,21.6254921
-2.39217949,-70.71591187,26.28159904
-3.1218636,30.56035805,20.23362923
-3.05193448,-73.01573181,32.18627548
-2.61012197,-19.49015999,15.30556679
-3.04802465,85.00509644,46.63296127
-3.11624694,90.28246307,51.33974075
-2.38033199,-76.96379852,24.48852348
-2.41037774,-75.53896332,31.79377556
-2.69931722,53.19944,35.79046249
-2.73828888,42.55224228,47.94393921
-1.77775812,-73.03476715,39.66614532
-2.98691034,112.09919739,53.60694504
-2.05168796,-31.63948059,51.75008011
-2.55844045,36.98844528,53.29901123
-2.58435369,-69.51899719,25.77427673
-2.65436316,19.48283577,21.14745331
-2.55843401,-16.09290123,16.04340363
-2.01718402,-7.01339149,20.22742271
-2.98120046,59.65324783,41.47392654
-2.99616933,96.20779419,52.87630463
-2.96009922,90.87566376,49.2557106
-1.10403836,34.52629852,23.3753109
-2.67406774,-67.94656372,25.06648827
-2.62495017,-74.58396149,30.44065475
-3.08610368,-73.19487762,31.05862999
-2.5424242,43.59474182,35.44713974
-2.84397292,112.47200775,54.68006134
-2.87740254,66.16163635,42.03211212
-2.03147697,-73.9863205,23.31147385
-2.46807671,-67.75856018,24.72452927
-2.47913098,44.50619507,35.95685959
-2.8505609,96.722435,50.8467865
-2.91004324,46.66594696,36.53363037
-3.22276568,-70.30787659,42.42807007
-2.45763278,49.53507233,43.99656296
-2.46382761,-71.99712372,25.04998016
-2.50539422,-34.02069473,16.19582939
-1.36587036,-73.10016632,21.11256218
-2.63515997,118.52223969,54.3789711
-2.23200965,-75.39181519,22.51049805
-2.77274013,71.85111237,43.4190979
-2.72439194,111.69944,52.61833191
-0.56389856,-25.53106689,14.741436
-2.50652957,25.48641014,20.64990234
-2.72088695,61.10056686,36.53684616
-2.13920116,12.23817921,23.1371994
-2.70493245,77.87709045,46.0035553
-2.33213472,-9.48946381,18.71795464
-1.27323735,-55.77308655,21.65995216
-2.64155579,83.45523834,49.66667175
-1.26679993,-53.61894226,22.13083267
-2.53784299,118.47119141,55.24043274
-2.66336393,67.09896851,37.43912888
-2.44000053,28.94893265,20.5845089
-2.44831991,50.90246582,35.68786621
-2.61522555,73.84101868,39.51010513
0.00364459,-60.38637161,45.49549103
-2.52441359,79.96929169,42.22062683
-2.54742384,89.94207001,52.3860321
-2.40381813,118.52723694,53.60660172
-2.08795691,-74.12599182,22.30521393
-2.16971254,-31.02577019,15.19661331
-1.6578716,-72.82233429,23.40871048
-2.4364202,95.92662048,53.91245651
-2.12104487,2.74399066,64.99578094
-2.17059278,-14.30856514,16.62446404
-2.14780164,7.04592228,64.91944122
-1.98141646,-75.74556732,30.55296135
-2.37998343,85.75508881,46.13371277
-2.31635284,112.38620758,55.65498352
-0.92931938,-72.08335876,20.71042633
-2.29420948,52.8326416,42.90168762
-2.29656124,92.21917725,48.88100815
-1.19836164,-18.80558205,59.9288826
-2.21616077,-76.82779694,26.45216179
-2.53810024,-57.64082718,21.84704018
-1.04936159,32.48455811,22.28471565
-0.71254754,-74.34265137,23.36927223
0.00134388,-1.50988352,24.30413628
-0.01489341,-0.54674578,24.41226196
-1.35652447,-64.29615021,21.72410774
0.0151203,-2.64644885,23.82645035
-0.00123322,0.13159864,24.64569855
-0.81907773,29.90607262,21.70887756
-2.21529055,97.36846161,50.16468048
-1.83912265,-70.71375275,24.48402977
-0.06545651,-3.15601802,23.11003304
-2.13313746,117.93639374,56.05688095
-1.76138842,17.31545448,22.40277481
-0.00188172,1.09582686,24.82121086
-0.08237743,5.15846443,26.17919922
-1.15101135,-48.03899765,44.74721527
-1.56675732,-77.15254211,25.42637253
-0.7168535,1.40387249,25.28686333
-2.12250996,111.37645721,51.83838272
-1.78585672,-68.58403015,25.55923843
-2.51223087,2.1912117,26.05051994
-1.06171393,-32.99495316,51.07138443
-2.04744124,59.80325317,42.44958496
-1.32963443,-21.4119873,58.52858353
-1.44291568,36.29595947,24.79245758
-1.72559202,-72.63047791,25.5490284
-0.00213271,-34.21690369,50.47969437
-0.75252879,-52.41398621,44.3470993
-1.09420109,-23.65857697,57.24534988
-2.11810112,46.34249115,36.07473373
-1.74995244,-68.05963898,27.34824181
-1.91938365,118.26206207,52.94630432
-2.00098991,56.6515007,35.65940094
-1.95861697,66.57050323,43.08116913
-1.92067742,119.83061218,55.04982758
-1.25670457,41.51135254,32.66517258
-1.87886524,71.7607193,44.3831749
-1.43981707,48.202034,45.08808517
-1.90764737,-69.6105957,27.37684441
-1.58235085,-42.3861084,46.06127167
-1.78358018,61.07434464,35.76786804
-2.56652808,40.74468613,49.88047028
-1.82880092,77.69553375,46.95664978
-1.79194188,38.05292892,26.85127068
0.0040918,-64.30208588,45.60466003
-1.4323988,-68.59046936,26.23046684
-0.50522959,-76.11719513,31.9690609
-1.24971962,34.13541794,55.74187469
-0.0620767,-65.92974091,45.20801544
-1.81182539,82.79766083,50.31284714
-1.25408685,-44.52514267,45.30432892
-0.63057959,31.86950493,57.37521362
-1.82398903,53.51951218,35.33367538
-0.54411423,29.39811134,58.8867569
-1.25669932,120.12468719,53.63467789
-2.13610125,25.17672157,21.03614616
-0.82858998,-74.5957489,22.24440002
-1.72459471,-64.71351624,27.07716179
-1.24094975,43.72747421,47.4534874
-1.8097924,67.2980423,36.82397079
-1.73196638,89.75844574,53.27923584
-1.12585247,-70.22880554,24.71456528
-1.70863724,75.04603577,39.23384476
-0.4613086,26.75276184,60.28771973
-1.66587532,-66.44562531,27.98082924
-1.10368717,-49.4081955,21.80381966
-1.65181017,95.81903839,54.74344635
-1.13925493,45.83085251,46.24729919
-1.11322713,-39.75936508,19.00297928
-1.24742937,23.7449131,61.54677582
0.09929457,-56.52585983,44.6930809
-1.64124787,80.8493576,42.07329178
0.00317499,-75.97351074,34.72777939
-1.02394438,-72.56247711,23.22529221
-1.45831549,-69.07646942,25.46412659
-0.95456278,-74.77147675,23.03624344
0.02610439,-68.17623901,44.23729706
-1.56964588,112.48887634,56.44216537
-1.55515933,-66.69120789,27.43745804
-1.5594523,85.05321503,44.9973259
-0.00060022,19.96039772,62.95236206
-0.91418803,-45.55805206,21.07409477
-0.01937538,-22.17948341,14.94465923
-0.7591778,-42.03819275,19.91521263
-1.53810811,87.78879547,46.50494003
-1.15344727,-12.76207256,62.14288712
-1.06311786,-8.31538773,63.34265137
-1.11271465,117.75643921,57.0073967
-1.49051905,-70.90916443,27.25887871
-0.99850297,-77.87302399,25.36422348
-0.15224069,-28.54611397,14.8638792
0.00047839,15.6725893,63.98687744
-0.99131787,-15.9709177,61.11402893
-1.48676753,92.99152374,48.58057785
-1.01185465,11.42022419,64.63098907
-1.15192318,120.4395752,54.60750198
-0.1628862,-19.50195694,15.2468071
-1.43979502,97.77732849,49.69923782
-0.68903625,120.42271423,55.98236465
-0.80929375,24.4605751,21.85758209
-1.38086653,107.59881592,50.84384918
-1.50199139,119.24472809,56.44134521
-1.35209763,116.71633148,52.19372559
-0.76161629,27.05759239,21.57059097
-0.51833814,20.49748039,22.83875847
-0.89990979,-50.34654617,44.37477875
-0.80215001,-76.96593475,23.39400482
-0.4520939,-76.83644867,29.20845032
-0.89888358,-67.26038361,26.53307915
-0.83036524,-73.85635376,24.37865448
-0.56008214,-77.3986969,24.63438225
0.7180441,-38.37311935,48.13309479
-0.8690412,-57.73235703,21.48958969
-1.16723061,-72.86652374,23.64471436
-0.75992048,119.51080322,52.85169601
-1.18641782,51.6198082,43.84934616
0.33416682,-73.95684814,38.78144455
-1.28709519,-78.00708008,25.79834366
-1.15959358,54.41644287,43.34229279
-0.71192461,-65.25432587,27.87630653
-1.15538466,9.06094646,24.54749489
-0.47100839,-65.31771851,25.73264313
-1.04380596,-66.35969543,28.35429001
-0.79831582,-76.85932922,25.89705276
-0.56102091,-71.04502106,23.99622917
0.20639925,3.73653698,26.42663574
-0.60181177,45.42096329,35.64743423
-1.02891469,60.54906082,43.06489944
-0.5556128,49.59351349,35.35443878
0.00368244,-70.27592468,42.73687363
-0.4302921,43.78170013,35.18254471
-0.05696651,-7.77982283,19.5800724
-0.91389853,12.21854305,23.82476997
-0.71245706,-73.51981354,20.97970009
-0.99339658,67.42325592,43.77582169
-0.76665831,-71.05178833,25.20559311
-0.95799965,72.90180206,45.36727905
-0.86529219,61.7050972,35.38557816
-0.50100112,-69.74653625,27.97690964
-0.99400485,53.69202805,35.1386795
-0.37239474,-75.22509766,22.46303368
-0.92152053,77.54087067,47.53083038
-0.9124769,-68.00018311,27.8699398
-0.91306853,82.44130707,50.73901367
-0.00320179,-76.21703339,33.4866066
-1.14906311,-69.74028015,25.91528511
-0.87169302,88.91931152,53.56708908
-0.84442276,69.32569122,36.90611267
0.00137192,-35.66359329,16.81100273
-0.30465123,42.64037704,48.45596695
-0.76383322,36.60429382,53.79860306
-0.84088683,95.5617981,55.24181747
-0.12908627,37.35023499,26.64790916
-0.80250609,76.31449127,39.377388
-0.62614357,-64.31595612,26.33137703
-0.0568857,42.36453629,33.8871994
-0.80630779,100.72870636,55.72154617
-0.6449036,-74.07048798,23.03657341
-0.5006429,80.98292542,41.6867981
-0.78620082,112.19800568,56.8807869
-0.01317507,-31.82869148,15.48818207
-0.39414346,16.03216171,23.47990227
-0.7632913,86.44194031,45.51953888
-0.27755079,39.59305573,29.83835983
-0.48485664,-78.17179871,26.27230263
-0.71999496,92.39069366,48.09262848
0.10815197,35.53400803,24.7937355
0.45680982,-1.51611698,64.8352356
0.18407434,-12.55659485,17.24190521
0.37139478,2.50705886,65.20497131
-0.71088958,97.52261353,49.40029526
0.31253749,6.76043415,65.1548233
-0.44688752,-64.27981567,21.60711098
-0.34248751,-67.66902161,26.34280396
-0.66920978,111.05594635,51.04750061
-0.26777759,-77.63262177,24.77072906
-0.73563874,119.81347656,56.69933319
0.00202096,-73.68441772,23.04129791
-0.03618982,-16.59434319,15.8422823
-1.63744903,-68.025383,21.57799721
0.23073164,-71.91553497,41.17821884
0.69834936,-67.83045197,21.41237831
0.56057507,-74.79180145,22.21359253
0.00200582,-71.42068481,24.20131683
0.19474407,30.63157845,22.32858658
-0.07045653,17.64130402,23.59025192
0.00221832,-73.89059448,22.70424843
-0.03406125,33.59801865,23.38196182
0.32628089,-78.41643524,25.69874191
0.06360639,-75.40099335,22.64833069
0.0695399,-70.41038513,24.5298481
-0.05864141,-76.77187347,23.38493729
0.30898225,13.62392998,23.82986832
0.21173531,-4.93241549,21.77807999
2.92275715,-32.54196167,15.65689754
0.53800195,-39.9261055,19.00929832
0.82909095,-45.52810669,21.02814674
2.7249763,2.50968552,26.17167091
0.00108076,9.86050701,24.43740654
0.61885005,11.31282902,64.68576813
0.72890937,23.71095848,61.60712433
0.31703666,44.45659256,47.1734314
0.35510039,47.3024025,45.69817352
0.00012755,51.39665985,44.12207413
0,53.71236038,35.06803513
0,54.65863037,43.52656937
0,61.90308762,35.27510071
0,60.88484192,43.26029968
0,69.07782745,36.72917557
0,68.15738678,44.11367798
0,73.43049622,45.78079224
0,76.2167511,39.20743179
0,77.33115387,47.6218071
0,81.88630676,50.60608292
0.37816522,85.16200256,44.5827446
0,86.26985931,52.74694443
0.40708321,87.56248474,45.97763443
0,92.5980835,48.08087921
0,91.73783875,54.58558655
0,97.63965607,49.33794403
0,96.59901428,55.55835724
0,100.63134766,55.8680687
0,106.82892609,50.39788437
0,111.83975983,56.99739456
-0.24008761,118.1036377,52.19285965
0,118.17726135,57.26659393
0.5684045,119.85126495,56.74946213
0.75021982,120.1073761,53.3156929
0,120.63905334,54.43683243
1.11875236,-49.41268539,21.79402733
1.05603719,-12.84185696,62.13328171
0.00362735,-53.47902679,22.22200584
0.70669019,-55.894104,21.63478088
0.93659908,-57.7090416,21.49114799
1.16399813,-22.26191139,58.09573364
-0.1467723,-70.75954437,20.70928192
0.62326515,-30.8145752,52.61907959
0.48159981,-64.28926849,26.2668438
0.48820743,-65.29434204,25.74266434
0.23442341,-73.70374298,20.95230675
0.6978386,-64.52605438,27.08029175
-0.24704672,-31.24722672,52.33914566
1.12655115,-69.69010162,25.93014145
0.00213854,-66.29494476,28.46081543
0.6198926,-74.17771149,23.00529289
0.45869356,-74.56957245,23.16921616
0.58114034,-68.00196075,27.97952843
2.30954337,-42.82321548,45.79169464
0.82009786,-44.51415634,45.30468369
-0.45452076,-70.89300537,27.63921165
0.23946713,-48.11216354,44.82706451
0.46786648,-51.69755173,44.38264465
0.15063184,-53.0205307,44.54671097
0.27752098,25.02084541,21.85017014
0.39573795,18.21550941,23.70038795
0.57419264,27.40672493,21.70808411
0.80658501,-76.96515656,23.39294243
0.66242182,-72.59316254,23.14503479
1.05214858,-75.49661255,22.45125008
0.32476416,-77.45690155,24.84463501
0.22987029,-75.34539795,23.20679092
0.6926353,-76.48537445,29.99830818
0.61527222,-70.77922821,25.366539
0.63408297,-67.67169189,26.46039391
0.55375242,14.92469788,24.07063866
0.06924562,-73.6299057,25.02136993
0.63559604,-72.04948425,20.60169411
0.80353856,-76.85929108,25.89684486
1.00099432,-73.43563843,21.05681992
1.16640711,-73.62167358,23.18120575
1.13055897,118.41409302,52.50064087
0.82581574,31.95893097,22.9997654
2.66927743,-17.84414291,15.62585258
0.1628499,-74.95409393,37.17656326
0.66636086,116.65553284,51.95008469
0.77018493,-76.07048035,32.01733398
1.25635135,-53.61753464,22.12648964
1.04937983,120.27611542,55.8693924
1.27564168,-78.01996613,25.75040054
0.66780776,107.71160889,50.60383987
0.71088958,97.52261353,49.40029526
0.98313212,-18.84869385,59.91092682
1.71629012,-72.72789001,25.43937302
1.57198036,-77.15231323,25.42608261
1.72881603,-11.73153877,17.66867638
1.11271465,117.75643921,57.0073967
0.71999496,92.39069366,48.09262848
1.06381178,-15.96317673,61.10652924
1.1426636,-8.14793587,63.37257004
1.15192318,120.4395752,54.60750198
0.0037325,-63.00182724,45.73949432
2.84942079,-28.37017632,14.69637203
1.41880071,-42.09319305,19.99193192
1.93061709,-74.09812927,23.30179596
0.78620082,112.19800568,56.8807869
0.80777854,80.94065094,41.75429535
1.93971837,-7.65406942,19.73355675
2.7178216,-30.81235504,15.13707542
1.46187103,36.24095535,26.20980263
1.24880886,-70.90505981,27.42842293
0.80630779,100.72870636,55.72154617
0.80250609,76.31449127,39.377388
0.84088683,95.5617981,55.24181747
0.98329049,17.28301239,23.6288681
2.88733721,42.5689621,34.32417297
1.13291538,21.72176743,22.25613022
0.84442276,69.32569122,36.90611267
1.49182796,39.46056747,51.27000427
1.35812509,37.64199829,27.69579315
1.00363779,-77.87290192,25.36397362
1.34117854,35.1193161,55.00465775
0.87169302,88.91931152,53.56708908
0.86529219,61.7050972,35.38557816
0.90087444,-67.20951843,26.52595139
1.31810641,43.10734558,47.86394882
1.70758855,23.3296032,21.52671432
0.91306853,82.44130707,50.73901367
0.99400485,53.69202805,35.1386795
0.92152053,77.54087067,47.53083038
1.46446311,-69.66970825,27.65752792
1.5212245,-64.71214294,26.79502487
1.17319191,-70.14474487,24.71118355
0.95799965,72.90180206,45.36727905
1.77364469,43.27074814,34.8964386
0.99339658,67.42325592,43.77582169
0.99054354,49.68659592,35.41466141
1.0480876,-66.35960388,28.35408783
1.02891469,60.54906082,43.06489944
1.77667439,9.90576458,24.24672508
1.64925206,44.26080704,35.46461487
3.06360102,1.97008574,25.90140533
1.61810708,-72.91259766,23.35137939
1.32513762,33.68203354,24.12483025
1.12078953,45.73418808,35.72416687
1.15959358,54.41644287,43.34229279
1.6823957,12.63986778,24.41162872
1.50199139,119.24472809,56.44134521
1.1241709,9.07184315,24.54476166
1.72859883,-65.03475952,27.44269753
1.18618119,51.62428284,43.84819031
1.4009279,-68.54338074,26.23684883
3.76996064,-66.07843781,44.80643463
2.13044214,-14.42339325,16.57029915
1.14176047,-71.35813141,24.43234634
1.41319382,28.30838585,21.67833328
1.46232486,-69.07639313,25.46382141
1.62269783,-72.7749939,21.26893044
2.33646774,-75.51055145,31.58942032
1.92132604,-29.48428535,53.26092148
1.1069957,-64.35671997,21.67320251
1.78989542,-68.58378601,25.55883408
1.58044171,40.18107986,30.91622353
1.375664,111.16667175,51.31315231
1.8018918,-48.42144394,44.49705124
1.43979502,97.77732849,49.69923782
1.91153967,-75.8754425,30.32660294
1.71908414,119.68722534,53.67232895
2.09232926,-74.12553406,22.30479431
1.48676753,92.99152374,48.58057785
1.82700288,25.53752899,21.26797676
2.97763538,-20.51861382,15.2083807
2.32360172,-68.94213104,21.71566391
1.53810811,87.78879547,46.50494003
1.65964925,30.22519493,22.19345856
2.06606293,-55.79017639,44.36772919
1.56964588,112.48887634,56.44216537
1.5594523,85.05321503,44.9973259
1.55926275,-66.69100952,27.43715858
2.49710608,-45.14283371,21.25695419
2.92436957,-39.30577087,19.09597015
3.4813683,-70.81856537,41.8445282
3.72306561,-70.42176056,42.34984589
1.64124787,80.8493576,42.07329178
1.65181017,95.81903839,54.74344635
1.75427926,-68.05949402,27.34786415
1.82228732,46.32479858,45.71620178
2.22152615,-76.82741547,26.45191193
1.67005706,-66.44536591,27.9804287
1.63072419,17.64869308,22.67914391
2.19382143,-45.41978073,44.95586777
3.26456785,-69.24873352,43.329216
3.62756324,-24.72038651,14.85196972
2.79355192,-72.58408356,23.14461899
1.70863724,75.04603577,39.23384476
1.73196638,89.75844574,53.27923584
3.31568623,-59.7213707,45.19753265
3.09855533,-74.04141998,38.01311111
3.36786699,-34.62106323,16.6142025
1.82398903,53.51951218,35.33367538
2.38505387,-76.96359253,24.48790359
2.46621752,26.68214989,60.11943817
1.8097924,67.2980423,36.82397079
1.90945518,-70.72229004,24.49351311
2.83684611,-75.79618073,34.73661804
2.51108575,29.23996735,58.76417923
1.78358018,61.07434464,35.76786804
1.81182539,82.79766083,50.31284714
2.54178548,31.68066216,57.27560806
2.57011151,40.73871613,49.88485336
1.91938365,118.26206207,52.94630432
2.71774077,-72.77047729,22.77356911
1.82880092,77.69553375,46.95664978
1.84880996,15.31709957,22.94199944
3.10556412,9.32222748,24.97155952
2.21936154,13.30109501,23.22671509
1.92067742,119.83061218,55.04982758
3.17728591,-39.10391617,47.5871315
1.87886524,71.7607193,44.3831749
2.47179508,-67.758255,24.72402573
2.13250399,-70.74861145,26.58742332
2.44831991,50.90246582,35.68786621
2.13296843,-56.23287964,21.79735184
2.04229927,31.80101395,22.92351341
1.95861697,66.57050323,43.08116913
2.13313746,117.93639374,56.05688095
2.04744124,59.80325317,42.44958496
2.73706675,-71.2102356,24.7749958
3.24806309,-75.88056946,33.55991364
2.1218214,46.42402267,36.06831741
3.03030324,-49.8738327,43.73424911
3.29459929,-69.19317627,22.3089962
2.25986791,28.24956894,21.47892761
2.12250996,111.37645721,51.83838272
2.04057431,21.90340042,25.17664337
2.92047763,-76.0034256,23.33805466
2.37298489,34.00724792,24.4541626
2.40381813,118.52723694,53.60660172
2.12039137,27.34744072,25.17003059
2.48524427,-75.65393829,28.9074688
3.13380599,-53.20209503,43.67407227
2.10864663,23.68443108,25.39517784
2.40814853,-72.17431641,24.90017319
2.21529055,97.36846161,50.16468048
4.67948341,1.18526518,25.33566284
2.23640919,-75.3914566,22.51006317
3.04420662,-59.48521423,22.01698303
3.21634316,4.54175711,25.80910492
2.29420733,52.83267212,42.90168381
2.53784299,118.47119141,55.24043274
3.80600357,-3.54472733,23.20616341
2.29585457,-64.11116791,22.03900719
2.36273813,7.21231985,24.88903618
2.29656124,92.21917725,48.88100815
4.66491795,-62.7624855,45.2429657
4.54452848,-2.84526801,24.38584328
2.31635284,112.38620758,55.65498352
2.64707828,-74.64312744,30.30075073
4.21143389,-1.61290693,24.95815277
2.83447337,-18.81074142,59.54358673
2.63515997,118.52223969,54.3789711
2.29694009,18.65250015,23.96190071
2.14295936,55.31863022,35.6134491
2.37998343,85.75508881,46.13371277
2.7289691,-48.71520615,22.09476662
2.58850741,-69.5185318,25.77373123
2.45731878,49.53556824,43.99636841
2.4364202,95.92662048,53.91245651
2.51826358,29.31064034,25.11731529
2.90128684,44.75624466,45.93885422
3.73756647,-67.62549591,44.25902176
3.13281989,7.15454054,64.71935272
3.16973495,11.59270954,64.28250885
3.05841208,-70.2276001,26.42269897
2.5729754,38.93528748,29.32531738
3.11691713,2.88350272,64.7937088
2.52441359,79.96929169,42.22062683
3.14568162,-16.05573273,60.62099457
2.78321457,-15.7671566,16.14405251
4.82362556,-65.08985901,44.96336365
3.14629865,-1.16630459,64.46585846
3.24692273,15.94137669,63.53610611
2.54742384,89.94207001,52.3860321
3.21877718,-5.05995989,63.69967651
3.20945787,-8.67483807,62.8915062
3.21411014,-12.46977711,61.85127258
2.88389063,11.13171101,23.67239952
3.2913487,-71.11122894,24.22137833
3.37612963,20.19289207,62.48627472
2.61522555,73.84101868,39.51010513
2.64155579,83.45523834,49.66667175
2.66336393,67.09896851,37.43912888
2.72439194,111.69944,52.61833191
2.67787838,-67.94613647,25.06597328
3.03764534,-74.20620728,31.08096504
3.42505765,43.25644302,46.83444977
2.8506546,36.95131302,27.77482986
2.65806866,16.4250679,23.19027328
2.69920993,29.99629974,22.01000023
2.70493245,77.87709045,46.0035553
2.72088695,61.10056686,36.53684616
3.55626321,23.81385994,61.19215775
3.34254575,-70.74630737,22.61709023
2.77274013,71.85111237,43.4190979
2.84397292,112.47200775,54.68006134
2.77258182,21.49259377,24.35075951
3.42433333,-73.01053619,22.63057327
2.91687083,46.53456879,36.55455017
3.71903181,-51.97011566,43.23978424
2.94754767,23.69393539,24.9898777
2.8505609,96.722435,50.8467865
2.93313479,56.67388916,36.44000244
3.7601521,-9.25699425,18.79348564
2.87740254,66.16163635,42.03211212
3.14436865,31.1499958,22.55989647
3.51890349,-23.99077225,56.34425735
3.19557953,51.85634995,36.18963242
4.74503279,-7.4551363,19.85255623
2.80183005,-14.04387665,16.55082893
4.43421936,40.94853592,31.74856186
2.98691034,112.09919739,53.60694504
3.0223372,-74.00428772,30.7108326
3.33406711,44.91571426,36.61940002
3.70898199,-20.54162407,58.3242836
3.09198928,-73.19445038,31.05799294
3.62475848,-76.12873077,25.23470116
3.55555391,-53.53566742,22.69715881
2.96009922,90.87566376,49.2557106
2.99616933,96.20779419,52.87630463
2.98120046,59.65324783,41.47392654
3.45851612,24.75368309,24.77120018
3.47673249,43.87404251,36.01865005
3.70431066,-70.71173096,25.46298027
2.73594689,42.54989243,47.93867111
3.79419327,-71.34382629,25.20464516
3.05785036,-73.01534271,32.18550873
3.04802465,85.00509644,46.63296127
3.861727,-55.60694885,43.94949341
3.11624694,90.28246307,51.33974075
3.91687989,36.78414536,53.13832474
3.80225325,34.04158401,55.34986496
3.22344279,31.46963501,25.42388153
3.67086554,-32.61429214,50.55091476
3.31510019,52.69844055,41.88523102
3.1381743,96.6268692,51.82820129
3.41195083,-74.47666931,32.06335068
4.59867907,-5.86991453,21.09601593
3.22657657,84.49920654,48.87746811
3.18147111,-21.81572723,15.09031296
4.30892658,-46.28054428,44.05716705
3.29001236,-72.95046997,32.73554611
3.21626472,79.43034363,42.97541046
4.2459445,-74.43820953,36.9842453
3.82191205,-41.15089035,20.26811981
4.05779266,3.62194395,26.10478973
3.72462487,-16.11464119,16.81578255
4.43014956,-66.26503754,22.97674179
3.26526952,90.49045563,50.21517944
4.10027313,-74.59848022,28.67150116
3.19218493,14.14676666,22.82889366
4.03278971,-75.62197113,24.34342194
4.15308714,-74.18373108,30.00719452
3.32758021,78.46363831,45.0211525
3.27250242,6.05625963,25.27038002
3.31306577,73.57395172,40.37243271
3.36581397,84.68799591,47.66672516
4.67851496,40.04880524,30.53477859
3.88574362,-74.2261734,23.03413582
3.3563385,66.94256592,38.38872147
3.51558089,-11.99235153,18.19175911
3.56276751,-10.80329037,18.41422653
3.39106226,71.84997559,42.20866776
4.35958338,-71.55699921,23.19660568
3.65631795,-71.2050705,24.3406601
3.46047091,60.135952,37.48421478
3.50355005,46.83235168,37.07994843
4.08890152,0.09893252,25.19294357
4.17193556,-75.57333374,34.61045074
3.4871738,79.26083374,44.1255188
3.50861168,-14.87816143,17.11044884
3.73354244,51.67456055,36.83909988
3.54820204,49.43610001,43.00805664
3.49143696,66.70756531,40.93929672
3.70733929,-72.90543365,33.24147034
3.57452774,34.57587051,26.51589203
3.617872,59.0770607,40.21487045
3.58507681,73.38335419,41.50177383
3.50789165,-70.40570068,24.9016304
3.53701067,19.06489182,22.74413681
3.65877223,66.95899963,39.64134979
3.65963125,56.49010086,37.61500549
4.14299774,7.93466425,24.7508831
4.3886652,-44.30521011,44.74810028
4.38040495,-70.68432617,23.8450985
4.34912062,-56.69822311,22.62415886
3.8331027,57.98923111,38.76476669
3.99426699,21.02642441,22.43811417
4.15263224,17.48098183,21.68399239
4.55496502,-27.99575424,53.39156723
5.41512775,37.86767578,28.95695877
4.1095686,-11.37176514,21.65292549
3.74124503,-72.77436829,30.55620193
4.87151337,-59.78333664,22.80333519
4.08823395,25.41382027,24.06377602
3.96665192,26.7824707,24.71455956
4.04505301,-14.18346024,18.45197105
4.34055042,-45.75103378,22.21522522
4.23826981,-49.41491699,22.82309723
3.89334464,12.19714355,22.73941231
4.04468298,52.37590027,40.62654495
4.34800339,45.12504959,44.34553528
4.11805153,51.9018364,37.75837326
4.14975214,-29.80215073,15.08393383
4.66755867,5.43559027,26.01192474
3.99740148,42.81788635,34.87218475
5.68931532,-68.2727356,24.00554276
4.23627377,23.50591087,22.37998009
4.19679308,46.19002533,38.06851959
4.7384553,27.4250946,24.51775742
5.44501019,-59.008564,44.69911575
4.19692993,-8.86564922,19.23413849
4.07209349,32.56625366,25.79013824
4.7688961,26.64562988,59.58917618
4.4551568,-74.5803299,32.7630806
4.31007433,7.28651524,25.68849373
2.58330178,-34.34244156,49.95884705
4.5788579,-7.67387342,21.92602158
4.5636797,-18.14739037,59.07891083
4.40143633,50.8954277,39.26687241
4.24520254,-12.43705273,20.37339973
4.47916985,15.868927,21.27929497
4.87332487,2.68162489,26.42575645
4.60508204,-72.76242828,33.64961243
5.05933857,38.87359619,50.77545929
4.7028017,43.71818161,45.12522125
4.90872478,29.17324638,58.18873978
5.44878054,-73.41777039,26.14769936
4.17385626,4.67468929,25.93856812
5.48653984,35.00794983,27.14486122
4.2568264,-74.67031097,23.70070076
4.50819159,-27.22542572,14.99157047
6.01506901,-61.19146347,23.53219032
4.52122927,-74.50772095,27.69970894
4.29356003,50.18769836,41.26290131
4.90137434,-70.25963593,43.21591568
5.0019021,31.57994843,56.66783524
4.46415091,44.29771805,37.51987839
4.43020773,47.9145813,42.72702408
5.34905481,-55.3148613,43.23986816
5.32717562,-49.37268448,42.63570786
4.85421753,19.24905396,20.31347847
4.65243626,-18.30260086,16.63028717
5.35470915,-40.92957687,46.33280563
4.5729394,25.30983925,22.19720459
4.7634716,24.59998512,20.2336216
4.66760492,45.95058441,39.13342667
5.23744822,-67.65615845,44.5483551
5.15898609,-23.30861473,15.70034313
5.04127169,-70.7742157,41.30279922
4.52709007,-15.23700047,17.94949913
4.7292037,-13.40477276,19.30061913
4.53843975,-72.65255737,30.51130295
5.09326935,-39.00199127,19.66091919
5.00430727,-70.52390289,42.38929749
6.23136282,-73.60653687,30.43507576
4.60057783,-10.19715023,24.44729233
4.66328716,10.79591656,22.67205238
5.04464674,-72.70543671,23.89603806
4.83433056,-32.69174194,16.06383705
4.90064573,14.43132591,20.98603249
4.83187819,47.71626663,41.77404022
4.93568897,-3.92157865,23.08918762
6.22078371,-71.94898987,38.90162659
4.82565784,42.92733765,35.55858231
5.48462772,27.83972168,24.23395157
5.08313131,45.57775497,41.14674377
5.83534384,-74.3806076,35.772789
5.39455891,2.67254019,64.00953674
5.49201632,11.30553532,63.54866028
4.80893993,6.99474001,64.1875
5.1279335,22.7951355,19.43657303
5.90310001,32.72457886,26.14820671
5.32628012,-0.93288761,63.73149872
4.90994596,26.81737518,20.63022995
3.76530004,-75.30934143,32.81177139
4.86548948,-24.49173164,3.19772434
5.00437641,44.76371384,43.15613556
5.43031025,-4.40129662,63.03167343
5.57482433,15.61640739,62.85109329
5.51869869,-7.98486567,62.18341827
5.45727396,-41.48740387,21.19882011
5.35830498,-11.02143764,21.93374252
4.91086006,-11.8380003,61.37770081
5.08410645,-6.93641615,20.88269043
5.43054008,-8.8991003,24.09513283
5.60340738,-70.28225708,24.49509239
5.15566349,44.1648407,38.77545547
5.00221777,-21.76173782,3.16382599
5.0976963,-24.08932686,1.51734138
4.94168472,-72.59249115,30.60399818
6.20515394,-74.59143829,33.87857437
5.54820061,-14.65480804,60.04418182
5.21157932,30.14985657,17.7047596
5.15176487,-16.15407372,17.68257713
5.04148006,-35.04122925,17.27416039
5.69534683,19.79965973,61.84470367
5.24587154,29.09127235,17.64925766
5.7341938,-31.61751366,50.22439194
4.97825432,-22.62722969,4.8940177
5.37654638,27.56669617,22.6646862
6.01100922,-52.22731018,41.97032547
5.4749155,5.72800541,26.56864738
6.27147627,-50.74977493,41.78460312
4.95086479,3.7398932,26.36310196
5.32826185,-22.51580048,1.02806461
5.61170435,-53.4558754,23.70547104
5.34183264,-29.56084251,15.53771877
6.89308882,-61.48695755,44.74084091
5.79971981,-72.41873932,33.43053055
5.5983572,41.70114899,33.40592194
5.61067295,-7.45462704,27.39446068
5.28336191,-24.62412453,4.49031734
5.68698978,-33.46762848,49.31410599
5.48187494,5.98832989,25.76607323
5.90983725,23.23290825,60.60470581
5.70438623,2.21336484,26.68129539
5.25993538,-25.5243988,2.56638551
5.91568375,40.60400009,48.22660446
5.42065096,44.20111084,40.58580399
5.59658194,12.0612793,20.9710598
5.78616571,-38.18776703,47.40736771
5.49347401,-21.98760033,6.03410053
5.58984661,31.64669228,18.92050171
5.44071865,44.14987564,42.168293
5.91286325,-73.49007416,28.34500885
5.39095211,27.87980843,17.81463814
5.6929388,-2.55461311,25.0925293
5.33073473,-72.4718399,30.77261925
5.28556776,8.85060596,23.52501488
5.68925047,-26.01670265,15.68531036
5.90347338,-47.03528595,23.48872566
6.01111174,40.37148666,31.3318634
6.05758619,-19.60655403,57.31689072
5.9554038,-74.01945496,32.9692955
5.70430136,-23.00274658,6.0256958
5.9946599,-49.52699661,23.87056351
5.45915842,-8.41698933,24.18203735
5.60700274,29.09519386,20.99518204
5.75597715,43.44509125,43.39334869
5.60755014,-24.76606941,1.11740839
6.09184647,-63.35660553,44.9881897
5.40717554,31.54901123,17.86500549
5.85142851,14.57857418,19.70292473
5.47931671,-5.586586,25.17033768
5.88188648,-22.20901108,55.94046402
5.81434822,-6.98003817,26.46901703
6.05993032,1.63703299,26.21830559
5.97495794,-14.00969505,19.15404892
5.56232071,-70.29122925,42.10642624
6.63658381,-56.74004745,24.05206108
5.67177105,-19.12093544,5.60763264
5.90269518,-1.37506998,25.66162109
5.78248835,-5.61745644,23.18704987
6.98543167,4.02405691,28.07318687
5.60730886,42.93783569,36.49641037
6.13222122,-45.29934692,23.1513443
6.00617409,-25.99726868,2.45682096
5.94523716,17.16902924,19.05008888
5.83297586,29.46903801,15.69349861
5.55581903,34.44490814,54.35682297
5.95584059,-45.27761078,43.53886795
5.67238712,-9.54014969,22.10559845
6.37635803,-70.75984955,25.55422783
5.66599607,-7.39205217,28.09921646
6.75081062,0.98135793,26.26707649
6.04896259,-19.44814301,6.71890259
6.29966927,-26.89582443,53.11336517
5.71682024,-72.30396271,31.03983498
7.26401186,-73.54167938,32.78948212
5.69952106,-18.50352287,4.40298033
5.78663969,23.51053047,18.57049751
6.15084076,24.52004051,18.17625427
5.6530261,-17.26700211,4.29113626
5.84349823,-25.85652351,3.49033785
5.78651142,9.94469547,22.01224709
6.3762598,-47.59970856,42.27608871
6.18719101,-11.21507263,22.71484947
5.77929354,-10.76663876,21.30039978
6.43156242,-73.19934082,31.12443542
6.30153704,-72.26742554,26.39045906
7.05788803,-42.29406357,45.02861404
5.80235767,-24.32995033,5.24906254
6.23396635,-5.191751,22.50406647
6.21280479,-16.55272293,17.98817635
6.12723589,28.53955841,15.95128059
6.18091059,-14.49715424,9.65281582
7.23927259,-3.20033336,25.56910896
6.21671629,34.00740433,18.4582634
5.85896015,-32.10820007,16.41799927
6.20705175,-6.79821301,25.4828434
6.12460089,-10.92450905,16.62035561
6.37709665,-19.30653381,1.42337489
5.97704458,-16.78071213,3.83456731
6.18740654,-68.16962433,44.92940521
6.06887245,33.66355133,17.32689285
6.56941128,-23.27877617,0.5411709
6.06208754,32.39978027,15.94932747
5.91870403,3.16320252,26.93808937
7.36048365,36.48353958,28.57391167
5.97797871,-34.6709938,17.45916176
6.6698904,-65.692276,45.05352783
6.06008959,28.78680992,22.92489433
6.21805239,-9.86380482,17.66386223
5.99486876,-18.08259583,3.20597625
6.65793419,-70.57743073,43.98044205
6.35402632,30.44743538,13.56164455
6.44355106,-16.59291267,9.62469196
6.09594727,-12.04719162,15.68240356
6.51073074,30.521101,21.90541267
6.16435003,-69.81345367,43.02602386
5.96257496,-9.01842117,23.83152962
6.83333588,-20.61358643,17.29559898
6.02505732,21.73045731,4.38857555
6.22870779,-8.31249237,21.55202293
6.1164031,22.24315262,6.7328949
6.15206385,28.27499199,13.29116535
6.18544817,-4.61107922,26.34941483
6.07631588,-11.60863686,21.83755493
6.80547094,-70.50106812,45.03944778
6.19735718,22.53147316,4.07946873
6.91671705,-73.32972717,32.54815674
7.13226557,40.71811676,46.41687775
6.20359707,-12.7184906,16.65238953
6.30938053,27.96490097,16.87748909
6.71237421,25.49448013,17.83117867
6.06159925,19.16531944,3.56928635
5.91850615,7.83387709,23.85284615
6.3114953,19.05630875,0.61617845
6.34863663,16.76982498,1.26887119
6.47235727,-13.00345039,9.62407207
5.63034105,28.6878376,24.73092842
6.78785992,-10.92070961,60.63422394
6.27367353,-72.1100769,32.99748611
6.3341527,17.9452095,4.4588151
6.39330196,16.68258286,3.10871577
6.3465786,-6.1003089,21.56866074
6.31824017,20.70998955,2.09729838
6.36130238,-19.36588669,7.20988274
6.83328295,28.87411118,24.19346428
6.30407,-71.95328522,32.10874557
6.3295126,24.91161537,9.57822227
6.38172626,-15.07141972,11.12745571
6.94020653,-3.49236703,29.59929657
6.36316156,-39.74854279,20.84084511
6.36657953,43.16525269,40.1575737
6.44388628,19.92734528,6.10458565
6.41300821,-26.00416946,3.70375419
6.36039591,-69.66255951,41.82164764
6.52214336,-14.22299957,7.50386715
7.17858982,-58.6006279,43.97473907
6.27970982,6.13632011,63.57830048
6.32767344,27.74126816,14.90925312
6.92518759,-19.42807007,0.95911384
6.31705523,-12.79664993,11.07739925
6.59179497,17.69477654,0.23377179
6.3530302,-28.06380081,16.15169907
7.07615662,-16.61968231,58.09646606
6.45929527,25.73570633,8.58368015
6.59254932,-68.47293091,42.84178925
6.71489859,33.89267731,15.50302124
6.84413052,-8.89108467,17.06793594
6.61416435,28.09290314,10.51444721
6.80061245,42.34621048,36.97053909
6.65899849,-15.9997282,4.12785244
6.77729654,29.46035576,23.53410912
6.6207428,23.56756783,4.05659914
7.233603,-40.46491241,45.91252136
6.97530031,-64.3549881,24.47681808
7.77549314,-67.56491089,25.91701508
6.88440657,-25.63260078,1.93314409
6.5409565,-12.33631897,22.35849953
6.55626249,-13.70878124,16.27913475
7.15459919,34.81505966,20.39496994
6.77330494,-23.75396156,16.67079926
6.79460621,-11.13454056,12.64203835
6.8984127,-53.99205017,24.62545776
6.67269325,37.98941422,50.49629974
6.91396189,-4.82879639,27.14662933
7.23225164,25.51763535,58.92580414
6.96804953,26.50289536,7.53991795
7.28587914,9.46196842,20.880373
7.35571909,-21.43201828,0.70152843
6.99297905,17.02595901,4.97596788
7.43600941,-10.72130013,22.20705795
7.13765669,-25.54290962,6.05465078
7.40445566,-41.27577591,22.57584763
7.16716671,-52.58419037,41.2048912
6.77740669,-4.56233931,25.42017365
7.01345015,-16.93259811,3.11477327
6.83600521,-22.65186501,6.72295713
6.76811838,26.43688011,13.86558819
6.69985533,16.8364048,18.54397583
6.67976999,-4.54505014,28.59569931
6.97772694,11.88263893,19.64909554
6.65255165,23.67136955,10.01415157
7.15745497,-67.80429077,44.10192871
6.73796892,29.31700706,57.19867706
6.90963364,14.02322006,18.93296242
7.10078526,-27.19248009,3.21953583
6.88260651,41.23075485,33.77467728
9.09066486,-71.45245361,46.89250565
7.34825277,-4.39611959,24.40834999
7.10457277,-6.8588047,21.56897163
7.95944834,2.9974184,29.29263687
7.5074892,-55.29319,41.87047958
7.0320611,-26.85359764,4.44728088
6.73581982,-29.91900063,16.65449905
6.73719215,33.9600029,54.01730728
7.189466,-3.76370883,28.05321312
7.11522341,30.30539703,11.33488083
7.35756731,-10.37125397,23.39377594
7.04839945,-0.84846359,62.85258865
7.30470419,2.7444284,27.70798683
8.08708382,-21.39373589,7.70184278
6.93466091,16.43807793,4.02012539
7.36977673,-26.8259697,1.71213615
7.73329496,-58.60511017,24.98750877
7.06528902,-9.60366726,23.27401352
7.3204937,-13.71768761,6.85526133
7.38284779,15.41086006,1.2071197
7.20494747,-68.1714859,41.75791931
7.28268576,-66.54676056,41.77303314
7.22210407,20.38271713,7.74472189
7.68683195,-23.9731636,0.86916506
7.89881992,38.45346832,30.36759758
8.17681217,-72.35391235,30.00637245
8.13067436,-64.56023407,25.52885437
7.25064468,16.88182259,0.01120929
7.22409296,-37.19665527,19.74177361
7.67880344,26.99331665,16.81753731
6.97975874,35.46040726,17.26981735
7.58721495,-46.42554855,41.54656219
7.18629646,-66.94311523,42.48276901
7.47556925,27.55114174,16.38726997
6.91905165,-32.62066269,17.45849991
7.44835329,21.47457886,1.14475191
7.1543088,7.07883787,23.39955711
7.62247896,-30.86931419,49.39868927
7.32004786,27.39331245,15.30278969
7.39155245,29.03544807,25.10595703
7.52680779,5.31397772,25.66130066
7.24200153,-16.58928299,11.26085281
7.00918198,-48.29108047,24.67233658
8.57401562,2.34239101,28.34906769
6.93747568,-73.62775421,35.54627609
7.03508663,-15.36580658,13.07577515
7.28337431,-6.83676529,61.45606613
7.1979723,23.21257401,10.33878231
7.76020718,2.63048482,62.73169708
7.41599751,-15.21657085,4.6550436
7.56245184,-20.03450584,7.8499465
7.79436588,-47.36435699,25.3796196
7.1338954,-13.11745548,21.51709557
7.06653929,-3.42644453,28.64234161
7.57680893,22.3709259,17.7878685
7.09020996,4.28302002,27.0760994
7.35156441,-25.35046387,16.98214912
7.3891511,15.72844219,3.09215832
7.7137661,36.90840912,19.04844284
7.58174562,-44.89256668,24.46856308
7.61977434,42.07961273,39.7768364
7.28369379,-12.69720554,22.30336952
7.5915966,-67.6233139,45.78078842
7.56337214,-5.47663641,23.35305214
7.89808178,-32.81348801,48.25645828
7.23723698,-68.58924103,44.60121536
7.59991121,15.86909389,18.31428146
8.11009502,-1.50946081,27.19930458
6.96802568,21.87010002,1.79155159
7.49215889,39.98031998,31.74250984
7.31130171,31.15393448,22.66709328
7.81265497,-12.20387745,22.93873787
7.75671101,-44.54524994,42.47725296
7.7718029,-54.15143585,25.47910881
7.57288456,24.84378433,4.08763742
7.30499315,-11.90977192,9.61993504
7.8429265,-23.7164402,7.34879732
7.49292469,34.65374756,14.73865509
7.66559696,18.83894157,-0.09214342
7.70177746,-17.08594704,2.47649813
8.4995594,1.924263,27.72774887
7.6818409,41.94775009,38.25786209
7.82652187,27.50823784,7.09596968
7.71785879,-4.42559242,24.83525467
8.01284599,-18.3728199,10.27303791
7.80327988,31.98306274,11.82967091
7.88661528,-70.95909882,38.47941208
8.02049541,-6.42829609,19.72537422
9.39882946,-70.43884277,47.61186981
8.26523399,-71.14321136,28.16490173
7.52709532,-64.70350647,41.18104935
7.96645641,23.9801445,11.48370743
8.38590813,25.51054001,17.19973946
7.95551968,-25.57763481,0.70654041
8.28848267,-11.89226913,21.3756237
8.10258198,-13.21667862,58.79808807
7.97720671,-63.19466019,44.81163788
8.16002655,-5.30078173,24.34657669
8.44907951,25.89962769,14.06783676
8.67885208,-60.06567001,43.86034775
8.23240376,28.88156319,25.08444786
7.93167114,-27.09877396,17.49020958
7.83580399,-64.41777039,40.07182693
7.84390879,-1.93027997,29.70727921
8.26386929,-17.12394714,56.79363632
8.12406635,23.60987282,17.39095497
7.82293701,36.26306534,16.77087593
8.21556091,-20.98759842,54.57519531
8.08254623,-25.67940903,52.28969955
7.60592985,10.73289967,62.52009964
8.37626934,23.61175919,2.51267362
7.6143198,14.99849987,61.9192009
7.90540457,-16.06651115,13.32877254
7.74656439,35.65563965,51.68926239
7.66849995,19.05150032,61.00790024
8.03866196,-17.08778,11.72548294
8.10015202,-24.79188538,7.00632
7.81195211,15.81300259,0.67866331
8.5658865,-71.06403351,37.06685638
9.20976734,31.16585159,26.50463676
7.71304989,6.5571599,62.77199936
8.0381422,-13.86457443,21.16775703
8.57450867,-15.134655,20.00878525
8.01729107,-49.09724045,25.81958389
8.40063477,22.20766449,59.52720642
8.1018219,-27.31761742,2.29572225
9.21239567,-58.59231949,42.86336517
8.41722775,-27.27523994,4.75937939
8.46197987,41.03725815,42.23388672
7.96571016,-27.61384201,3.41330218
7.80062008,-30.25589943,17.73590088
7.81951427,31.36445618,55.05962753
8.56951523,-20.03778839,18.80650902
8.27809048,18.51986313,17.87528801
8.22872257,30.01700211,24.33101463
7.83546019,27.77099991,57.29629898
8.00191593,40.7608223,34.16993713
8.31830025,-35.47324753,19.94510841
8.40852165,-20.35699844,8.11145401
8.19348621,31.18825531,23.44302177
8.47744942,-69.66064453,39.40924835
8.90666199,2.75684667,28.99691772
8.82324028,-65.11470795,42.22409821
8.10271358,-26.15805817,6.06523752
8.14274597,-48.71480942,40.34175491
8.89340878,18.27766609,0.00472597
8.03387451,-2.91710711,31.10700798
8.34256935,37.33995056,19.74940872
8.32242489,-66.79187775,40.26181793
8.12174797,36.01110458,20.94311142
8.58293343,-1.30356193,28.0301342
8.43315697,-4.34378576,22.73452187
8.27138519,13.1997776,18.78144646
8.00275993,-4.09341002,27.32040024
8.24774837,17.40480804,5.70615721
8.1807909,15.2660675,2.08058453
9.2287569,-65.79905701,43.31172943
9.05160236,26.90318108,15.11489773
8.39258862,-52.9692955,40.15158081
8.46143627,-1.91531229,26.74884415
8.3156662,11.12491417,19.59704781
8.65972233,-41.83190536,43.95157242
7.61850691,-36.96484375,47.13910294
8.27752113,-32.99977112,18.91164589
8.3556509,35.18880463,14.49336052
8.19515705,-64.37020111,39.01473236
8.30508709,9.25336266,20.70775795
8.74523544,-65.27813721,45.47548294
8.50919437,-10.18471432,23.0970993
8.56243515,-40.29615021,45.06953049
8.72014713,-21.85481071,0.73593217
8.16865921,7.38724995,22.33224678
8.61177826,-42.1060524,24.41323662
7.7010088,34.28774261,27.33598137
8.25376892,-11.32648945,9.3437891
8.49225616,16.22029114,0.49056286
8.91566372,4.41956139,26.29161644
9.05346012,20.05476952,0.46013457
8.47371292,-20.57650185,0.64313757
8.38449097,-38.12940979,21.46590996
8.25329971,-1.94700003,30.6439991
8.85152912,-7.21299696,60.17878723
8.67563057,-2.8934114,27.07236099
8.66290188,-64.01972961,41.03383636
8.721385,-11.50993156,23.26879311
8.45230007,28.32004929,7.32637405
9.23109341,-26.6812191,1.87913871
9.11942863,-62.86261368,38.52687073
8.33345032,-72.66808319,33.87546158
8.74832058,-17.2581768,1.89935338
8.81696415,-55.774189,40.97121429
9.0961237,-62.01802444,26.64605331
8.77571106,-23.26720619,18.55015182
8.95678711,15.02169228,4.25595427
8.95034695,-54.06491852,27.00906181
8.7824192,31.17680931,10.09661198
8.31524181,40.40768814,44.66449738
8.65999031,39.69260788,32.36022186
7.74578285,38.76774979,48.38185883
8.99695015,21.36755943,0.80423272
9.60080433,-10.4752779,22.45570564
8.84140682,29.03425789,24.90270996
9.01184082,25.64363289,4.10578394
8.43837833,36.79117203,17.40669823
9.47053909,-12.90596008,6.16097832
8.88846493,-45.48743057,40.38794708
9.16364861,-0.64983147,61.37527466
8.9355917,19.11280251,7.45239449
9.04780293,-10.12635899,59.11590958
8.83307743,-44.21768951,41.35739136
8.65681267,-44.73538971,25.86736488
9.35598183,-24.5567131,0.89460462
9.55520439,20.34375572,8.02803802
8.76846409,36.64235687,49.28513718
9.52527332,21.85885048,9.28591442
8.6485405,35.00242615,21.95832253
9.03391933,14.41845798,1.24635172
8.55405998,-28.53009987,18.2541008
8.66872406,-2.54789305,24.83231163
8.97342491,14.36050415,2.52279973
9.08419704,15.2100668,0.05466157
8.89513874,15.39631557,18.22413445
8.92910671,27.47415352,16.33781052
8.66630554,32.93011475,52.91804886
8.83060551,-63.53091431,39.96309662
9.22299862,-19.44223404,1.09681785
9.40545273,23.57992935,2.36413574
9.25691032,-26.04462814,5.80816555
9.04820919,-3.01642442,31.887743
9.23436165,-23.6780777,7.2216692
9.60872555,2.97430396,31.11545563
9.20811367,-29.83943939,48.39719391
8.46408081,-7.68883991,16.03676224
9.28613377,-0.43172777,28.91142654
8.86067867,-0.86793095,31.14413452
9.47669315,-16.81261253,20.29951859
9.14821053,-20.08187675,8.56327534
9.65033245,-70.54379272,30.58615303
10.71932411,-71.64025116,48.51742554
9.15909386,-4.51486588,27.94405174
9.25690937,-49.01059723,39.00024796
8.99702644,-69.00773621,27.86117172
9.08635521,-66.33408356,39.60024261
9.04283428,-30.43050003,19.05277824
9.06889248,16.06033134,5.51431036
8.84341812,28.3275032,56.04028702
9.48176098,-70.56268311,35.16742325
9.33218575,-35.43056107,46.36799622
9.95918083,3.15650463,30.00600433
9.76381874,35.84646225,29.35432053
10.01700401,-67.46967316,45.31040955
9.72283077,28.64727592,25.74030876
9.41543674,-53.97312164,39.23138428
9.09333706,-49.24866867,27.5655117
9.28195572,-46.72907639,39.19020081
9.06953621,7.03024006,22.68165398
8.8986969,-16.39403152,13.57882881
9.13276005,36.73917389,17.53700256
9.24437809,-27.09247971,4.56273508
9.3049202,-27.42338753,3.91869473
9.35325146,24.40568733,57.73529816
9.16771698,40.26413345,35.20279312
9.25590897,22.82546806,17.37462807
9.87190437,-57.6169281,41.54270935
9.8067379,-64.1049118,38.43178558
9.38807678,-18.24258041,11.1778059
8.94853973,18.41020012,60.29240036
9.13124752,37.33935165,20.46162605
8.95833969,14.44989967,61.1147995
9.83290577,-62.68849945,44.47078323
8.96784973,10.26340008,61.64630127
9.67260933,-31.83472061,47.00932312
9.594697,-45.40478897,27.74512291
9.21956444,35.25492477,14.6680603
9.46309757,36.69011307,21.49177742
9.45764732,16.67052269,-0.65490133
9.49577332,-5.9134388,25.79247856
9.03221989,6.33113003,61.88000107
9.77863598,-65.43096161,39.11940765
9.7010498,-58.24141312,27.85910606
9.52945232,-65.12273407,27.4791317
9.34362793,40.55683899,39.22099304
9.80445004,-0.7286877,29.14948654
9.54071903,-14.49516106,20.65168762
9.20249844,-2.37355256,23.89083862
9.42946529,-42.50188446,25.91658211
9.59733391,-4.01774597,21.17949486
9.4397974,-38.07101822,22.81190872
9.45267296,34.14346695,22.67378807
9.59249115,18.15919495,17.94147873
9.38492298,-62.77388763,39.14706421
10.03565216,25.42583275,3.68781948
9.3017683,-26.91221619,19.0371685
9.35805798,31.35216331,23.73544884
9.60118866,3.32966137,28.43233109
9.20374012,2.6796701,61.69900131
10.0051012,23.5092926,10.88313675
9.77098179,29.57437897,24.98453903
9.78830242,4.52858877,26.06373596
9.91256237,-53.411026,38.35589218
9.30195332,-0.90489733,26.60659981
10.35574341,-68.51069641,29.93491936
10.78538227,-10.97813988,21.97421455
9.88216972,-2.14262748,28.86922455
10.96077824,-68.69940186,32.45988083
10.02393055,37.61018372,31.18915939
9.47414303,-3.62886834,31.01429749
9.59557056,30.27177048,8.88981056
10.36319447,-10.87257767,23.3597641
10.00771523,25.59809494,17.35642433
9.69668484,-19.88886642,53.49495316
9.22448921,-13.97988701,20.74243927
9.8907299,15.95037365,5.80118513
9.93877125,38.14051437,45.02326202
9.86423397,2.29504204,29.4875145
9.85854721,-41.36047363,42.55131531
10.47172832,18.42675972,-0.04057133
10.06987476,13.05780697,18.97728539
10.18850803,-64.02372742,41.06676865
9.56633091,-14.36922646,56.81097031
9.70919514,-14.33266163,4.5244751
9.99660873,-26.18806648,6.01217318
9.92984867,19.05408478,7.51560497
9.96679974,15.07964897,-0.03910011
9.13827515,-68.30361938,39.39752579
9.81091785,-60.54973221,27.84252739
9.75632572,-31.59168625,20.225214
9.859869,33.31098175,50.66414261
9.56254864,-39.45233917,44.4612236
10.27504158,10.82122517,19.96665764
9.79446697,39.23585129,33.14561844
9.89130974,-27.43214798,2.5994153
10.03825951,-0.01223677,29.77621269
10.31800365,-17.15625763,21.09082413
9.92669868,39.25648499,42.726017
9.89303875,-10.20136166,9.83586788
10.32056141,33.14703751,28.02552795
9.61070538,-16.4894371,13.47077656
10.21884441,-20.46995926,8.02355099
9.72321224,-22.42986107,19.79523468
10.36941433,8.84231567,21.23635292
10.29059505,-10.21100712,23.11660576
9.91871166,30.27734375,53.13428497
10.02840996,-0.57546121,32.42431259
10.42401505,-21.3722496,0.89439172
10.13105011,-24.12308311,7.1449337
9.949893,-40.38726044,25.27951241
10.1281271,-68.47418976,37.63513184
10.45888805,-33.25365067,21.77469635
10.10413837,21.93264771,1.16846335
9.96711254,14.11835098,1.31697547
9.79598427,27.41932106,55.39945221
10.42088318,14.1185894,2.69526935
10.21336746,-27.20384407,4.84943867
10.46953297,-41.95772552,40.28285217
9.79745388,-1.82483709,23.94062614
10.05241203,32.25399017,11.63738155
10.29850483,-3.85585189,28.24746323
9.94728184,-6.55990982,59.34116364
10.54000664,-1.40430665,33.62857819
10.44380856,-19.29339409,1.35707676
9.96590424,-55.82567215,39.59587479
9.8528223,-50.37360764,29.14517784
10.04179764,30.19882011,24.33310127
10.36933327,-25.94106674,0.85235608
10.01461887,14.72620201,4.28292084
10.00191116,35.67616272,16.87686539
10.51538563,-29.87547874,20.88448334
10.01160812,36.34145737,19.06369209
10.52103806,-66.80963135,37.67460251
10.84350491,27.7532959,15.58024979
10.23746777,26.3573494,14.34512138
10.02129936,27.58958054,16.82401276
10.66354084,28.62694168,25.39174843
10.77536964,28.03001976,25.81775093
10.87811089,-21.25726128,7.53139019
10.69921398,-69.99979401,48.3719101
10.18897438,34.4601593,14.83015728
10.38945866,35.8603096,20.64816475
10.6115675,-60.77064896,43.27725983
10.48080635,-13.78943825,21.63455391
9.91485691,-45.610569,38.3263092
9.97196007,-0.75010401,25.98730087
9.83279705,-7.18691015,14.98195553
10.39147472,21.00187874,58.13956833
10.0940218,-45.56469345,29.04341888
11.25637817,-68.42155457,47.87591171
10.19475269,39.65060806,36.69514084
10.14950657,-49.23190689,37.43349838
10.24177551,-3.16805983,33.89886475
10.75706482,-18.67559624,10.545084
10.50732327,-43.68076324,29.31554604
10.13458347,35.16277313,22.28796387
9.69446373,-24.73894882,50.84743118
10.5714798,-64.27503204,28.93597031
10.84507847,-12.33465099,23.04930115
10.08049965,17.77569962,59.44839859
10.09309959,-0.186318,27.73819923
11.87213326,-65.76333618,43.94992828
10.88712406,-11.78281116,21.65623283
10.21092224,-14.22441959,20.98587799
10.63728523,-39.19626236,42.92802429
10.16069984,9.76276016,60.62369919
10.16469955,13.90789986,60.13970184
10.5833683,-28.10007858,47.26675415
10.18519974,5.99736023,60.85020065
10.96061134,-57.60653305,30.84760094
11.0524044,-70.89984131,48.40319824
11.69803715,23.54719162,2.24297404
10.38477802,-27.5443306,3.29514003
10.56729794,-42.44738388,39.19281006
10.58320713,33.08476257,22.93631554
10.78332233,-63.75845718,39.58766937
10.68309307,-64.8105011,38.23299026
10.56494141,-13.940238,55.6769371
11.15016079,-27.28520775,21.69228935
10.72714901,31.39149857,23.45051003
10.30080032,2.52061009,60.65719986
10.3670435,-16.42496109,13.33403492
10.89552116,-65.6966629,37.61688614
10.77489948,-29.97729492,46.16213608
10.49105453,-49.2052269,30.74552727
10.46922779,-51.72579575,30.59691811
10.81090069,0.00529464,30.58285522
10.5387373,-6.97728682,26.41632652
10.3961668,3.5768795,27.7792511
10.76072884,-14.52454948,4.31859446
10.6321907,39.13054657,40.16347122
10.71736813,-65.09024048,45.72922516
11.2458334,27.99071693,26.36816597
10.41852665,-47.68081665,36.60219193
10.79463863,-9.57304859,57.33241272
10.72281742,3.61554098,33.09893036
10.84192848,-3.93221617,34.04673004
10.52963638,-45.22826767,36.42457199
10.68567657,-6.25034475,28.77814674
10.51303959,-14.29749203,20.66784477
10.78995991,17.50319481,-0.22257626
10.81788826,-24.52260208,6.77302027
11.47741032,-66.34664917,44.70457077
11.14951038,34.99768448,46.42501068
11.01749706,-68.31160736,34.65348434
11.5956707,-11.34084892,23.39216995
11.11826992,26.8997364,5.51077557
11.02202511,21.40699196,0.93072051
10.83207035,-16.47890663,2.81259894
11.07007313,-6.32787275,27.86289787
10.58989429,-55.23058701,38.07890701
10.5247364,-45.38848877,30.55571938
10.62365818,-1.92986321,59.71234131
11.79830837,-69.38412476,47.49752426
11.11522579,15.07838917,4.00134373
11.00461578,16.82740593,5.93233919
11.03351212,7.33149195,22.79685974
11.17229748,-62.30920029,30.1317749
10.73283195,-41.04327774,28.13808441
10.5971489,-1.64365625,23.83977318
10.8477459,-54.25774002,36.57245255
10.66569614,-43.68044662,37.0186348
11.01925373,0.31952602,31.81609917
10.75632763,15.50300121,18.56176567
11.98890781,-18.76164436,1.69870198
10.9635458,15.64747334,0.14659119
10.6454916,-38.35756683,25.38871574
10.91562271,27.61591148,17.26980019
10.78237438,38.59912872,34.20968246
10.59787464,2.97626948,29.63228035
11.43270683,-34.45620346,23.93690491
10.91473675,32.18795013,13.01529503
10.92638493,-7.09490824,14.56556416
11.394804,-27.11072922,3.67412734
11.31356525,5.28038073,25.51410103
10.70685387,-23.30511665,49.99870682
10.78074646,-45.50729752,32.20847702
11.18387985,2.28642726,31.85718346
10.91245174,-12.97098923,5.91381788
11.11772346,4.24031353,32.9334259
10.7924118,2.65998602,31.61479187
11.18287563,-10.04748058,9.69169807
9.88677311,2.21812892,30.34812355
11.13057041,22.6360817,56.38074112
10.90098381,-51.49537659,35.31349945
11.31318474,-26.40995979,1.90920031
11.11818218,-33.40542603,44.98106766
10.80230045,-0.48622301,26.38479996
10.82176113,-45.5386734,34.13210678
10.98555279,-19.39333916,21.74416542
11.04783821,-20.75036812,0.8777644
10.82925987,24.76960182,17.91056442
11.03122807,35.01248169,29.96757317
11.30242252,-26.29210663,5.3403573
11.34620285,-5.97180128,32.34548187
11.17699146,14.59044552,1.41930759
10.9958849,-52.41464615,32.71055222
12.91380882,-65.57593536,42.30150223
11.83243942,33.3820343,18.07736588
11.19362736,14.4952631,2.57238913
11.19211864,-2.8638339,30.79970932
11.04427528,-42.57231903,35.27363586
11.01712608,-42.75365067,32.83022308
10.92469978,-0.021122,28.31299973
11.21498108,-57.81221008,39.92513657
11.21528912,29.05709648,24.31342125
11.41641808,28.65599251,16.06837273
11.31495953,13.32909393,19.29745674
11.50869751,37.64919662,41.63465881
11.39695168,28.7874012,16.93491554
11.42503262,-6.44419098,57.63079453
12.36315536,24.49422264,3.57484698
11.12113857,-41.38277054,38.29955292
11.33574486,17.3881321,58.10188293
11.29659748,-41.37695694,32.10135651
11.0027523,-16.16734886,13.40816498
11.3509388,-56.15102005,32.90321732
12.02880001,32.23331451,20.65260887
11.9400444,-20.6380024,7.32519817
11.2006216,38.61447144,37.95517731
11.18128109,-54.28992844,34.37804031
11.25938225,-13.62016678,21.79970932
11.24922466,-55.66880035,36.77561188
11.18812752,-39.50533676,28.05103302
11.68925858,-19.71583748,8.38674068
11.51300907,11.27340221,20.19672966
11.09570026,-1.28070998,33.60039902
12.22663498,-5.0955267,30.86247444
12.33923626,-20.98722649,1.07616889
11.3920536,22.58547783,9.27420139
11.76034546,-0.3711738,31.23223305
11.32919502,-65.43358612,30.81596947
11.87375069,-60.60853958,42.24907684
11.46265316,33.51336288,16.65049553
11.21724415,37.40410233,32.97129822
11.47775841,-21.22579956,49.70351791
11.638237,-65.74732208,35.55836487
11.28691387,-55.34838867,35.24790192
11.6439867,-14.8009758,4.36303902
11.15236855,31.65306473,23.03944969
11.93813705,-9.31989479,23.58216286
11.16534233,7.09955168,59.66417694
11.77266502,-22.43580055,6.7131815
11.60945129,-17.76668739,10.90286064
11.5702219,21.62408447,0.94301707
11.47134113,-32.19294739,22.99655914
11.50683403,20.77617645,7.86288643
11.6755085,-7.96976566,27.51707268
11.91771507,-35.71085739,25.80505371
11.20323467,3.29808736,28.82571983
11.35295486,19.12428474,18.64170074
11.50113106,-38.20926666,41.29800415
11.68857956,9.31969738,21.46360397
11.65773201,30.87989807,49.23790359
11.28370857,-3.56959105,35.23666
11.52912045,-65.52060699,36.4165535
11.51596928,23.51596642,18.79184151
11.44713879,-65.25171661,38.42333984
11.10980797,25.852005,54.3499527
11.82658768,18.1848774,-0.21824634
11.78334236,14.92263794,4.00478697
11.28890038,13.76760006,58.8429985
11.30189991,2.36156011,59.41939926
11.71223354,-1.39039266,32.99429703
11.14393806,-3.86556101,20.86144447
11.30088234,2.93830347,30.63436508
11.59497833,-33.92095184,43.92825317
11.26565933,-23.82850266,1.0361588
11.36886215,-12.2345953,55.194767
11.66028976,-25.59218025,1.91202092
11.59626865,-5.21451807,34.48604584
11.8040123,15.53171062,0.03398626
11.93120098,16.93396187,-0.57721764
11.60909653,-66.90706635,33.30332565
11.3843174,-2.31368518,23.05796623
11.67629433,-60.44154358,31.87008476
11.71889496,3.13462067,35.32778931
11.8289957,-25.59526062,45.94811249
12.10086441,16.965765,5.89253712
11.7613039,-65.13471222,37.85491943
12.09453106,14.63946915,0.98830175
11.82960129,-12.72528839,22.71788025
11.74550247,5.4524231,36.64266968
12.64606857,18.93157959,0.1158658
12.01249599,15.80118084,5.03877068
11.87983704,-4.74552441,35.65957642
11.74793625,28.59966469,17.97015953
11.6955452,19.50452232,56.89008713
11.56472111,-2.91038465,58.33049011
11.80508614,14.28340816,2.29858828
11.66587257,-13.68191624,21.81838989
11.74441051,-7.59616041,29.89310265
11.91296673,31.12526131,28.30244827
12.59281349,26.64577293,26.94343376
12.23950863,-29.39116478,23.8203373
11.5986166,-0.7369287,26.15932846
12.39763451,-65.38273621,40.49105453
12.04615688,14.82433319,19.38051224
12.16395473,34.72517395,31.50344086
11.57405281,-23.04746437,22.52513123
11.85513401,-28.2382412,44.82025909
12.2658596,-11.3847084,22.43216515
12.11675453,35.36982346,43.8495369
12.50848866,0.33526731,36.70948029
11.8204565,-62.4926033,32.03610611
12.31414509,27.33745193,24.44391632
12.02141094,-11.9494648,7.63510036
11.85553741,37.28588486,34.58576202
12.10759449,-59.16028214,39.3073349
12.30997181,-36.67930984,27.8475132
12.00238705,-14.45079994,16.39135361
12.17098522,-15.717103,12.56570339
11.92205524,-14.75753307,4.22778559
11.82355976,-64.66162872,32.54804611
11.9864645,-14.04856968,5.41575289
12.11129761,26.78126526,25.99344826
11.89603329,-16.60250854,3.30419707
11.88002777,-26.23848343,2.99576235
12.17442131,3.50429606,34.31825638
12.27419758,-71.47507477,49.32363129
11.62965012,26.14079666,12.82537556
12.108284,-59.12789154,34.14491272
12.40259552,25.84155846,5.56991243
12.06833076,29.5412178,23.24673462
11.77840042,-0.20756599,28.87649918
12.215909,-7.09370375,29.4665432
12.1005125,23.28192329,19.78146935
11.99334908,-7.33714628,32.82925415
12.00946331,-64.01472473,34.72001266
12.55661774,-37.81851196,35.00237656
12.51123142,-59.65197372,37.61342239
12.00561237,-25.91460419,4.31717873
12.01716328,3.2342968,32.37031555
12.25399876,-12.83774471,21.63568497
11.86970043,-1.34220004,33.09349823
12.02769852,3.22075319,30.52444839
11.91448784,-6.87488842,15.5270071
11.77493095,-63.76019669,44.53116608
11.98812294,-9.829072,55.32905579
12.09423351,37.28522491,38.98363113
12.34660244,-38.33200836,30.55834579
12.38786221,27.72303391,9.45782852
12.27511597,36.21717453,41.99174118
12.40008068,-61.44884109,34.49314117
12.09131145,24.57925606,53.25860214
12.15147781,30.875494,15.21804714
12.01770496,30.20896149,16.79038048
12.06368446,-62.62015533,33.4881897
12.31839848,21.36384964,54.73228836
12.69253826,32.01071167,30.0201931
12.35673618,-33.14084244,42.659729
12.27152348,-37.20391083,38.67619705
12.03950024,4.37574005,27.91710091
12.25993156,-3.12776828,33.29620743
13.01780796,22.65753746,7.59080267
12.11948013,-4.06143761,21.38692665
12.0882473,30.03774834,18.27762222
12.58896637,-7.6189661,36.28662109
12.55373764,-65.42605591,39.66114044
12.1685791,25.21335793,10.94572544
12.08649731,6.93876219,58.23577118
12.52900219,-32.12952423,25.35630608
12.24720764,-64.32330322,38.11225128
12.36718845,-23.74590492,0.76334625
12.47895908,-26.19069099,3.10601974
12.4848671,-15.18801212,4.81335211
12.70411682,5.85891199,37.57189941
12.58393192,-25.48421097,1.71140921
12.12180328,-19.97153282,23.05959892
12.8431797,3.35952997,39.18273163
12.50237179,11.84878826,57.06691742
12.16981316,31.8934803,18.1919136
12.74350929,21.24179077,7.24461985
12.48697853,8.27246952,23.10489273
12.952981,25.54747581,6.71836233
12.48094177,-60.87706375,41.35632706
12.66554642,5.07175684,38.88248062
12.98967457,-19.21167183,2.09890628
13.04848003,-23.3161068,5.51396894
12.78708458,-30.92815781,42.60285568
12.49318027,-64.83013153,39.10861969
12.88143921,-9.19941616,24.15174103
12.29060078,-1.96848309,24.71164322
12.3734417,26.8046608,11.59035206
12.26552963,1.08290482,57.82136536
12.94736767,16.04523659,0.34536093
12.55677128,-18.58994102,8.4088583
12.59988785,-17.58632469,49.3075943
12.65454388,-12.57803249,22.67635155
12.68735027,32.41281891,45.65769958
12.69128513,-24.75536537,4.96239471
13.20790863,17.09914589,0.50641865
12.79353428,-37.20233154,32.599617
12.61905003,28.56543922,22.09587097
12.58707428,27.27350235,10.63172722
12.42590332,25.31410789,20.39690018
12.4978075,-6.44976377,36.18357468
12.41483593,6.39413548,25.24160767
12.64286137,11.05272961,21.31814194
12.38927937,-63.00431824,36.0527153
12.38640594,17.73690033,56.04229736
12.82675552,-33.6348114,27.15395927
12.51081467,3.51814628,32.01177216
12.88136292,-63.25758743,42.98949051
12.62120628,-20.02021217,47.58169174
12.18626499,-10.37489319,9.81373787
12.70687866,-34.34312439,39.8285675
12.97404671,8.754529,41.76359558
12.46530247,-6.61653662,16.95880127
13.13433647,-70.37634277,49.1239624
12.88274479,-19.96526527,6.69667959
12.91672897,15.71194267,20.62846565
12.57133865,-14.11320972,6.42573261
13.37959099,-7.9827075,24.71260262
12.57161713,-60.80051041,39.32423782
13.18877411,15.05447865,2.91835618
12.94355011,17.76925278,20.83286858
13.11474895,-67.18835449,45.57314301
12.68844891,-8.64134502,35.23246002
12.45580006,-3.27108002,56.85839844
12.81366634,26.08625984,22.25339699
12.70310783,35.98629761,35.74702454
13.19014931,6.67771387,42.06301117
12.49860001,-1.06856,27.26840019
12.68223381,-62.36098099,39.62168121
12.69812107,-17.30892754,3.71146631
12.67871571,-11.46796513,9.15165424
12.72505379,16.59630394,5.23723698
12.55319977,-2.8549099,33.88619995
12.92514706,-5.74606943,55.29556274
13.2070694,15.20077324,1.45021307
12.57299995,-0.72020501,29.50499916
12.59420586,-4.7871623,34.99557495
12.58920002,-1.19213998,31.82049942
12.88359451,-10.85995007,23.17907333
12.7207756,-63.83914185,39.34989166
13.61703014,-70.42970276,48.96736526
12.93334007,25.66694069,25.07050133
13.12962055,-24.96106529,25.38055229
12.76750851,4.32176733,35.03021622
12.70986843,-8.98868465,54.27711487
12.67890739,-25.74948502,43.55748367
13.13010025,25.16720772,24.38012886
12.97195625,21.36729431,0.86838889
12.96451473,5.52811241,27.94301605
12.68669987,-8.96788025,31.22060013
13.62559128,27.80909157,47.36397171
13.20465374,28.97792053,28.83678055
12.76572037,-4.18315792,22.63462639
13.39828968,-31.58387375,40.13072968
13.32889557,-2.91458201,37.07807159
12.69940472,-14.68946743,12.76662064
13.33889866,22.2341938,1.51240826
13.05010128,8.7948761,41.29827881
13.3100481,-4.56157303,34.92011261
12.85351086,24.83408546,21.92056274
12.9493351,-9.30832386,29.47220421
12.91242695,35.66415024,39.74638748
12.90282822,13.04835224,21.0205574
13.06476402,-25.60684395,2.86168003
13.04863453,-12.72209167,51.01751328
12.98600864,-15.90380287,5.32428551
13.52739239,23.42780113,6.99330044
13.13187981,-20.89295387,24.70123291
13.29246616,-66.1689682,43.74321747
12.83108711,6.80757618,56.73656082
12.90439129,-11.95116043,20.96519852
13.14503288,-9.99590588,32.97100449
13.23215771,24.85977554,26.56653023
13.35121632,-22.79326439,1.42967141
13.10676384,-34.88891983,29.92118073
13.17319107,16.92671394,54.19609451
13.03832817,-5.97917747,20.1434288
13.01602936,-62.99081039,41.30612183
13.68231106,23.28594398,4.22145748
13.03904819,-14.75109577,7.50134325
13.35018444,24.43137169,7.41690254
13.13102531,-18.07604218,7.17561054
13.45998192,-14.11744595,23.97673988
13.1148243,-22.70832634,43.77393723
13.0438633,7.19127035,25.41090584
13.09922314,4.69094515,31.05981827
13.28687572,-33.41139603,36.81935883
13.18602467,-9.19298077,15.93873119
13.44850636,19.3756218,-0.08784634
13.16699219,4.70308447,33.5679245
13.08861923,-12.45601845,9.52864456
13.29578972,19.52070045,52.82787704
13.02140045,-2.6666801,25.57909966
13.03868771,-13.80883694,13.04302406
13.20203495,5.18629265,35.64483643
13.37085152,-19.16403961,5.85754299
13.37850857,18.18641281,5.1487875
13.56551456,-64.60540771,43.29662323
13.58661747,33.61697006,41.46977997
13.37984085,25.0193367,49.78168869
13.14854431,-15.55041313,9.27159309
13.14515781,-24.55149078,1.57330215
13.1797924,-1.97526932,55.67043686
13.4049921,-20.3656311,2.38655806
13.87361813,-68.34643555,46.6153717
12.98774052,-25.39584923,4.10659885
13.76167965,22.33963394,2.31535125
13.13640022,-2.54961991,32.79470062
13.66748428,32.71971512,33.53453827
13.14973736,-25.37143707,42.30393982
13.37136555,-65.2416687,40.41296768
13.35394859,-18.17434502,5.02339172
13.17609978,-4.37890005,33.94739914
13.17669964,-1.47441006,30.75670052
13.30675793,-4.49579287,24.56781197
13.23977852,-13.45031071,9.95151615
13.43222046,-10.4986763,21.00951767
13.38332558,10.13498306,42.57392883
13.34270191,9.02517986,24.13429642
13.30123806,-11.78783226,15.69701004
13.67862129,-10.31227684,30.9974308
13.41501808,-7.49654007,20.17419434
13.42240429,-2.27884364,27.76931572
13.62985611,-29.31252098,28.45907784
13.4526825,-6.71767521,34.71507263
13.45325851,-8.80354595,24.32390785
13.36866283,-10.47800541,16.39603615
13.32019901,9.03670979,55.26171494
13.34971237,-8.26093769,53.08300781
13.45434475,32.71839523,43.26254272
13.77195358,-9.68604374,36.01909637
13.48673725,12.46321106,22.58218384
13.83759022,8.07646179,38.03704071
13.9596777,-1.71990967,41.07604599
13.67541313,-23.68203545,2.43202829
13.47061157,2.92505789,41.60416412
13.82223415,-24.63042641,27.07035446
13.68493366,6.45794868,29.77532959
13.77283859,-31.26724052,31.88832474
13.56511879,16.23011971,1.33370149
13.59661198,9.69057083,44.97170258
13.76958084,20.63630867,24.29741096
13.5158453,-17.53873444,46.74397278
13.53954697,34.05878067,36.28461075
13.66917324,-6.06656742,24.88791847
13.63072681,-10.19003391,24.11949348
13.77720261,23.49322128,26.88542938
13.41430378,-66.94033051,46.40440369
13.64072704,30.82235146,31.15104103
13.69913006,16.14047241,2.50635624
14.03316116,12.09307766,42.50812149
13.63994217,-32.40566254,34.63659286
13.58262634,-23.92725945,4.05144882
13.68731594,-26.64803123,40.75861359
13.57395077,-3.59972572,32.7975769
13.6491127,-66.49557495,43.46718216
13.78369808,-7.13422585,25.56459618
13.85847187,-29.2610836,39.82813263
13.88828564,8.02907372,27.4327507
13.84403419,10.67653847,24.5157814
13.73859215,-11.22052956,32.58736038
14.0532341,32.6579895,39.11611938
14.21545506,18.84049606,5.01935673
13.79748821,-1.20210683,54.13606644
13.74115849,-2.76135826,30.78338242
13.74018669,12.16662979,45.079422
13.92465401,15.13454056,23.68334007
13.7849369,-66.07189941,42.83660507
13.76511288,23.1561203,49.58816528
13.70088959,-7.66500521,23.86407089
13.67022038,8.88076782,53.98223114
13.92851257,23.05263901,5.52679825
14.0079546,-12.93956566,37.22149658
13.67093563,-11.98731136,36.12633896
14.10302448,21.83420563,26.98035812
14.1835146,14.33147526,44.77064896
14.12393665,16.37910652,1.17989862
13.7163763,16.85512543,51.989254
13.77752304,-22.32181931,40.91093445
13.92171764,3.56765151,44.43796539
14.22676277,-21.4517765,38.88101578
14.04685879,-5.5410943,37.3210144
14.51180363,16.96100235,2.98116088
14.42767334,19.50414276,0.5649575
13.94105434,-69.65975952,48.53421021
14.03408241,-5.04417276,32.25927734
14.04496861,-67.86175537,46.17787933
13.90622234,-6.28623676,52.4799881
14.0471735,-5.92348385,26.81473541
13.99748802,8.32032013,52.25267792
13.70600224,-66.63618469,45.69732285
13.95331383,9.88340759,47.45526123
14.02620506,-16.8554554,45.32058716
14.02200222,-13.95357895,36.26413727
14.06377792,-24.65581894,40.02377319
13.98165417,12.95510387,48.11692429
13.96196842,13.97243023,50.81963348
14.48682308,20.42727661,5.12748241
14.49725151,-29.30218315,36.14427567
14.26261902,22.39661026,48.13451004
14.04418468,-12.91476822,47.86270523
14.34328556,-6.46117687,26.79008293
14.11647415,-8.13913631,33.72867966
14.18788433,-4.89566326,28.723032
14.11440468,17.96259499,49.25185776
14.28343391,14.706707,25.43630409
14.16618538,15.564394,46.99720383
14.17023754,-20.57753754,39.68537521
14.28174114,-9.7818079,25.50833511
14.16474724,-13.06412411,33.54308701
14.23405361,4.72669697,47.92430878
14.25057983,-1.17731822,52.50804138
14.37642479,31.42959404,36.35491943
14.20419598,-11.51100636,32.99564362
14.21825218,6.08866501,50.12573242
14.19382477,7.51267433,32.6640625
14.15363693,-13.93318653,25.46447754
14.43110275,28.72531319,31.80716705
14.95555019,25.38218498,45.18444443
14.57095337,-24.38166046,29.7807045
14.33540249,-19.04550362,37.80144882
14.44702721,-8.23614883,37.51275253
14.42846012,-15.21850204,44.79053879
14.57849121,-1.07538402,50.85055542
14.53672314,19.02809715,27.75279617
14.98066139,-27.16488647,35.95170593
14.77863503,19.5961895,1.78221846
14.6983757,-13.34064484,36.21523285
14.6089592,-4.50668526,41.45568085
14.3009491,10.76485538,40.32926559
14.36608219,-22.63938522,39.22889328
14.29478645,-22.24200821,28.0138588
14.3931818,10.24322605,27.70572853
14.5201273,-15.36245823,37.57673645
14.5711689,12.00021362,27.51325226
14.39001656,-17.46574974,38.10821533
14.60114861,-10.78613949,37.47293472
14.72792625,-0.87060583,49.46210098
14.53251934,9.26295662,30.14189529
14.70370007,-27.85573959,37.10713577
14.69013786,17.25981522,1.36957371
14.84496593,-26.62895393,33.62281418
14.52599049,19.98526955,47.14191818
14.38536167,-5.87419844,50.91477203
14.60234928,-10.27257156,32.90697861
14.48313236,25.08253479,29.02222252
14.59308815,-6.32031536,29.3009758
14.4399519,16.74819756,45.93350601
14.19582748,17.72084808,0.26838061
14.34332848,-17.49269104,36.6990509
14.67679787,28.05101395,44.36185455
14.63320637,-13.09715843,27.1247139
14.52183533,9.19368649,36.13167953
14.76581669,-13.35533714,44.10797501
15.05983353,-25.98721313,36.67745972
14.95339108,-13.84728622,34.8224411
14.81343174,9.95177555,32.63817215
14.59611988,-2.44527602,44.34653854
14.79334641,-11.85081863,32.27261353
14.69982052,-8.3834362,27.50392342
14.8727684,22.50998497,29.10904884
14.94696903,-3.8716321,46.32376862
14.82443047,28.70972252,34.13448334
14.66498756,-18.26049042,29.04521751
14.84732056,17.89685249,2.78617191
14.7977047,-11.46886444,30.67263794
14.73440647,-5.32153273,49.39027786
14.83819771,12.43113041,40.67644119
15.11143208,28.40749931,39.78519058
15.19598675,14.16618633,30.99183846
14.99851227,-11.31032753,41.30944824
14.95968056,-12.10126495,43.11263657
14.92889118,-19.84253883,37.16720963
14.8410759,-17.33539581,30.41974258
14.91615963,-22.3951416,31.13865471
14.97571754,-8.14314365,41.45799637
14.99088287,-16.4913578,36.10882568
15.17952156,-24.4806366,34.16046143
14.9589777,-5.55774641,47.44150543
15.03747654,24.16119766,30.55539131
15.01045132,12.00880432,30.92296791
15.27274227,25.60417747,43.61226654
15.17757607,12.31420231,38.1105957
15.38011456,15.77414894,41.86376953
15.32723236,18.21271515,43.7555542
15.39269924,23.03186226,44.37314987
15.08085728,-8.97522545,43.21501541
15.40021896,20.76948929,31.01765442
15.23250389,-22.25704575,35.4797821
15.43639374,20.67868042,44.17913818
15.19695187,-21.45806122,33.17459869
15.49587059,24.8196125,33.59340668
15.46792316,26.39506531,39.56875229
15.464468,26.34087753,36.04219437
15.4943428,13.79785538,34.91474915
15.52164173,14.41209698,38.24478531
15.80004597,16.79107857,35.3889389
15.72929192,18.87870789,33.7165451
15.75246811,24.1350708,36.70941162
15.87693214,19.33288002,40.40722275
15.80371189,22.06215668,41.31681824
15.7477541,22.55153656,34.26510239
15.78946304,16.60656738,38.00052261
15.90673637,20.56146431,36.38145065
