0.00364459,-60.38637161,45.49549103
101.11629430048,43.04101102038,35.13740573854
112.52618859758,33.23599841974,48.521078478899994
78.7856610292,46.49007889072,31.0542916954
77.83112031738,76.11263772844,75.89686689096
110.15989707006,28.30603040106,47.08217407452
122.32165557511999,-2.837587824619998,67.87666112668
50.33390936614,135.49498668776,78.25485898322
134.41895922214,-30.215723039059995,56.6344338185
117.00182445714,33.407594301559996,56.8437750728
91.13896092364,60.66837091816,50.38053849792
42.47367776964,141.30994832386,74.89203943551999
87.83226114006,56.33352446204,48.600751310259994
107.8847888436,23.2602618495,46.27515856424
137.98950491134,-28.427583110840004,60.07425695174
133.28632849666,-29.295269904419996,52.75986476864
105.31744098288,49.07730158026,85.16391985766
106.6185254574,51.43439557492,53.82647645716
139.41276152666,-10.620920727459996,64.60804167292
105.63056057622,62.26840918142,71.66925643514
107.94512223552,52.93153137514,62.94007725486
137.44866174642,-4.664296693219999,60.52468306272
120.6749864754,1.5417153892799966,31.9880954685
62.492543052159995,103.39693774380001,68.4358294634
100.51447462156,38.445885697259996,52.350684860719994
142.52787594732,-15.592903334920003,56.68662956102
133.14932435564,-23.179945177160008,54.64706616238
143.95880078022,-9.686921317619998,71.46053954086
133.174386018,-27.042437914699995,62.8219232805
70.30935425324,83.6484542157,65.18258462724
113.8933183602,22.59622815862,48.33127758798
87.06963292312,56.060825696100004,48.77343662048
93.8314187993,64.50746317618,49.95216343154
98.02830478792,42.11161081768,51.62537054432
108.0162356088,43.50714972832,57.37840975942
51.49089295522,129.9569824746,77.83941392902
76.18296319458,76.52053972124,73.97330191474
99.80585728072,39.51616205958,51.884149097320005
129.00009050746002,8.314460183560001,54.1159464312
141.46289041388002,-9.76808545894,59.87106025322
132.85175862472,-25.430394421260004,52.9776465439
73.43722250607999,74.5087228374,63.3439434474
104.34427819641999,14.64988871842,44.3309878368
132.74546315548,-27.507079254900006,52.134300480380006
129.20573937746,-1.526712136559997,67.44565315183999
116.92176267031999,33.8418162208,53.81839768172
121.03436168486,-13.49067089132,49.76930656162
130.37497195603999,8.120619559920002,63.940973511959996
99.82349521768,41.19984836044,34.775392771759996
52.82289594956,122.80913675865999,75.3663037986
139.574941935,-5.682968334360002,67.47810701278
142.23127505442,-10.340742260840003,61.22165144980001
51.180171965,129.22491417162001,72.72665952998
117.04054321464,41.1648945541,65.90262485642
104.90265984014,65.04569523816,79.41995048572
90.8335004657,56.08437333882,50.83923003332
141.24702744782002,-5.800902792499997,65.81457923395999
54.79177881098,125.56433224884,72.0707804181
116.25303829994,23.208814082019998,47.89835357082
117.83268593558,34.51762565724,61.28540953936
100.19768880156,70.37646428346,64.26653948314001
113.66301759626,10.243472253819998,43.06821102336
121.41302818232,9.813519983700001,35.813615179
84.94458910662,81.58193323054,73.97154774514
104.21590374768,13.198108980999999,43.90755815868
123.36833560758001,7.388693509580001,34.29743381886
106.32958308196,2.2243474369000005,40.161977011640005
61.13835228784,101.63088161094001,66.55270628016
123.04626480882,27.976650825999997,63.67095966548
99.93313271148,32.436197087240004,51.3431749443
112.2810100279,18.14860161228,38.33086374464
119.23336887296,13.513530879460001,46.06443147612
97.50079628938,27.455958370399998,51.11106907872
93.59678670124,63.33962767026,51.07246569982
117.31730343908,1.8090310842000008,32.22248985166
118.95266550354,4.475994004079999,35.24332757548
56.295230395320004,124.22351482631998,76.38909914327999
74.82792862368,57.233368037700004,39.78070777278
67.59165648664,90.90607566078,65.91642038364
110.30387775872,40.14769765266,55.007048289880004
132.49886155586,-1.3518799054200024,65.6834357792
107.8710442607,26.9764620541,48.084409912379996
123.88959092942,25.603094263480003,58.72920246554
75.20555752796,56.02774457172,39.2466090882
121.5114394428,10.86348917946,46.486187920999996
137.22105418034,-26.908333860699997,53.02470859512
99.34557388004,51.541111373540005,36.42303759964
115.31965501596,26.06776398044,48.75429763078
136.72218923996002,-11.474323297659996,68.9382729209
60.43152788602,110.45504892522,71.16169910907999
142.57001711216,-13.811167536519996,58.18660793126
116.60809659486,6.036345076380002,70.44007979818
78.93474961692,59.861374210360005,49.291791520320004
115.65187372996,34.97130507558,53.20021181738
93.4136217781,61.69948135854,85.97043653462
125.08004885906,15.367250237500002,70.82246314604001
112.18098487096,40.069422164520006,58.83451563438
92.57839373298,58.77685227722,40.0779724223
120.3616484002,-6.827057506499997,47.24657413758
90.12022100408,50.50557339438,49.27380877052
96.94626987384,66.11559632398,54.9726519563
102.87948689242,37.97182781474,52.884705085700006
72.42852204793999,80.70130855012,60.90569213786
126.7426546801,-15.200020605139997,49.24425705744
109.4424286352,48.92230861902,63.93224559158
88.86408275101999,75.44828992214,58.704105569039996
140.049719714,-8.078155713639998,59.56949441552
140.68843900324,-27.162970285280004,55.986230454319994
98.85864923226,37.93936795294,30.58772242646
138.71125774272,-29.888730907959996,50.04324004534
141.2924175268,-15.90845269164,55.05855028846
81.21595297386,75.4704762686,59.724733792020004
138.87021778212,-11.679164268019992,65.6627887371
39.18450608964,149.09478872384,78.5452589027
132.8628524039,2.218772071100002,61.697498211379994
85.34495981266,76.03447559509999,59.24887052448
98.88275052628,72.04920573246,64.45397504228
69.04845619,91.24562423392,60.548237214859995
82.38238423234,80.2123115262,63.57954443702
55.06138994462,116.14077157946,69.95179525882
107.50779175136,45.69768619698,58.5203468294
95.51382730206,57.2462315994,43.49249631814
135.36723942824,-33.43139812312,48.283478847880005
123.0415405862,26.72305839808,69.79106541633999
103.00020318598,45.250726852,31.54340118636
107.66213772521999,32.27423689548,52.81859324278
120.79272027912,5.785304889420001,44.4227961773
72.14347205088,82.66890234782,67.1841789227
130.04547831202,9.04080226968,64.88494997922
85.81164409786,53.83636234974,48.680131780020005
141.20340622868,-31.497751026820005,51.853251204559996
129.29967632692,1.2246969803200045,66.92252300676
119.16126549498,-0.7615905954400048,67.89105459225999
89.98387244158,54.262629550279996,51.992224009439994
140.10050138902,-13.088823966819987,68.19227026286
129.57556682282,-22.024031144939997,67.26145174764
114.82921098582,26.87272927392,49.0296698003
61.673250862420005,102.54624219741999,67.6009387814
137.87176664614,-33.53078401970001,50.097080936720005
133.23840830114,-30.646896356620005,51.45572283302
71.18792783402,81.94721741976,65.73367253446
119.5336245582,6.949113133539999,43.98737139462
88.4238678767,60.85051810178,45.0050892081
101.52132367234,28.789176659680003,50.01328861264
68.41091068102,100.16994884718,67.30829246658
93.01720065572,45.23698390408,50.84517307956
122.56019447964,29.107658865359998,64.36753493186
134.11072590674002,-16.908922257660002,68.30949925396001
107.01693744766,62.116747653139996,77.85664513804
87.72991046368,52.73189768506,48.922247341239995
116.12553457734,13.2320799166,38.89645083006
78.18060357878,48.200074864,30.43650814002
98.64044840056,43.01693351096,49.63399736108
131.99883596522,-24.81343667774,53.76083866264
124.50714114872,25.691836352960003,64.66058758253999
113.55490422682,40.06840136148,58.4027015954
141.43596723000002,-23.105137215520003,57.80617366362
106.92938055968,57.67619161878,68.94549443428
116.5607084185,24.73448135352,48.878548271119996
74.19648769576,86.78413800052,60.8412469206
102.52044340978,34.56377104898,81.99846297432
107.33545668654,40.47361132264,83.80742196086
63.28475189,106.48120584652,69.64616607983999
94.35247098412,44.02539246546,33.8005064263
89.66433246948,76.81276364508,80.39144864948
108.80561032332,44.06524571754,56.43417230574
92.82728222458,70.41824670762,84.11311390751999
78.08769143366,47.026453238399995,30.16103259608
107.95368343844,50.35892774792,56.10288132114
95.47618382648,71.93628456892,59.04091014182
130.47133188768,5.866532284960002,57.79977473766
41.30111557628,143.3188029215,77.35293312044
80.33554996748,57.41437990198,50.443056103100005
142.78405400372,-6.845643999379998,67.22889878166
99.24538517258,16.40551425252,44.37681272908
106.06476106874,28.400897835200002,79.8011016195
73.24535648754,76.41422278664,63.89868835138
98.3104732605,36.55235851968,52.88546655083999
118.03766444126,36.696244866659995,62.45156146752
98.1814476857,73.96059254296,76.12194945324
104.49148009266,51.910509164960004,50.50977250062
123.2152362378,24.590393174719996,70.9330090939
66.08213909682,105.55779142952,64.96252672686
125.67518223876,-11.334995702739999,48.87362766778
88.16253856642,57.328094643520004,51.79724649094
122.71160101379999,28.77897015456,67.90822964118
136.20908058216,-32.185457736160004,51.111914779680006
56.118019579199995,117.23684409846001,69.41992067007999
117.96328869398,11.464837669500001,37.41579644444
40.470917712420004,146.49715704168,75.19976636094
113.18031023116001,14.79130937024,44.40182868922
76.0008897328,74.20540418612,60.69722301484
57.125614044520006,124.80622972615998,72.6554453796
112.9490357232,46.02842007078,65.57185582733999
116.88164106836,28.1290153892,48.194242302220005
89.04987767464,59.06391721882,43.81211758902
142.51603463496,-13.7593204641,62.62620577366
101.75981438368,23.03152231466,47.516948066859996
114.87078773584,34.02489846928,51.552937395019995
116.11935826106,41.048693147,78.2162275286
111.86889479418,17.61532840062,39.5930277505
113.63391403536,-0.3548665995399958,43.16026712646
71.59689379032,86.0568066956,67.15286147891999
103.54399642998,39.16773008232,53.328385394419996
119.94261194986001,7.992982513079999,30.7601439704
108.07230917112,50.21182589834,62.53726488906
135.92243984752,-28.303906019859994,51.967422774
73.28145099996,76.86648165929999,62.923073994359996
120.46601708968001,0.7734562546799957,68.60917547966
128.55904570454,-17.233558528999993,48.73572024208
123.09224460764,28.01353322254,65.4288692337
54.404224343799996,131.1620565222,74.88322231714
136.29211091208,-24.969428353019993,51.70713286048
87.37564854844,62.143026055259995,84.43188452391999
129.22909474867998,13.255273486220002,63.4935866453
115.39482242622,47.56301100096,74.09219257798
84.82974140682,74.63008575544,80.9959314754
57.349690619200004,108.95905451884,68.2126992808
99.07220655822,45.22356423948,36.50851390402
74.65210141738001,83.567095494,69.04628175722
132.59466064002,-28.939707588000005,48.686545583859996
130.84436384508,-17.9764518561,68.37222333951999
102.44604974376,39.435906089599996,32.22768898658
98.83808218,56.10313649414,47.1307524571
125.68422238630001,7.319130719780002,48.8568870391
100.87081009684,18.50075003836,46.0435895234
60.22921074564,111.37564065904,66.1592197731
143.42771959066,-10.177105037860002,65.06525322298
142.17179346272,-16.382769277980003,64.12840907110001
94.61704263976,57.48758848448,86.22023609652
132.16881931698,-30.27255616726,51.56537187334
75.59906164262,55.030085796920005,35.45221418844
100.55006695750001,45.424249442459995,30.75202477874
131.2086578522,-29.95122940160001,56.88090012042
80.6290006225,53.42127435746,47.821548204020004
84.8209820825,82.23420818294,71.76423946236
77.72039464354,60.001749593339994,51.40407878446
100.26047519694,31.72520242952,51.141018857359995
41.678360498740005,152.23760282594,78.87820495186
99.94465296336,49.92573275536,36.57363511222
106.10617873456,58.743246578560004,66.81203321033999
110.24923141516,41.23895479732,59.097945551319995
138.87472416916,-31.99415071096,49.31595187246
124.07339108875999,25.75517408738,66.63521188412
120.92469377642,30.1705493261,73.29888010612001
116.58716788065999,28.62661715938,50.07307750378
103.3078469259,52.79605878006,85.82743342636
96.40169388664,69.08804039936001,56.97680153198
141.18377956368,-12.21419093926,63.8774070249
114.56621481998,14.885108100659998,39.75189853346
101.96499438686,16.1476369281,44.83587920784
54.131080625,126.7377616325,77.2711179523
104.08298322324,64.88435154232,64.9926549015
103.45980004306,36.03401277088,51.94068401944
91.3052458954,55.303392785499994,49.22277917494
115.21271280036,10.29270765836,32.14464738058
83.1714936325,60.7698344359,50.248778936120004
108.41588888065999,37.044226487740005,56.93866891067999
116.44129826776,5.94462004172,35.218252562800004
126.62241878216,-20.26248636788,48.91953679588
93.25596473654,52.53868798702,46.08205084366
77.03784711406,49.31332429898,30.48422259234
126.66127405562,21.78234743506,62.13477957682
108.99845466424,46.1418792049,56.897802621820006
137.88891560546,-35.29850711428,52.34136560956
87.65324766846,74.88390450908,58.02395213076
111.06640798208,23.90385588424,48.911322569380005
129.06461282796,13.310342677440001,65.7640715939
77.40504361772,78.94186928858,73.19648726247999
103.49152245632,34.72659810732,51.81708913162
87.23304058648,43.21083840234,46.64487783986
97.77804999966,45.40222185988,47.06273281618
84.98757945572,49.59607307638,47.26457671012
113.59995243448,39.7696220167,59.398447655240005
73.21922805448,76.97289835504,66.44220987616
123.35416240742,5.719348321460004,33.73867678018
106.5281457187,54.21572458106,84.4303417709
139.15576976676,-25.60960724185999,57.872650560180006
100.221790523,68.56453112598,61.21254032442
135.23108939756,-26.684286264939992,62.68284475434
81.21309379518,65.60471494634,53.07708933256
117.9433841309,17.27649601248,35.56468444026
90.53195654929999,60.0243020966,51.416984011720004
138.66601350476,-34.803054687860005,52.75181407757999
131.5525193585,-31.47843526938,50.65059033582
107.3428824138,49.920088924299996,53.993160906979995
119.98081667028,12.964084372319999,37.26291742888
107.75796499714,37.10397154598,55.72650379586
38.78264692612,151.0284615232,77.29009671468
139.61393351048,-28.16703385804,56.24045013218
85.80760576784,64.98791374666,52.962762497979995
109.01830793624,41.733864382739995,83.56320205428
140.5450909214,-11.395591878799994,63.28192631228
120.66492774962,-10.404201948939999,48.7276761586
113.1896870475,51.34106896622,72.83417944868
89.01746102426,59.66120967448,46.385154480859995
92.21002336934,47.27316802474,50.462599774599994
133.27533349566,-27.81731696771999,52.05193362694
127.00172715378,18.38607145656,68.04186724522
80.41581228886,57.69158717652,48.17894862098
136.54330914684,-3.5641425668999993,64.29002756814
111.58343086496001,32.655115430340004,48.06601091102
108.5462915176,28.6747521626,48.67846020084
100.56313077454,44.9574232266,46.26473263436
120.9269392015,2.967945781960001,34.12162255174
102.56552408994,42.51983458356,47.9329183847
141.16924502282,-28.41321723770001,53.98794794204
94.69585734102,74.40698292022,61.4224729095
116.61312253290001,20.32838341902,47.57938309894
99.98580826368,72.02643720824,77.39816171976
115.46905579806,40.744900495639996,79.19830028846
116.2944347689,36.874084860539995,59.20903658556
139.61948787519998,-27.221128265519994,56.5955810316
127.34814676548001,-14.060555752840003,69.18118793002
96.9486356967,63.76540836164,85.6686526641
100.18444682026,60.67644562348,53.28278184308
107.96166456032,60.33048020258,75.25081907872
78.3206164641,49.79174835778,33.64542603008
77.61531442498,85.8852027174,62.69875124316
142.07718854770002,-7.063281818540002,68.56398982528
100.00082124474,50.548822193579994,36.05619818104
78.14725143348,46.0514863032,30.63999626486
117.41278828995999,24.29086131284,43.59361069464
102.41750230814,38.8957308862,52.83044629736
49.9267498668,128.81047149068002,76.68818733766
117.4602789689,10.630827180959999,37.02451917266
108.08460131538,37.17764918362,54.2740962172
117.78192025647999,34.858616974040004,58.49744347626
51.85432361128,129.51017573698,72.78065569516
107.68962469824,42.69252686468,55.6615547831
127.92537598032,10.862610722600003,53.515328727820005
111.07296262592,8.255209291940002,42.94207489318
121.16117722132,13.01813895274,35.07263222934
124.86914646616,-23.08407456244,50.24168461216
121.17939184616,8.532764434659999,30.93196225874
128.21213238852,16.11884831302,61.88556474678
70.77990296045999,84.9219149313,66.27261006332
92.52166316502,78.49750171798,66.36484786188001
121.6089587901,-17.061958807480003,50.613121720020004
78.80241064962,48.201911194299996,32.56368667252
94.8795096333,62.44921902132,86.01787520058
120.4740892498,34.94136501496,70.48028042748
129.60731028444,-25.754103204199993,49.27227758726
124.31971040968,22.508180379280002,69.97640984528
88.96827856188,80.32247384134,67.000730722
116.702770575,8.786526218340004,71.37862856714
63.64986530686,112.12387713145999,68.988318065
78.7684688388,73.60284527714,59.3463146804
112.00918095474,-11.905329643700004,31.59650177764
113.48279043834,33.22758635038,80.5088295976
115.71124748794,7.11744203438,30.83059258544
108.06736592938,24.03788198548,46.65676393234
139.06331486712,-24.276759989600002,50.788800030160004
118.80208852690001,1.1084885387800014,43.55887326964
40.77070522278,152.61850206872,78.38289381839999
131.80380638632,-19.932743893760005,67.52391702718
134.7834597187,-8.840515058319998,53.38984752746
123.8507840413,17.638803878860003,51.97955828314
109.35959267754001,40.701463113239996,56.48475262052
142.0655559699,-14.883033913079998,64.11825733414
105.82170285984,60.71141415418,82.6962737629
131.5876736671,-11.634200401399998,50.528937920640004
94.10117473788,44.65066871156,33.53281992018
113.11617373892,48.947244186320006,79.90826806298
107.48471436898,9.46924385866,43.25462084014
86.2241258324,73.08109731844,82.20916528618
132.4820086551,-31.62746691846,49.58713351994
105.51118408652,41.430980243739995,52.768539837039995
100.08926674978,41.30940622784,52.246235570180005
124.24482119852,7.632369567500003,47.515035323999996
115.95486845484,23.28005275006,48.173770339339995
83.9930103736,67.31257930532,54.05300265876
108.38036909392,-4.0269548608799965,35.1639483441
99.2274998609,49.492847766699995,45.53732058018
126.53769415128,20.91118546654,66.89407301888
74.9241902325,89.55774571475999,62.57459475434
102.33195048228,47.49717428926,34.44039976706
118.54924449020001,32.80313471496,56.56250445604
128.51082617316,0.048666061599998756,51.141862912920004
100.68704339376,15.80340721118,44.73066019918
123.90212405828001,5.111351012659998,32.68981309484
112.31620260442,-11.73069291746,32.1177075235
75.08980808788,56.18864024962,37.61627763542
55.984793515860005,115.78479438244,73.0113377355
96.99333813742,55.820387321119995,45.51054878772
101.70307646856,38.2178946557,52.606747906180004
91.11428130836,65.63147289369999,49.63550046862
97.4954708013,44.994242446,84.58552829542
129.66561560328,-18.7621564906,48.611334159340004
81.07382908134,77.74261208366,61.1921509433
95.9376005548,39.9666002525,30.5336105377
122.44669825535999,3.9728741003800003,34.19961388822
115.57449380624,14.70475014842,33.9181954366
107.70793334726,60.67918493688,79.13386167012
67.9182590684,97.5969862268,61.88955870414
100.5901852684,41.6589810959,35.02382632258
103.33541792106,57.01646762954,85.43225881684
51.92704878068,121.83968953557999,73.48634539503999
43.22014724988,145.21076595888,79.25876145539999
62.719471273100005,105.33760028396,69.2880636573
99.10331847312,64.31093188712,85.03313980248001
117.70326637284,15.29489677638,33.66126232094
114.23285426116,8.94089451622,32.776375432500004
107.8022276514,26.60686535828,48.98793468828
91.20954205824,36.76460967426,49.673147471760004
136.15687700564,-31.309888854120004,56.4588645291
103.79321042696,42.08039225706,32.17050450384
79.13368009378,54.95946777896,47.494011675820005
98.1818211572,44.74568006866,36.45377362834
99.45045700048,33.358650630759996,51.495168604759996
81.71709566306001,79.3538384813,62.49221468574
112.76322393514,38.62238141276,54.04822741352
90.75462004086,61.96850475468,49.62970278048
133.15327522758,-27.5481773562,53.708347259060005
93.15318545404,55.624382593899995,44.56398731046
137.85757956128,-30.657566338560002,50.222294551740006
132.40110693992,-29.927975431600004,56.42356633446
102.92938690068,13.6784426927,44.12291183448
105.79926901588,34.59134753232,52.222963863939995
82.0162870974,55.0211528863,47.52232291318
122.30348768306,11.518217301779998,71.210455879
129.29850899913998,-28.11055757186,49.898859356239996
101.96519013388,38.784774685399995,32.3341032571
118.93712851213999,15.87020468526,39.44187731424
98.21484618648,55.518732314720005,46.27373474766
123.40734576381999,4.715368409620002,32.5943301951
134.51999653076,-27.685807571019993,48.543119616460004
102.88847592858,41.66502398074,30.4385585509
112.1086573203,26.1835121001,42.97437348898
111.81364777326,12.8185012918,72.70232574402
117.10660491814,15.606942234459996,73.71541532442001
129.96359048038,-16.732513633239996,48.87650669344
109.68236209092,25.62722315346,49.1434482577
109.94102714857999,1.2106082562200022,42.89445124096
79.90060223154,75.80750953424,60.220315827600004
95.8738804475,59.62635751154,45.562158152980004
112.78249023852,-2.959155326340003,44.01462384306
63.62263293764,96.49268143846001,65.45343095952
98.45938122176,49.18099797623999,33.09581748468
131.78016462788,-24.38443455846,54.23139812184
142.28385277456,-12.637106421400006,62.57622339724
121.95037598182,3.14588087816,30.73814036528
115.50984320998,22.54339384704,47.88436147892
143.06147396076,-23.660347353080006,58.39569151592001
59.56849152828,109.84825665749999,70.66445870948
143.0080529486,-15.417018862159999,62.59202417344
112.53846523742,17.42774315848,45.313111794579996
125.1019665589,10.398743820580005,70.12420967558
104.16702564876,65.3136045999,67.8923099372
74.57234705248,75.07738942264,61.915752380979995
100.15199870016,42.06991608136,50.37266288608
138.56379851156,-26.652713546359998,52.05094091382
42.87910017036,151.22792618384,78.5452589027
107.97906615078,53.28848993034,61.29003447298
141.30338145386,-31.30052117358,51.08140340004
132.00657971894,-32.54773420598001,50.089132650159996
119.21015829614001,19.570227392440003,48.83044725372
108.97233363036,40.72801186714,58.07945470294
123.4820461077,-8.498721548540004,48.21037507684
65.3442759863,105.00898751688,64.21575104258
97.38387231578,47.202242136799995,46.05908306878
112.6496276859,38.52538459638,59.86491569744
94.08935350956,47.1482797714,50.08277666048
118.79873316484,32.54038564574,59.048313350659996
136.47675747239998,-32.94920768568,49.94967257306
77.9660679683,74.22913330922,77.07256271067999
83.36576600576001,73.55282271671999,57.49425457076
104.18221285772,61.07187954274,59.1985280566
137.73832310988,-34.01081063452,52.42684769016
125.38476930595999,-0.8202347211400038,48.04817186526
111.18005909512,32.523087939199996,52.336286432959994
99.2077699304,44.98307663602,30.81665278262
93.50431224524,75.1773001031,81.02974638524
106.0766313605,55.36182996678,56.838932106360005
126.17021746038,21.173215951619998,59.117357079879994
138.50559110586,-8.332153429540003,68.80687840408
95.07068243316,40.75844272066,51.16279406364
126.53730182282,-22.611308196640003,49.36464422064
83.4433276862,71.28341733454,81.8317669634
139.85954612182002,-7.136396023699998,68.51169827718
118.91562784542,-5.486734084280002,46.45658005648
85.01542010856,69.43836847878,82.99472768156
139.37440814344,-16.78619970538,67.42498297888
127.5631439449,11.91951673814,69.03021340434
110.95026059238,41.31925409536,58.65896946718
88.59484597032,43.863892499740004,48.23540921432
117.03083528116,25.827354946139998,48.736503184019995
102.3125730867,16.98035814908,45.2885368536
41.64511419524,151.34484368943998,76.4802368707
117.48418038220001,15.1858678172,33.77839179132
96.4376104244,40.6906824479,51.25576359756
115.04914665554,34.70796266502,79.63642736352
110.66471752456,44.89932596546,61.790409931140005
120.6590796504,11.7601112066,36.34362161522
142.82173104388,-22.51975926086,60.78307509394
67.01167212216001,105.02194387093999,66.55270628016
130.32229127162,8.872866457359997,63.167412828719996
119.7046652231,35.72398389346,72.7003766638
102.89033605196,45.93327548296,34.34676292818
109.96334194126,55.17250077102,71.50245140348
109.4483231483,17.5143323111,44.33301785338
106.5191731748,57.15348873408,60.2361727639
91.06711639956,66.5738398186,47.881310673499996
97.11300683158,38.33142234268,31.09884245054
86.99715533746,81.48292752424,68.67945473108
110.08049624958,55.98124306912,80.07330240176
141.23192701546,-23.099503071119997,58.9508394563
82.84897380806,58.74930435326,49.298563752899994
136.55908700752002,-33.71125853550001,49.94938681904
134.50424790943998,-24.60936362449999,54.230271620379995
133.5435890446,-33.62215670956,49.59865787556
85.55891821344,80.13924999418,64.44674032239999
127.25916281898,9.416591983380005,68.99477975864
82.71535086444,77.3671944799,60.79373228046
124.80927584842,21.06131097664,55.790090097000004
119.76321634346,10.596220879240002,31.47107591468
131.74192565914,-27.55068683588,51.41144234782
115.63809923572,-18.505674393760003,30.21153045034
138.17261483198,-28.848797151059998,51.563549982539996
80.8606715792,55.25361587026,49.54116493228
121.62959227316,7.558880863720001,35.86543555382
95.58758833576,28.58468997394,52.189824529359996
112.40133487840001,52.71453139888,78.21059832076
78.82745857232,47.966431645780006,31.31516550076
138.36370938352002,-13.69733155770001,68.5788755166
87.52549609028,59.20080396944,51.75159504114
136.87023856612,-30.961950454639997,50.04360012814
120.12934923104001,-4.186616408879999,66.91147930712
101.2084877809,41.66981370994,50.6565647659
106.91741333962,27.76400151702,48.26914979538
96.73518684814,72.58370054864,61.48336022638
78.6254859974,79.29827303722,61.23516287706
98.68459998042,73.8115042907,68.4173660403
93.3500866187,77.21456132284,64.42037155768
119.40836012148,16.530520024040005,73.2643615453
112.65628159214,23.79775165736,49.31471800432
117.08606187194,5.4684959295199995,30.60752362038
102.04406215378,13.53965232084,44.218666242539996
129.1898494045,-16.595896724840003,68.8659983362
117.62648631372,6.7391746429,30.55695713562
105.39417306244,41.2218069394,55.367423529419995
131.73279894008,4.309424382779998,61.543679343339996
137.44971112014,-27.11949290482,49.3195907092
101.15365579412,51.33306540532,86.14731402960001
96.60288313802,53.08212385996,45.046427908620004
103.91778598144,63.84674981356,82.50012349854
103.07475366424,57.6230917869,54.03392148322
77.22825641541999,64.20314996826,53.48168065288
120.16913443848,14.383925866679999,37.2820712878
119.19778491724,15.38245378958,34.61083125166
113.96873970666,34.24048166494,55.8874268949
91.60913111904,54.64240150656,42.91141320192
57.886496383140006,108.79629692146,68.988318065
127.96017703652,-4.587451672719993,50.0490641638
76.09797897562,82.24354040366,70.05016109854
100.6462069821,14.71223096764,44.38488158882
137.78830546634,-35.3565720885,50.25920817412
115.126594176,35.301217440900004,53.22156086506
122.3022300739,3.9392818904599984,45.11906092206
78.10350969298,78.02828507728,60.93712850942
139.1355937717,-27.09987473822001,50.649855301
139.32873203358,-10.61587376688,63.36427005218
113.06228480116,15.70274150748,39.63637664486
73.79598660528,89.37558271041999,67.53442555614001
71.8060046687,92.54195745576,61.64090877456
91.88336038669999,61.39345276862,51.741758787980004
120.2556593568,32.74454304782,62.5414537657
101.7216414668,15.07913018436,44.80974665328
133.75178499252002,-34.70337791782,49.9481760731
66.93525619194,89.089606367,62.46132999948
81.20284614074,83.42506227994001,68.40323355248
133.15258898728,-29.612383512079994,56.46228533302
98.64697616286,46.69973164374,45.86016774436
138.6222630864,-11.027801901000007,69.01635510078
109.62927271752,37.52018173732,55.0007484603
82.35513718294,67.12492963913999,53.9845568679
105.35819566868,32.00118378334,51.11814028048
131.39155058405998,4.621830301000003,63.190583767199996
87.05668395114,61.57636607866,52.017081404980004
92.64250522176,55.0340273567,43.25221587154
140.56206773968,-13.479056561979995,68.62465250176
97.00087867392,54.86544274756,41.10677523496
135.47677400956,-35.60799633782,50.2113615269
114.1522839901,13.611025631219999,73.14732085724
114.87933593262,16.7034898991,41.54271701964
121.81868485046,20.82325830858,51.39126770006
107.83284529014,34.88713948702,54.80426783426
122.95803710598,9.089475996200001,34.77509710204
100.24573149726,39.61515620448,33.68565639782
92.90000856954,76.61556550706,79.61859491668
116.76953367028,36.50741109616,61.19253745642
119.48611562764,18.866913156759995,73.77709218216
103.01980526308,48.551207102540005,46.78352359984
119.65103661661999,13.21526244036,33.21412982446
54.1466296532,131.24689169068,76.68818733766
87.8346220044,40.4154924523,46.63257714988
131.31918907452,-1.238183270880004,66.34630185702
112.92966124278,52.35975302648,75.47196383508
100.10139206504,43.60377655338,47.016116737640004
106.33474594834,41.33921907122,55.11133074552
135.5225854539,-3.406358454000003,65.48107157513999
126.45971588126,15.659823806320002,54.64556140944
109.82979907524,40.8681628561,59.12234871254
121.93721036634,29.575019520079998,62.73605467812
123.8888484849,-5.794512775159998,67.82102971968
82.23606698169999,51.16991749018,47.44778706392
75.21509149054,87.22381468944,67.97253280846
91.08947126782,78.60118995188,77.68163744098
101.15312294132,70.59402901516,71.68448569464
100.26188123664,37.7413471538,30.04733691962
105.5103975656,10.94796982698,43.3056463049
106.2371033491,8.593589821439998,42.90720285714
117.24591301686,7.16296607134,35.82208087458
115.75114865766,6.722525384220001,35.225531058979996
74.36143427422,72.52616177674,60.73565295126
105.81568677854,59.946105743139995,69.038779452
74.00712805862,74.8623989956,62.47447473636
113.86287782608,47.35372017668,68.40410237564001
108.31741237144,43.51219451502,56.52936015928
105.06836275662,30.43634962222,50.09653751306
109.2447689776,23.03329843376,48.751433474340004
96.06298355962,45.13484601458,36.70692915674
139.99367933108,-25.815184746279996,51.21275000974
81.03637352148,78.21670336812,76.58959024996
140.47814067491998,-30.81992644439999,49.94756162012
116.89922637245999,30.05054077894,50.88748135368
115.7122752862,27.672745160279998,50.257619176700004
107.1573571415,42.98664285218,52.095211491979995
139.75284913354,-18.118435341199998,65.76822412452
94.60981314954,34.98007927124,52.312700896980004
91.00908495806,55.46952594798,39.81600679878
108.46321355118,45.24111073706,54.1986518993
97.89521626348,74.57745479462,71.01719950086
125.9531891182,6.2000707847400065,68.75185484248
54.490785544779996,131.25218674854,75.79087980957999
136.78614196014001,-3.495287700659997,62.97633347066
63.622127899,95.48845357172,63.24463279302
98.44014606842,42.04951655264,34.94153214386
95.68056553816,63.2402273048,50.131672180920006
139.73370450444,-27.20327031448,56.916115724639994
117.93524223202,8.156815920100001,43.58347877176
108.72679499076,-4.535062911280001,36.22600240452
81.85003383908,76.80734947104,78.27246348154
137.79275327078,-31.577330582399995,48.418893761039996
93.13952936112,62.01572572274,51.565746825359994
143.55080957212,-21.826104092540007,59.33614972828
127.05014655656001,-0.754670293060002,49.55068404758
108.05295754421999,42.87062090376,54.96307337278
50.62306285872,128.79928615698,72.78065569516
104.0417758789,41.83622388132,31.02179220492
65.42809060172,99.77975218172,67.90986158353999
103.49450154142,63.95032160246,61.50633626289999
83.9976028402,75.61533459534,58.92952840004
69.89679443654,91.5620493502,60.643910686560005
65.74673764784,105.2758029838,68.4358294634
142.53908049714,-11.572747269260006,63.274612301439994
91.14193373366,79.17588243291999,66.05561452946
131.9882089674,-33.53528883872,50.69476345434
68.75698890838,98.15895313466001,62.422285610079996
111.2483204617,40.41530201634,55.55132927256
107.39490559802,41.66338064164,55.536187557
115.50108838538,45.7092907431,77.00398147742
132.51436067696,-26.140502671679997,53.68357740746
139.97919068282,-29.819954024140003,55.0338679808
112.8117123081,36.67426245152,58.01118729942
100.00503236384,46.89284587862,45.7821004337
124.29383998477999,20.77209817674,70.71007382191999
141.39956306496,-26.055313868840003,59.97265034084
101.25749887458,56.452426320520004,86.1113518208
114.9983740803,29.68912106686,50.42215303676
74.4547148263,61.97613954938,47.166481755199996
139.69489034936,-13.138205054180006,66.79007796266
118.65341625412,14.47800806616,39.132042744
141.48803972698,-22.811746775399996,58.575822971259996
139.12550993296,-33.209954365280005,52.42666764876
118.40340433792,-11.92884057042,50.35071093786
78.62437380598,86.24077744976,65.73367253446
121.22778346542,31.268338420200003,61.27024303888
111.12730316132,15.59155727372,73.88541155742
135.03666642194,-29.80738410795999,50.78073446122
92.66290004294,49.2824855299,50.751006014859996
123.41167229842,6.9657143993199995,69.65560755824
141.14833073879998,-25.977446993399994,58.3728277996
81.56163927835999,80.55376754401999,74.39982369782001
103.18980210722,40.54153918694,30.29908256538
88.5416730036,78.18310401038,79.07434531784
59.18352124538,118.52075500946,69.95179525882
73.63840205348001,79.19859941816,68.35324456848
52.94730894478,130.7978693046,77.83941392902
143.6290842617,-20.97268175552,56.48760852398
105.4479089285,48.82760132296,49.556171205439995
117.83298472772,-2.478484464140003,44.55832836418
135.05288770684,-27.800997205420003,53.9355572889
116.45937970968001,2.8217673097599985,32.76922927844
77.53512058481999,49.48292859486,34.771640792119996
137.6180749784,-26.240538763380002,62.19490378316
142.952374282,-13.338879986280006,60.79354397742
94.88365497576,57.31523280764,44.56959505016
74.41210540848,55.5286691044,34.46714472218
131.147730007,-4.2500074991000005,68.06026129306
135.39450272192,-31.738431262260008,50.11310305386
87.58888520997999,79.78561144924001,77.07300869202001
89.21458362871999,63.950792968040005,85.02151798722
98.67726862399999,33.50075849134,51.89842364378
116.22446208708,14.21310158162,44.97798871668
140.19828005748,-10.865667839699999,66.56606904986
124.85439213836,1.2706298211800018,47.09637594626
112.86769792902,24.8071385483,49.86494699542
142.950074464,-18.72508157966,62.09989762508
126.47753671406,-6.950481599459998,68.48274946464
92.04680266362,70.82020976354,55.95191836522
90.82357370456,64.33494519052,44.61536542774
64.14404258162,95.49558920466,62.422285610079996
103.44939160682,38.52524889928,83.56296750684001
54.95618142038,116.00175863364,72.32788738325999
120.83503095026,7.747401931740001,36.1875125842
124.2852679789,19.11634503394,53.442926962360005
113.65665041314,17.76583251262,45.5777607191
78.39759256676,61.841788863139996,52.0786740269
134.43940115508002,-26.662546132500005,54.22800374824
42.81808803058,150.64979711504,76.42331708952
133.40542613462,1.1566711082600065,62.41740959708
111.33864149572,44.253707407739995,82.50923793204001
120.76488000018,28.84701777688,74.03387540188001
118.55574983986,2.538770447640001,33.20745112854
131.99470003778,-33.22800392055999,52.64486566692
113.14669280042,34.077558621280005,49.60158645374
105.01610026606,52.595877262,52.027839341939995
125.46970118436,-2.600044716420001,48.35817821526
139.80560128614002,-34.25412735772001,51.965201154919995
127.20571138266,19.945072982099997,61.30094273022
88.15179650552,37.71086298294,46.94294359134
91.883155679,79.1093160005,73.87514750026
103.89423905426,41.0907436559,32.52729645188
95.27141958864,44.241786593659995,50.11433526794
130.33546737952,-22.59646413166,66.46505707786
111.53896023562,18.04305219298,45.54426624658
102.38405184436,38.933475345320005,31.22912037294
61.89162445,105.6074223476,63.95363593014
126.496756403,11.530448032940004,69.76024349776
103.84057841734,23.02422637422,46.9563426984
77.14821508349999,57.39630866742,46.92587756316
127.27135475188,18.80826303696,66.94332531399999
138.43505509826,-17.948788894959996,66.67496654074
99.8418628869,70.15820499092,81.48231317893999
125.29499686358,12.57717426552,50.628412101799995
105.31794200764,5.806405567760002,41.6909545783
92.02836219044,41.09726231586,50.0368146804
95.44796965344,45.892254938540006,32.17597535492
103.38043390086,41.6478114517,49.33972571148
103.90935335996,44.31542049134,32.41282487406
38.56663226566,148.94734663606,77.83821475284
94.50692643558,54.88495144366,44.89497437236
99.4515311694,38.351102170000004,31.80178620298
110.75202664792,37.979073550820004,82.49778129762001
96.64537771598,62.09513086452,49.13502426002
119.46486582354,37.87117388676,68.19750635866001
105.30193793844,34.83848322808,82.49824379358
75.99370418478,72.86079549474,59.98699426256
129.44158681232,5.40795863584,54.29219459532
114.28078093022,31.41291079598,47.4442093408
113.16266539786,51.78324075368,74.03658099372001
112.29852595082,40.7473478866,59.3454491567
102.08659094914,40.61616978122,33.46516367018
52.35819824232,130.24468289234,73.03953995212001
104.1308995654,64.69066804196001,69.77841620466
121.1279595249,3.332778449380001,44.21798736782
109.67280050036,27.08709955678,50.63810465092
97.11654859066,28.91447700314,51.60140675686
140.25656750849998,-25.392243332419994,56.4227883547
121.65874738948,18.517581621319998,72.70601578734
45.607989149,142.6147458905,74.43718990046
132.52144829946,-28.60849004654,52.32052364818
50.660013197779996,129.52510533574002,77.4078245391
94.75399853318,67.06218379446,54.509920201819995
140.33938261306,-16.23675476065999,66.21754685624
112.83793914908,11.32388847188,43.170457686199995
103.15412932296,39.2191966889,30.8558693155
141.03582539186,-13.102017452959998,64.29381010026
92.94582300834,51.42507411906,49.43140687122
77.83150803512001,66.64858006813999,54.8297661131
131.504145965,-11.687968979839997,69.61040208112
91.91565764982,53.664245743420004,49.38106275794
99.85506123412,38.83804564454,29.43285544822
96.5127714882,40.937035327000004,33.8613338766
127.56089847894,15.753151374679998,57.61528922484
94.91825568269999,32.48920097338,52.70249901478
104.69480513742,6.9683906144000005,42.8970783732
75.06601664806,72.67786871144,60.333719332979996
93.09929234802,42.0366940013,50.632250794019996
120.41821418724,9.243402110640002,45.14652149628
108.89577870466,47.64151287278,60.33616724652
93.32873692228,39.1823458239,50.76409954516
113.30016342476,39.6492078532,60.3061679067
123.66821885857999,5.016781720080003,46.377485340739995
106.85825995086,54.950243259000004,66.16727377228
121.1765321229,3.4663474827800016,69.23354884472
134.82087626568,-30.986275680059997,52.1254585944
132.44000781393999,-31.31951638546,51.0795633319
123.31937612924,-19.206248894639998,50.090967764780004
100.16679168794,21.2559471582,47.12920805002
119.83918955018,27.947754670020004,75.2828798103
139.2821065603,-12.139649456259988,63.78675822376
105.50683081842,24.20821344228,47.089260145500006
133.1370182612,-24.342820389020005,48.768993373659995
73.594546802,93.0771057912,64.8260778097
142.76728662076,-7.388966202739997,65.77110150478
126.87180255828,4.104095468519997,68.1535066653
123.24648282648,19.660789413339998,71.79009287048
106.3984869404,39.780065893,54.012230521419994
110.7978767842,20.406378204840003,46.71433616658
129.95487377839999,-7.9577673592599965,50.67190799966
91.48147305398,55.81103905002,44.61590555194
96.69509120202,75.117716665,77.0670590382
134.92993346042,-35.119969272460004,51.85404900706
80.60245528612,63.10707185102,51.47026826428
135.25266737319998,-30.996510614420004,47.93423814272
140.32522745902,-14.555073399400001,66.16235812246
111.86002464842,34.89892798028,81.56474610818
96.72880221658,33.6667338672,52.559750268040005
89.43829940612,57.56794524962,45.3323218136
101.85817737904,69.57450733578,78.53262951376
70.44466070653999,81.85274473966,62.69405693428
110.84643112778,35.93381629326,54.46230315718
139.59311460422,-29.589061899999997,56.262838146039996
113.28052238234,39.87093420184,56.658409175719996
76.01451274563999,81.23119454172,60.669096781060006
117.32849825348,3.395870926779999,30.4686539994
95.7435332594,63.04696054638,52.83483173002
138.7689065947,-27.665102028000007,51.0790116466
135.42244016173998,-31.863667683840006,50.47632263576
98.84157776526,44.514827847359996,30.80600396166
115.9710974241,24.1160266055,48.735523686060006
129.78328694284,11.028665792639998,60.31205810096
135.14032903684,-2.41731283024,63.97437878648
109.05107300154,47.44032949602,59.069822617
98.44354364099999,51.959785716460004,35.81810177778
140.21244249604,-9.420507633859994,69.38176822604001
86.32465878549999,58.10157271438,49.21953511296
108.53551508582,49.93491960478,58.287078125
114.66120766006,-14.915750894280002,33.56747887692
119.74552008015999,1.6114727870599985,32.78811802878
119.41067433932,6.083463270919998,36.06747312
131.8086661074,1.2337966151799975,56.46125298308
41.74800055572,152.25856264788,77.67315068427999
117.6120579218,18.20453452724,41.61147087268
139.51428711568,-10.096193092579998,63.90135760586
108.89646192214,32.44399369428,51.50733054422
141.05448637354,-15.800866892179997,68.0870628153
115.90293612938,0.17385667831999996,43.41276567262
81.95193305106,82.84563217044,67.37321339496
97.19530806736,39.19812562176,32.69214785682
122.76796428556,-5.238051556059997,67.44560029985999
100.26041397454,72.05096950268,69.12972887638
79.25872574377999,80.03464707214,61.65624044722
108.78971500048,44.9946404438,58.0326932663
106.37550698074,1.472099641979998,38.22546303186
81.3378784149,82.58983336532,70.55863350082001
129.31492350234,-2.6690751659800007,67.82174658582
136.95384180802,-9.32680230398,68.9597722802
137.57622873056,-4.196762833099996,61.847679888079995
117.404563097,16.53504735212,34.69004200274
134.9754503394,-32.188722055140005,50.27194327568
115.8721750021,3.679480014320003,30.89030395226
40.566605822,152.4501287617,79.14503420458
132.8673554176,-21.990497918080003,53.4515326555
102.89238769908,66.98869109195999,80.958036701
74.7220825702,80.34739567234,60.61694398348
102.65493615674,67.66609274988001,65.78036459584001
144.90939742842,-10.438735727160005,71.13285600916001
142.29529300204,-21.33160047786,54.12777470952
96.58571773174,41.59009186128,50.99766391928
93.64754757108,50.94333238366,85.19087334558
104.03735537122,41.01414255406,54.311379829420005
100.57095902638,17.20846019368,45.35577851476
60.1370411269,118.45490647704001,70.38414445981999
115.75503443586,30.54989572544,50.91540773198
132.27591175364,-23.81225421738,54.55481514866
71.88724781146,79.87874384148,66.04254247596
58.718983273300005,109.0908717547,69.83907888979999
121.54686191846,17.09048787558,49.50676364518
134.92924914114002,-4.261466169500004,56.49693108326
116.94360376562,24.89359176616,48.89472564474
53.18113753464,123.69665746956,71.64821626368
78.15601757238,71.65306530464,58.288039454279996
117.66116333798,41.01574251878,74.18116650048
115.29625046604,45.146613013,77.91496231414
114.04297852164,17.44940588406,74.81556937526
118.60321909914,13.222342784360002,32.86143466262
110.96564372966,24.73876734242,49.67105964102
119.79521149818001,1.3096666797999994,31.4827099059
108.50794024012,37.17063547722,53.04131543546
119.3991157762,33.90380584356,61.3623916481
63.35200343382,95.97778245958,64.32940891813999
78.7623607634,57.0133916853,49.29222097838
72.0940778396,80.84383867858,66.87956062552
115.71848437514001,37.69941458176,79.18328905312
105.1094120965,7.61823033816,42.58174425264
138.7711209631,-13.609345473860003,54.11162871974
95.61673287848,43.53131697748,35.2865711729
88.2259168826,65.34378676792001,46.49595149944
54.107368239399996,130.61030241,74.033317109
132.15189386854001,-30.354932657160006,52.051639611279995
101.57234396964,37.86853595368,31.14050075702
97.90889479068,49.11489071558,45.47999941666
133.43773865832,-30.429522736180004,58.37358430256
112.56343330666,-11.987974241540002,33.82928552882
111.73156036262,20.4137804404,44.42096933298
134.11730530446,-13.792558646699995,50.829084895280005
124.39395120686001,-1.8626745032200027,68.4285583975
107.55418017538,44.36554312568,51.85923224222
38.849354793879996,150.21696839154,76.44763105274001
123.74830466078001,-12.437431057999994,48.88210782556
115.8682861266,33.14976119224,55.52292884586
55.87923340884,125.4505921935,72.33095305789999
102.74229373244,44.38690305016,30.489253195
94.94270730954,52.74532756264,85.85522930712
42.24930208476,147.33191421444,74.98877334154
117.190340216,17.62652290606,41.54727424072
74.38830196054,60.021280394719994,44.81885282514
141.21758572778,-10.029328067880002,64.28292167442001
137.62106874006,-30.185575327580004,57.6852067394
131.02810668138,-23.156377379060004,65.76886831594
131.49159429162,-5.599772749700001,52.359759648739995
119.83599603889999,7.722800136800002,36.2539655272
40.74026527974,148.2541362682,75.19901645690001
112.53211393634,19.545894066160002,44.0977306935
122.95878552812,7.651476903260001,31.23809544106
115.1758326039,7.180777490540001,31.23264265474
129.21773869886,10.386761096419999,66.84943905846
145.08695232847998,-8.060972486659995,70.18621359554001
64.42735122536001,96.8733318691,66.39980909592
91.59357216308,62.3520637838,42.84291620448
115.69131975742,46.06238805046,75.96988476346
110.17180496195999,42.8925721752,83.15308890146
115.62478308612,5.34095509846,34.2382193282
138.4241476328,-18.66592936042,66.2373614212
97.02829624718,45.440867348059996,48.17390413634
100.03877115472,42.51148553202,49.06260597994
108.26583121088,13.53234503746,43.7194164718
109.364923511,-5.958623362760001,34.90851214408
94.1752287746,45.687219168919995,35.8306869834
107.66018803212,57.66184842794,82.52913507875999
100.20590938796,49.11751175668,33.65578217768
110.83799057563999,41.149185241439994,58.57306122798
122.5829376577,6.00131368928,30.6610578525
104.42938316212,37.55678852434,52.705052640939996
134.6958263015,-23.256203579319994,53.760579330279995
103.99861181536,40.79225001732,53.4479020804
108.01271850424,47.61369601152,53.7567621062
124.38566665266,23.8833796708,68.81434437194
140.91542054964,-26.92935396338001,58.41499402373999
95.4495479918,61.19562482244,45.82842084252
75.07980258738,80.33493298142,69.74999926334
105.83084676234,12.806032344820002,43.89358754358
101.56347912257999,48.08464569786,46.07448907022
41.77201755802,149.36220447532,75.46555499342
126.99557115436,-10.775017582419999,69.14169755928
134.1480806472,-3.194918150000003,66.25983531628
115.85587812285999,-17.660313248559994,31.1635956174
76.04982927114,53.624071912299996,36.43741331222
127.56115895584,0.19153705679999788,67.87385972926
99.62050391784,41.3183596605,51.4342647646
144.05043946396,-7.517214181859995,67.49487571718001
87.24736858644,66.63258508278,53.507449816519994
132.39996477072,-28.48671096252,59.14144310323999
137.04948051802,-14.56538534306,68.32831284416
119.8227383639,5.533090535600003,69.88906126622
108.08381236746,53.40948045142,66.42656767322
80.13439207344,83.17897840556,69.78304775452
126.91487801154,11.118486151819999,51.958561065279994
101.29611638468,59.45011337558,53.36499013192
86.96098202572,45.3301327251,47.09536011094
115.42076236802001,47.45389482082,72.77198062676
135.23688879692,-32.53363521116,47.935229201780004
57.43760388826,120.04662094702,70.27327806598001
143.22342199806,-19.18493170606,55.92364016576
112.89857683238,45.31242936966,81.19437769628
122.93395121732,5.552425568420002,34.6247494218
120.94007072348,32.76394527078,71.20574504684
91.4583398227,60.5951136284,85.66869230958
85.01987943684,73.63319501756001,57.1333937044
101.86543911368,40.34180264942,29.50012952376
112.6151899118,32.435201523879996,52.876538766319996
69.55757904000001,94.35642294272,67.46341952288
69.66980175236,99.98411839846,65.45343095952
123.0284625278,-8.958253796259996,67.44568618974
141.482816979,-12.190313152800002,57.74326789126
86.2719593095,79.05607085766,77.93298305536
101.66294445082,37.98725106664,83.15213417976
95.6666852305,41.41260943504,33.0910019791
109.05665951824,16.8597120905,44.3498790639
140.19308407378,-26.75914486746,57.76686168888
134.4836396015,-30.073583652780002,60.10328504658
85.5617755325,51.25306333462,48.21730257456
97.09775110026,62.24494865016,52.51032619316
115.30886926606,36.47704967768,60.51131037732
140.3375493809,-32.19582275702001,52.90735573138
127.12882584478,7.845733673640003,50.72935965206
86.80944549242,80.88619885290001,66.57454589952
130.8843653237,-21.438192818420006,67.47217057412
74.20315014814,88.76615662756001,61.55704211304
83.51916561006,75.97130828438,79.68693499492
106.98667972162,57.308185085459996,63.003775876199995
77.0616004115,80.97426149085999,71.09472008840001
109.47500681602,31.82212095184,49.688095939419995
111.28284573242,16.31492443946,44.5624676883
115.47062221242,34.1874657035,57.03703971258
51.70049286,131.43392498648,78.11353736984
121.16766798367999,30.372519249360003,61.7813780794
137.29005498516,-34.09961510356,49.45298716688
79.2901679303,77.40227900248,76.15694372518
116.60707891214,26.25364102426,49.6736842965
120.10429748391999,36.430276688359996,68.78860659214
92.58786060854,47.43870225728,49.64013862606
74.14704592014,57.88968630134,39.17903708268
41.79095657996,141.678685025,75.56747543406
93.043222661,52.022840608,46.83207224398
125.38578397096,23.4697601994,59.58295959838
143.16293549316,-9.040018361879998,68.06063789048
133.24693695358,-28.366063354839994,58.788210086119996
94.85568860484,48.056842579779996,48.778337409740004
49.3973275787,128.29578271926,73.44261329567999
94.6271570068,48.870466397659996,38.95338548046
135.4210616947,-9.398370617999994,69.1804082962
68.83442946846,93.45347904512,67.29420291503999
60.55996814414,118.42635017244,73.0113377355
69.68899693618,99.63655468958,64.32940891813999
92.39273272144,64.84682952694,52.95301543416
115.9032872754,17.04153155868,41.75926574946
121.13908962314,12.49979246618,35.79932452494
80.42944498726,78.87374211416,61.71240041732
120.38063681477999,3.8591796804000005,30.77472760092
53.62089424492,123.50444874083999,76.13981823744
82.6367245309,82.03829812923999,66.517741738
139.27488790648,-26.31140291908001,56.896221886039996
93.16997619656,63.079146599080005,44.41932912898
109.9989590724,35.7950547275,50.64524357388
83.60180256564,78.5862458876,77.6340336115
95.31646022824,62.570557397159995,52.358172305379995
114.71152792642,37.8397690874,61.42421386394
117.98873122218001,2.275168680340002,33.0226325781
80.53941014228,81.13321827077999,62.96733796494
84.7162251417,78.55739404568001,62.01648685194
136.30400481924,-12.93572950846,68.80237238958
109.07886208658,21.47423601886,76.80423366720001
48.93738427386,134.68867889776,78.25485898322
114.67560174706,38.77842626483999,57.93653417644
115.18590692644,47.74922418584,75.4476696946
136.66783027202,-29.00908839606,51.158411930439996
135.23390119398,-33.43215511300001,50.1877363541
104.08672076858,43.4347102901,32.58168532208
103.02857676884,67.71550320372,68.25913366388
78.41598351482,81.00222437664,71.9628673787
137.6256827366,-32.42530540534,49.92258364274
74.3248513832,91.51760883626,63.57028795354
136.58031552732,-33.892013527399996,49.26365041732
126.25394823668,-2.344824233179999,68.43537026690001
132.56169968046,-22.300284707339998,52.7470867308
102.11482783036,12.0552288413,43.4022191609
129.85816189304,8.256954875239996,56.46352745414
65.461086275,98.1859863567,61.80746604362
112.37896828462,34.3191131015,54.921875076839996
138.4059224442,-27.82596074704,50.97571363378
98.3569043619,47.36237353792,31.94241551864
96.93159378058,42.91820680966,50.50029798432
103.48757342328,44.49203060722,47.29112551624
60.57079694302,118.85607402306,71.27938398856
120.40948900846,14.49946539712,36.21407872764
139.47074075877998,-30.199671040539997,49.59807645182
134.04379401262,-23.352840530060007,49.085780226539995
111.62790182048,36.79641564406,51.40028302852
49.1701967606,127.75974151000001,74.033317109
101.48570558662,42.775715109939995,30.1003397828
129.68036645648,10.47935652636,58.231268322000005
42.5311552059,149.84778973762,75.85149954112
111.45139925786,20.075810155040003,40.948005211099996
95.09926022888,43.319295252319996,31.55148367694
118.47905276958,5.801773575140002,30.63731725922
106.67748864698,44.959894234320004,50.00883710418
98.74716663098,21.040081044940003,47.495589112139996
104.55875497478,43.46032899522,48.39068162872
89.23798452732001,67.1323153139,47.7197681593
130.43209934708,-4.4305404133399975,51.9787505736
113.5290216576,10.01885735274,33.71612400116
105.20231552078,5.765810262619999,42.45954675108
112.27719729204,4.978864793259998,42.766083576
141.0215671474,-30.685725720020002,50.524806858160005
98.48309552702,69.34207660732,59.56046257244
76.52165648953999,88.2370151213,66.27261006332
132.9700504832,-10.995180217219996,51.32564642016
126.33105878288,19.120525978019998,68.95360459356
124.60973972338,4.241314487819999,68.93178148882001
43.89249115552,141.3635949541,74.20713552826
115.9470352199,19.935750246799998,75.56812292494
100.94185585363999,63.72003109856,56.46096887446
91.17279396986,72.99701318804,82.9924086115
137.54872090627998,-5.747270313659996,67.98306115150001
113.55193549978,26.956664323600002,49.44664108424
131.5237696038,0.10969581230000358,55.15160075008
86.36085514568,77.34415020056,79.60067657996001
64.60588427984001,98.06689355152,61.960693572219995
109.89487176464,21.538813470820003,47.64336416618
103.83331605518,38.10961476144,53.10600180774
73.14381981,84.04892165408,60.368918422579995
130.93972357182,2.08389368916,55.38726287064
95.71298451914,42.89353789276,30.99135515406
97.78637738306,39.712768637379995,33.48142858774
131.40902272002,2.0552254822799974,64.93595975206
75.59997503632,75.28122923562,61.13864040494
106.52246842228,56.75552253496,66.86902236678
79.87926924418,85.0726433108,67.00160285327999
117.03262988776,-6.04730173814,46.62353704516
126.7208903156,-9.775500665899997,49.13406789292
74.01479417510001,84.56363846629999,60.430096447
70.61650971154,94.48239373512,67.29420291503999
114.96247310794,9.54184074334,35.81856964294
106.90394965848,54.7905527476,65.76430944946
117.56275347818,20.5217199173,38.25180618896
99.02916080686,61.42790958764,53.00661517918
66.06842450016,98.91131631152,61.960693572219995
93.59396175766,64.27386728162,50.308141685980004
133.65313673828,-34.940575682180004,50.52557657628
109.15613992904,34.49117201304,50.68946624492
75.12866018072,69.14988088492001,57.3265840154
134.97784504307998,-24.303914751899995,64.35088184712001
135.2654141184,-28.675699522579997,51.242848454599994
85.17129894007999,41.52017964684,44.493653553
137.4514825181,-16.67251130332,67.523101056
141.42752914264,-27.78154920774,52.643907645759995
100.66717197438,60.55566481366,85.586375
135.54895284916,-24.38845011632,53.6832503539
111.55728027546,26.394165686980003,50.259009964040004
90.84332561136,55.99393486088,47.8657791367
140.66071326972,-6.596282336520005,62.57322378974
114.13468134858,45.77326559606,79.64986941552
103.24177695788,67.23873848134,72.65210882016001
92.36408742606,67.87837916365999,54.2701072047
123.00219787984,3.7401673468600016,31.65336746846
111.12429169224,38.5158338226,56.67254827112
116.20513402227999,10.378255871199999,31.64484002708
98.7870629565,60.54991644052,51.11319159276
42.96217632434,151.48518962606,77.83821475284
110.20302067462,50.07048797774,66.02920612791999
145.06791907320002,-9.027020476700006,67.64257975056
127.8967675891,-14.74136450324,49.16154002824
83.2621305869,82.19811194249999,67.57863996554
129.86449462722,-1.4787587138600031,52.40113798608
140.85233622618,-24.7089363634,56.6490882705
79.29784876395999,76.88679236164,60.71235647742
95.85355979866,48.3968647987,85.19114423037999
111.17431393646,25.59188616294,43.88783609984
116.65268656414,4.204323716880001,42.72705817798
90.03797185308,75.92287389152,59.62558501036
104.95365962854,39.8830205044,53.99511659478
89.21172847286,39.413868163320004,48.09672711698
40.1581695081,149.92441738086,79.36840554220001
114.97835116086,22.87688208934,47.96295240782
134.38496179702,-25.05644673674,52.914701126059995
59.570063811980006,117.22021302261999,73.93998583822
87.0688640625,51.707002206599995,48.92866608994
110.45340750666,39.32678031722,59.3564168735
109.5979036947,38.17248107834,52.84923676536
91.19516272002,66.66223520058,49.30137671142
97.1075791149,43.40489790138,30.69646553552
140.54725291642,-33.213992400980004,51.20652450894
89.99728857864,56.6406064551,45.284257133560004
112.14822691824,40.68986096804,56.63530265032
117.5078855819,33.44599766604,58.22065408908
96.56406076056,47.36604234184,46.49737697008
110.29384211762,15.809275924400001,43.98074947366
138.07180842297998,-35.255178520339996,51.96541753368
136.14291895604,-33.53453701064001,48.16842027794
113.00970346938,26.60178400916,42.61377856256
136.48330460952002,-27.684252665640003,48.805764946059995
113.75539067944,27.767094098279998,43.4463881486
52.16009861496,122.29635992362,74.4602154895
115.50379546228,33.4959075439,52.13894029188
105.12060786188,31.5471542659,81.16351944034
99.13575175474,60.12191841264,86.04695945552001
65.92130661,101.08113594148,68.20244513067999
61.334423065,110.77968280142,71.2404849486
66.47563676758,105.31898232742,67.6009387814
100.53297233654,67.55018270922,82.925416367
118.90342580282,26.41473326362,75.99617423722
134.32299929224,-35.33106296152,51.08207731258
130.21549182968,-5.979316407019997,51.36624347828
102.72174461214,43.35354459704,34.53544722468
118.05633689868,33.631388292240004,58.57422737492
106.2073915558,33.18043909674,51.730130373799994
91.83099376466001,77.82793709206,63.75982455858
123.29864311914,12.792235158499997,48.7855225771
121.33473644306,2.4491803194,31.62733412286
101.6248249494,61.48455560402,55.208436295439995
137.88135873561998,-33.3826162557,49.236971130979995
94.98243770512,48.76619846274,33.55560889204
67.328392498,89.45923379119999,64.8260778097
98.71409767476,58.89335480836,48.983207332839996
139.55389881208,-28.190266785859997,50.088260518880006
133.87505142174,-28.0119716099,52.44263690526
138.21431731676,-34.9901214604,51.3333750285
71.78757052472,88.21598913042,67.53442555614001
101.75380367252001,69.96675996969999,75.74894151664
136.15758108524,-21.574378044019994,65.66033751544
94.95752569902,76.64049479196,65.91282945402
108.25765572982,38.72490390618,55.03729538364
118.61964804288,39.76925567648,71.44910272918
142.30935824248,-18.26756589811999,63.323170861280005
98.56285895848,40.27752620894,30.00409269002
146.18777107558,-8.943518271299993,70.3689118922
135.14115133304,-19.48867273788001,67.01013256358
90.27886910312,56.32531447408,41.7443841803
135.4848939314,-25.53967935584,52.72111108678
86.49804960874,74.24029146768,57.48901352144
70.74105670956,81.51202680158,64.01034429474001
77.48568020420001,58.00440459608,48.44952902198
145.0213028654,-11.671461254459995,71.91716967584
97.9313105356,53.39192023738,39.47899823104
94.84114673918,67.19674663354,85.02226789126
46.149865020360004,143.43245828386,74.89203943551999
115.34911319188,-16.304053267099995,33.10779132894
132.25096598926,-23.934326859660004,52.28446895058
108.97709510938,34.11668700768,53.65946660784
111.89430098344,48.963340835880004,81.38944771224
117.44009438418,16.335287379260002,46.28643681132
87.5546165845,75.9594442151,80.88977921318
95.55862180228,58.55848491866,43.91521078418
140.11468875987998,-34.05226955858,52.29984686764
117.94247682732001,24.72894295316,76.23709722118
105.42235314142,46.55216549726,48.46151092004
110.76615889574,21.9118534127,44.39322795826
81.36851956522,57.76493620782,50.55457990352
124.26346030458,0.8681321943600011,68.82023786566
62.735974721720005,111.6770575775,70.66445870948
103.4508191608,67.44935377238001,75.022693964
109.34396136854,37.855752547280005,57.614785438
92.68848006115999,61.66985953254,51.72313184676
114.89245965278,-15.55584261664,31.92167040204
67.0934284713,89.82107050576,61.64090877456
128.34891901262,-6.555206877780002,68.7042080594
143.69695613396,-16.322361273759995,60.00991743844
83.26886751118,67.46394035634,82.48708116616
114.87989122998,47.2825354264,70.11638362492
118.19080355332,19.947678260140002,38.6180129859
95.2922649385,76.69257400417999,67.46536199552
111.23366570938,13.694537244940001,43.53198833428
103.43316255767999,42.578358482279995,30.23241760826
117.6200262381,12.55160150342,32.435710682039996
118.19998110194,1.7178628481199993,32.12760695136
105.27454922252,14.835718218759999,44.39678585864
133.68786667298,-1.9934355954000011,56.625626615819996
95.89707209936,74.67960003778,79.99876820656
81.82451793864,69.23017547872,81.43590852564
115.93567782184,17.18025813682,35.12136628408
40.777777873880005,152.1803847032,77.29009671468
94.57922540098,49.25352872936,47.59147235502
114.9047012972,44.12953058984,65.9006196161
107.12697757458,36.230540801800004,82.92474905338
144.9515498357,-8.841169008339993,69.46634184666
88.64313078066,63.700721054439995,44.52357855538
117.54763512948,41.3753911053,67.42420334506
53.70095825,124.230379916,71.63804139586
91.6814147571,52.892759899240005,39.10551128386
137.9054230258,-6.499705303300001,58.49418619912
98.10377833012001,58.33341918274,47.66371555588
109.7169738573,31.662824641820002,51.08413541354
137.35753323442,-4.188952874600002,65.97598629710001
69.12296069186,85.83302183756001,61.55704211304
128.37780015046,-9.262634593340003,49.76480220118
135.17174792908,-30.49733739928,59.18684348232
123.76071978654,27.19178013448,63.97222158048
109.58196236882,28.3970473298,48.678729431579995
39.45619857116,151.74031792596,79.10162254254
110.37004606836,41.1748527442,57.0471138213
92.15663374908,79.09525528968,70.20405924888
110.41286632559999,38.240792275800004,52.65397844636
137.75557980873998,-33.9412917011,49.61345437754
140.81387274412,-17.891995694620007,53.7969280522
146.36699248928,-11.098500315820008,72.71426469714001
131.40271184852,3.7686981112599973,63.93871390146
105.38215094418,39.44276508804,83.81574024592
132.37889004791998,-18.98360069818,49.066707303979996
133.7641961601,-29.915656321499995,51.20316978082
39.68047333,151.69183640744,77.14229688438
71.00740811588,91.66610656824,60.97497372264
107.47818939572,45.04193237868,58.663673691759996
142.76773342624,-10.524251128519996,63.00520960848
81.61311422946,82.58527334402001,65.63308010482001
131.65753919716,-27.645513916520002,51.70757884182
98.1346783865,67.99525612254001,57.5450066653
106.43770580344,17.838978634900002,44.93148991186
76.06343702536,54.1319794965,36.02334542318
143.97132611812,-9.18110449676,66.63310093118
141.36169362786,-19.746620077420005,63.68880862694
75.61659570542,63.985888274779995,53.84046524094
141.59084384664,-26.237592467640006,52.85413754596
139.70405890578002,-23.564036482680002,62.919354221259994
144.20043691630002,-9.6071184792,64.99763001088
89.30237897576,48.91102818274,49.77836483502
111.80023421406,25.536887767419998,49.2313121847
113.30768519,26.02748832404,50.15077483326
123.5002891707,21.892743515139998,54.260001720800005
88.37997414214,61.78790199478,45.9848561044
102.32448800526001,52.27638225248,48.04126419028
113.56647667128,10.37370924042,33.32073529046
141.28727563958,-6.705314540059998,64.05478995211999
95.03234048978,70.91653057618,83.55751337822
53.2342108113,130.51107326926,73.44261329567999
138.61827865528,-4.4953151042799995,64.57516826962001
86.98244130214,67.03488910146,84.11581619124
129.41685917114,0.8663917576399989,52.443760107260005
112.10678659082001,16.78722663226,38.33444641262
99.57683004498,47.6770290357,36.80925964838
108.7744133205,29.95769510834,52.068142384400005
99.74216340588,45.858694769959996,85.1632095991
93.67448074514,62.989172598020005,51.636610799980005
87.81316229238,79.40453305034,63.96537997264
110.92037392131999,26.85287542284,50.15529570832
112.60124569094,15.36232763316,38.35933850012
129.01207504692002,-2.8518083948800026,51.18977562728
107.8163631311,29.62005183296,50.07998518742
117.15078307214,26.58508997262,48.15586191832
120.4289624387,-4.802357227999998,46.46205234512
97.83814699788,38.250585347939996,30.00970724514
128.17571911456,16.52657735826,64.49153945500001
54.74120714698,115.49026005306,71.27938398856
108.36500984476,33.079626424699995,81.8984123316
138.21810411846,-20.005360499600002,51.196924457280005
104.8524750011,25.75350545406,78.12543997694
88.77575627442,71.70170689368,83.35176966978
94.98638229816,69.07764198622,55.9974872246
99.85513686512,41.17315241252,29.96486522822
39.1919374925,151.93273472318,78.48072778689999
101.3363186048,29.6289606209,50.6337060031
105.07900238892,53.72100874974,85.19147789152
114.03053926866,12.8579701989,34.0312677576
90.04388521272,57.534225366200005,51.402808578960006
73.173172906,61.7451463038,44.3350330094
84.99994530474001,80.38267219676,76.01778922484
116.3145886136,27.4898549006,49.4262550199
63.3894756408,112.44622831884,68.2126992808
127.09302017366,-25.639438943339997,50.12493463164
77.66709356704,49.849114897279996,31.04341389538
142.24371156544,-23.609539761600004,60.979235274000004
107.14186598178,59.263318502939995,71.09625622518
128.63005092208,-6.036458112700004,50.34123642156
110.01904203398,37.10162027756,56.858381626340005
75.57044748778,88.35103962592,67.15285817946
137.05488216306,-33.23407634068,48.1446976455
107.85254411184,52.3440395713,58.2646570819
96.17111746582,73.19575804333999,81.55056075972
115.69747298994,32.14458572814,50.66628539074
105.43210473896,62.28235502704,66.25402441298
97.81291170392,42.12422774932,30.39847653762
132.11545001192002,-15.614021473259996,49.592521572760006
78.35469296164,86.08979194866,67.24497705024
90.3925025856,78.01803172204,62.86918355046
143.25807551422,-23.5668957851,55.9855185417
87.33936592938,58.33140065484,49.06066019918
136.5230179594,-3.277103632319996,61.6717439083
110.32016415106,31.90904637498,48.34144254876
117.70823382492,8.322933556360002,30.9498442581
76.35252068992,79.45306697948,71.51945135586
103.40092125474,60.9210250984,84.36055144576
90.3909549898,58.3782382836,51.23237792572
123.72618413544001,8.096030896299999,33.50855467812
101.6389098442,43.59053267622,46.97104340346
119.63523233484,15.33496377338,47.14267323288
121.83012443696,26.04151783128,55.15315836366
74.14692907416,77.22450363236,61.63812390042
145.10306025926002,-12.422082679560006,72.01609051764
135.51697273412,-5.171479316400003,68.08212403462
56.865070345,121.08317037746,75.67885387638
110.47753842988,17.425042461620002,44.81764869544
74.11087914036,60.81215144918001,44.8116494891
46.585536955,137.71279217894,73.64456786442
84.30655240892,61.89362498064,50.8921029965
116.05229484466,31.2647123873,51.064504198099996
112.6098728397,36.9909050884,52.15150030556
93.55587538772,63.8637443538,45.65499885208
97.21893618236,40.10125016962,29.92020379828
128.81002018918,12.838691556240004,67.17566903514
75.40099842302,79.16382768253999,70.56740105802
57.235034040440006,125.35656059866,75.3663037986
93.3581869605,59.83978070258,41.27124549598
103.8369354804,40.49251086084,31.25588451862
114.79613084902,-16.83224024164,29.9947702693
104.64967311852,48.26156584984,48.203802708400005
127.39485573788,19.412875012500002,64.75321190288
97.5429403523,40.728953967660004,34.30918818408
71.06267128748,82.61628767500001,60.99454051634
76.65631568774,83.99051752,69.57461826832
121.88328670428,6.5666515736200015,45.35929016208
108.10731320322,39.2507783923,56.97082049432
133.06995865438,-23.429464321639998,52.29314731844
72.88257867952001,77.18199955685999,64.97829115703999
59.0749805386,110.72429101372,66.10076715459999
140.57574454252,-25.092255885899995,56.503062423879996
73.16265806788,86.0342180712,67.97353377456
56.57129168986,119.02147060484,69.81663141638
90.61823341492,55.551547705939996,51.45185935588
121.5200696344,27.61795646854,56.34349707428
91.11833263502,47.03726697632,50.42915816272
93.9497793498,45.74818471078,33.51301485524
119.8083858656,11.1944480879,71.68326008814
67.6859175068,87.68450613626,63.57028795354
131.6247376939,-30.037031507340004,56.650028122980004
119.57194728646,-13.949997523640008,50.67407180458
73.10415384752,83.66683772777999,68.10102352336
118.49476071824,3.8081804528200003,43.06268669678
116.12198931894,10.24440425382,43.59649715058
99.0772738261,73.24751035220001,73.11094240554
95.8780218907,34.59070646342,52.667375908020006
43.020928689019996,151.14732510654,77.0921889726
96.2607533851,30.62958063576,51.85639946096
112.75061970558001,33.986547698500004,54.12926955542
126.03542240198,23.36372005442,61.762680117520006
98.36680215562001,61.22949133754,51.71105415178
109.26867388288,57.44477619866,73.40888427572
143.50701076998,-15.485308369099997,58.840680012899995
123.94530790531999,6.554364251820001,33.5563146041
46.722517075160006,138.91407711374,73.82292532742
109.04066881574,20.46829357502,45.75406338926
102.6562124858,41.40720655042,50.26401645726
57.557438315039995,125.41260686362001,74.4602154895
114.06621206896,49.134258773620004,77.88595733284001
108.43248477972,50.16615494344,63.672228216920004
101.55507812974,42.3326001341,84.4647546191
137.85025224892001,-29.40452117865999,52.030497035319996
139.51193783308,-10.592716722259997,65.53530228776
64.37872666690001,106.29559993395999,69.2880636573
108.5420263201,43.50057766216,57.58832087636
140.51603250424,-21.664958720739996,52.44413505928
140.8916319804,-10.71174020566,67.50795768638
88.31426743884,62.83350073216,44.9556618251
101.2202854151,64.35770585922,84.14240628824
105.71031645308,2.378497211679999,38.17011903294
103.13420798798,46.849203478380005,46.71159753684
110.16501958888,53.49673820514,81.71088757446
90.87274108008,57.893375173219994,49.6276182492
136.08835662906,-27.803161327419993,51.3998849543
126.32567407502,1.9051315868600014,48.58947802536
135.80478149766,-18.21817770002,50.37887681712
117.23917312624,1.9150631559400004,30.96767566574
139.62710234098,-25.87387945914,56.46167087138
100.3760809832,71.18373249412,79.26681545458
108.26063543126,54.70670758198,83.15098785556
93.4556136385,43.86774864768,50.63666596512
111.30268614582,20.45630747208,43.58096148296
133.0547773192,-27.000312445760002,52.715584283439995
116.19821923168,31.67817165472,78.44444184132
109.38291072018,41.694385983320004,57.55274188122
94.09633348682,62.54011071172,52.29110738616
39.2067827241,147.92840608761998,75.85149954112
145.18749028484,-8.005273396539994,69.5738815881
147.00719948124,-9.699924890159995,72.40573831516
125.17723121904,24.145769719820002,65.29695936894001
117.7598110256,2.243949045360001,43.108707313720004
78.61511418852,46.15073879056,31.42203246412
118.60067151359999,34.40906172844,62.23381603828
135.56985843863998,-32.32201094712,54.96866789732
90.81543714246,52.57695360372,51.80297315842
112.13897807558,30.351050621259997,80.31090533224
130.91765652028,4.899013099780003,58.43097318728
142.16940346572,-24.612630230120004,56.95376107372
115.09616178916,-6.489489935120002,47.039720442299995
125.79695339450001,17.167225098379998,70.15468472652
141.8655766545,-26.513468172560003,54.5467776641
106.99752557546,61.17010230154,80.43217784187999
119.40644832123999,4.840086091339998,43.455664454819996
97.78385997342,44.62997377686,31.0118892611
139.32438568876,-25.162327759020002,58.34898293126
137.9754176055,-27.912032754600006,51.4551463628
131.9711655992,-22.31704429768,66.18732949226
121.7697546582,2.863153864019999,33.393589636179996
133.87660093670002,-32.68037500054,50.0436695034
141.14407189404,-15.131465631919994,69.00416177748
107.36292406698,19.53923363018,45.301073745080004
138.70222032438,-29.483276528100006,57.72701122668
106.99464868312,53.36633415612,56.77929021006
102.63445782618,64.19517996928,83.38569689982
142.16330497446,-7.852652027340003,64.31237592785999
127.79656334094,5.5369433345199965,67.7046596447
118.73644730606,33.27017103642,57.948083316980004
122.28194822484,2.4891223693200004,32.2510936498
117.18981690722,4.455973119220003,34.54568815964
94.77366184782,76.34285027796,77.97592561386
118.650194449,7.0574246968,36.36405847912
135.99958852036,-14.391623542219996,51.63918259482
76.76834936218,76.85736543914001,60.87067804318
61.14778409106,105.37579039482,64.100818008
107.2146406988,42.185286597,54.0568314526
89.58906511136,58.81830972854,85.03249891918
111.47024080626,52.4272125031,80.51420443526
117.60847495806,33.22011787828,77.26211913846001
57.746489800519996,116.23074912696,68.6086568236
132.73206962518,-7.462097586200002,69.1410632749
93.06567600086,54.34999623258,45.44180072822
39.07691141126,150.73561143594,78.87820495186
128.1135888358,-19.685946942980003,48.60998467154
