43.85541058,-25.40762901,15.13532448
43.501966,42.3990593,16.5531559
43.39862013,-9.92436028,16.60140038
43.18567085,-21.50736809,55.57210159
44.02615404,26.00426292,59.39481354
43.49224186,-28.72502708,7.18937922
42.96028805,-64.47174072,24.54569626
43.84338427,-69.81439209,43.02708054
44.0719862,-42.37136841,1.4926461
44.06509686,-1.45442891,25.62335396
44.63141441,36.62591553,0.55914849
43.90911627,34.38034821,5.50997782
44.40089703,-70.28318024,24.49599266
44.17127228,-74.38109589,35.7742691
45.21138239,-23.65400505,14.84168816
43.77552938,-22.20141602,9.43431759
44.0509963,-74.02026367,32.97053146
44.09038973,23.22681999,60.60863876
44.21991205,-38.18088531,47.41801834
44.08283424,40.60167694,48.22824478
43.55266619,40.05661392,17.11183929
43.54763556,33.40678024,18.22675705
43.78022051,-35.89952469,4.42180777
44.24275541,-63.98757172,45.03336334
43.73407888,18.80482674,16.7363205
43.98978996,-14.63933945,15.47600365
43.65971756,-23.64053535,11.73438454
43.90607929,41.15123749,10.59934998
43.99430037,38.36493683,27.52940559
44.09169197,33.26521301,3.79558301
43.7134285,-29.61818886,5.66802788
44.30434275,19.78749275,61.84937668
44.31215811,-33.4786377,49.30984497
44.15094376,-59.86885834,23.37376976
44.3104248,-2.59499717,25.06556129
43.9069376,-42.02418518,2.8505702
44.150136950000004,34.69904709,24.06586647
43.87227106,38.97565842,10.6773777
43.70993996,40.88385773,17.10352135
43.986137389999996,-34.43437195,1.84353554
43.76277685,-12.09528446,16.61071777
43.69610023,43.0489006,39.08430099
43.70346022,12.79080009,19.56459999
44.39859247,-39.29389954,-0.00603895
43.72029018,6.13632011,63.5780983
44.208602909999996,-39.35311508,4.11949062
44.21255779,37.87649155,7.43350267
44.44517422,-70.29189301,42.10745621
43.90990305,40.54252243,19.8227272
44.453241829999996,-14.64787197,60.04441452
43.91623878,33.1684227,0.73902571
43.79097033,-21.15867043,14.38746738
44.42498684,15.59278011,62.85437012
43.75290012,-27.58071518,5.96298885
43.82997131,-24.66184807,9.46827507
43.882413389999996,-23.34667397,9.49822521
45.28976345,2.00535893,26.21535683
44.22843742,-41.27254486,0.24426149
43.95788383,-17.75341225,14.69457054
43.99387598,39.94153595,11.29411983
44.50606346,11.30637169,63.54792023
43.94218874,37.56576157,20.74752426
44.96604443,-70.77502441,41.30354309
45.0962286,-70.51708221,42.62922287
43.82644987,-20.0821991,14.8927002
44.55596733,-73.41846466,26.14880562
44.38415003,-7.22098541,20.20275879
44.23145485,-53.20903778,23.80268097
44.76279402,-31.32544708,50.67599487
44.6533308,-55.31735611,43.23982239
44.18888187,-34.69726181,2.44538975
44.2907567,-72.3057251,31.04030037
44.09775162,-47.02950287,23.49966621
44.66548443,-10.38129902,17.73184586
44.48102236,-7.97782803,62.18496704
44.68273544,-49.46820068,42.62295532
44.20721531,-72.4200592,33.43278503
44.22292137,-34.92045593,17.4724884
43.90142059,-35.75165558,1.72980475
44.57001305,-4.395679,63.03178787
44.43155098,34.41704178,5.2471981
44.13329554,-20.79701614,13.49994755
44.49043751,34.2820549,0.18594988
44.31537628,41.3300209,5.15836573
44.02202225,35.34971237,19.54489326
44.24288368,-40.66955185,3.58867359
44.178468699999996,34.94574738,21.30430603
44.36074591,42.87224579,36.27056885
44.32386255,24.75722122,17.67387772
45.21892452,2.77643943,26.41732407
44.03747988,2.37782001,63.73080063
44.11958075,-17.06720543,14.1544733
44.06881523,-35.93571091,2.58129692
44.55460978,11.77631378,21.08965492
44.67460251,-0.93070805,63.73111343
44.90921926,-39.00955582,19.67635155
44.25894308,39.9517746,3.19058371
44.35901833,31.96245956,20.20093727
44.145283219999996,32.62940216,1.64206982
44.52748919,35.08082199,24.71602631
44.10229015,17.15839958,17.57999992
44.32314968,39.98807907,8.79477787
44.9596839,-72.70624542,23.89695549
44.601485249999996,-19.56905174,14.52857304
44.79129314,-55.66023254,23.19973183
44.332232,-19.24215698,13.48097801
44.568826200000004,33.02188492,1.2174269
44.37924337,20.53580284,17.2006321
44.56395483,-39.20014954,2.21901894
44.43504333,-13.72662926,16.41878319
44.24392986,-11.34360027,17.01000023
43.87243366,36.21726227,0.11593822
44.59784746,38.51659775,6.95536423
45.20895195,-70.06682587,43.27040482
46.1437602,-55.60744858,43.95017242
44.83287001,-63.13550949,23.23895454
45.14740992,41.33799362,31.5549469
44.74870729,38.33289337,1.86069024
44.5453124,33.02775955,22.27739143
44.564883710000004,-41.12537766,1.3436439
44.79033375,29.71885681,20.57915497
44.44386005,34.44462967,54.35630798
44.77380228,44.50976944,42.08107376
44.720272539999996,-15.98718357,15.29062271
45.21903849,1.19454587,25.35234642
44.57854462,44.18741608,40.55501556
45.07555389,-20.6586628,57.50704575
44.80963707,39.81216812,6.29585934
46.2414031,-75.30997467,32.812397
44.44896889,29.96912384,57.45213318
45.57256079,-66.26534271,22.97789764
44.94012213,38.87036514,50.77748489
45.40215492,-72.76339722,33.65062714
45.747744080000004,-74.67118073,23.70158958
44.8707509,15.44689655,19.20620918
44.77035618,-67.65713501,44.54925537
44.00577831,-49.52588654,23.87306213
44.7549448,-12.52771854,17.10132408
45.83927536,35.99843979,25.49500465
44.67484665,-72.47264099,30.77370453
46.13554525,-75.66051483,34.76129913
45.90443277,-43.6449585,45.18434143
45.274126530000004,-46.50774384,43.75410461
44.54266167,-17.5222702,14.78709984
45.86269379,-74.85622406,27.73195457
44.62490988,43.8158989,38.5033989
45.49161863,-27.69057083,14.88966656
44.97368145,37.27194977,26.45578003
44.90124464,32.7406311,23.37418365
45.07821083,35.114254,0.50405097
45.15816641,-4.69707823,22.25494766
45.34204578,-62.76387024,45.24386597
45.00352907,33.74129105,2.96037722
45.7324605,-73.74015045,37.90060425
45.24969769,21.38625336,18.24127197
45.13984871,13.15876102,20.89691353
45.09023714,9.07720661,22.71726036
45.43775368,-18.14302635,59.08027649
45.37277174,-9.75597954,18.5260849
45.06893635,34.81816483,4.20949888
46.38066769,4.51169014,25.76524353
45.186992169999996,42.94100189,35.49151611
45.29881048,-14.00123405,16.30821228
45.33061075,-41.12904358,20.63686562
45.74394178,18.16242599,19.22041321
44.9964385,44.78910446,43.11327744
45.46904993,-2.8491981,24.37767792
45.62358475,-70.68498993,23.84594727
45.73416901,3.59994793,26.15935326
45.16428995,27.15241623,20.14756012
45.28283644,36.49568558,1.20486593
46.28793716,-51.96522141,43.23972321
46.08522177,-59.85499954,22.36102104
44.90097284,39.43739319,4.32534313
45.76029825,-65.72286224,44.8799057
45.06387043,-72.59318542,30.60497475
45.00943422,45.59118271,40.39063644
45.28935099,43.71635818,45.13153076
45.11816788,-15.51303196,15.39116955
45.1924448,37.55366898,3.81657124
45.61421347,-6.19819355,20.80270004
45.25138569,45.28468704,39.14398193
45.08936977,-11.83110046,61.37659836
45.54407072,-33.28264999,16.18316841
45.76316071,-49.40692902,22.82829857
45.88110065,-3.40475702,23.31852341
45.18862581,47.89220428,41.61956406
45.08758163,-26.66603279,54.0464592
45.4107337,30.33004761,22.56485558
45.64380741,-45.7016983,22.23361588
45.8087678,-44.74575806,44.65500259
45.78300333,7.14922047,64.4096756
45.86837769,2.95861554,64.49795532
46.01753569,22.96381187,19.67968941
46.07914495,-11.41606712,17.6541996
45.97195864,-75.62256622,24.34420013
45.76786137,-74.87329102,36.18683624
45.77601528,32.01295853,23.60630035
45.26792002,34.14912033,1.51866686
45.72620821,-40.61840057,46.69755173
45.60227537,37.92662811,27.11510468
45.64423609,-71.55734253,23.19761276
45.599346159999996,50.89595413,39.27291489
45.72400951,-1.63911271,24.94388771
45.69801378,45.27215576,44.28781128
45.46712112,-72.6531601,30.51220131
46.78416038,-75.91333008,33.70305252
45.76683235,0.14664686,25.23833656
45.852600100000004,-74.18435669,30.0079689
45.54632807,44.2719841,37.49939346
45.82731009,-7.5606823,19.77968597
45.55113602,-74.58090973,32.76395416
46.4047091,-17.24783897,15.36448765
45.49243021,-11.73709965,17.13150024
45.97185135,-19.45096016,14.90439129
46.11847472,-74.22637177,23.03484535
46.45133996,-53.52911758,22.69733238
45.6086731,48.20606613,42.58609772
46.33092475,-21.06708908,14.94577599
46.45387244,34.16386414,24.54700279
45.89302969,51.99740601,37.75295258
46.08731866,15.19812393,21.0355854
45.60820293,36.73116684,52.99869156
46.1972034,34.04201508,55.34897614
45.98908091,42.92105484,35.02738953
46.29796863,-72.90579224,33.24273682
46.17909622,-30.19134331,15.09337616
46.69094396,-59.72242737,45.19826508
46.16605687,31.7628231,56.94058609
46.87203765,-53.19532776,43.67324448
45.70643997,50.18769836,41.26290131
46.23497748,-14.9528265,16.05953598
46.38027287,-76.12923431,25.23562241
46.70973325,-69.19525909,22.30909348
45.77797604,36.24142075,23.04096222
46.0816462,-70.72891998,41.78675461
46.10795546,28.54754066,22.44579124
46.23415375,29.32166481,58.46420288
45.79044056,46.14614105,38.01740646
47.5341711,40.27769852,30.2971077
46.66105485,-70.74707031,22.61793709
46.26455808,-72.77496338,30.55691147
46.5797081,-73.01112366,22.63124466
46.60531735,-34.18415833,49.82369614
46.912395000000004,-38.75327301,47.78132629
46.56788397,43.25357819,46.84457397
46.06998396,-56.10015106,22.47832489
46.3404882,26.77507019,59.8519249
45.95531464,52.37589645,40.62654114
46.92752886,-39.38677979,19.19577026
46.64541388,-67.49887085,44.30972672
46.49619603,-70.40622711,24.90227699
46.1668973,57.98923111,38.76476669
46.977255819999996,-49.87870407,43.73748398
46.15076232,-27.99422836,53.65707397
46.44367266,23.80960083,61.19483566
47.21054745,-72.58453369,23.1451149
46.71253538,-71.11151123,24.22205734
47.19916534,-64.0656662,22.25436211
47.59633875,-28.22102165,14.68049431
46.74304152,-69.24866486,43.33015823
46.45372295,-13.99389458,16.24452782
46.11878562,35.40823746,22.27689552
46.382128,59.0770607,40.21487045
46.29996419,-70.71224976,25.46378708
46.21008754,-71.34427643,25.20547676
46.958295820000004,39.06875229,28.67178535
46.30463028,44.45492554,36.85421753
46.62174129,20.18397331,62.48939514
46.34036875,56.49010086,37.61500549
46.72119784,-23.0852108,56.97646713
46.34122777,66.95899963,39.64134979
46.34780359,-71.20561981,24.34129715
46.47608018,49.60962677,42.93785095
46.58135247,27.30286407,22.34824181
46.78690577,-12.46386242,61.85100174
46.85519934,-16.05067062,60.62152863
46.78977489,-8.67026615,62.89232635
46.78120518,-5.05927944,63.69885635
46.69763637,-19.66820717,58.97166443
46.75127292,15.94403744,63.53524017
47.24979925,-1.26939201,64.5626297
47.73287916,-74.38883209,37.74000549
46.79067802,17.25176239,21.05705452
46.41492319,73.38335419,41.50177383
46.43796992,19.90859985,19.74060059
46.59417129,-74.4771347,32.06401062
46.82970095,11.5923624,64.28255463
46.46476698,47.04860687,37.06972885
47.00990129,-74.01676941,30.75569725
46.5128262,79.26083374,44.1255188
46.63777471,33.34500122,20.99185753
46.50856304,66.70756531,40.93929672
47.26697779,-71.21041107,24.77566147
46.53952909,60.135952,37.48421478
46.98405933,42.78898239,34.62701416
47.11127543,44.83712387,45.90069199
46.60893774,71.84997559,42.20866776
46.37787604,51.4430542,36.64383698
47.08407116,-76.00393677,23.33875465
46.63418603,84.68799591,47.66672516
46.6436615,66.94256592,38.38872147
46.93638778,-70.17415619,26.40543556
46.96432948,-46.18981552,44.58334351
47.28622842,-72.77078247,22.77419281
46.7156353,-72.95077515,32.73654175
46.68489981,52.69844055,41.88523102
47.81950808,9.56591415,23.97702026
47.43433404,-75.58345032,28.83218002
46.67241979,78.46363831,45.0211525
46.68693423,73.57395172,40.37243271
47.45840502,6.61098909,25.03248978
47.25603771,-50.03530502,22.21939087
46.94983387,-13.97144413,16.5484848
46.72314,22.08279991,19.8932991
46.73473048,90.49045563,50.21517944
47.10551023,-41.97868729,20.32061958
46.78373528,79.43034363,42.97541046
46.77342343,84.49920654,48.87746811
46.81369567,31.74428177,23.73508072
48.34489441,-55.82171631,44.43735504
46.78358006,27.24180031,19.90570068
46.8618257,96.6268692,51.82820129
47.181896449999996,3.36300087,26.17479897
47.08699727,37.31112289,25.25833893
46.81313992,24.50519943,19.93600082
47.06686521,56.67388916,36.44000244
47.28723407,-46.02836609,21.6254921
47.607820509999996,-70.71591187,26.28159904
46.8781364,30.56035805,20.23362923
46.94806552,-73.01573181,32.18627548
47.38987803,-19.49015999,15.30556679
46.95197535,85.00509644,46.63296127
46.883753060000004,90.28246307,51.33974075
47.61966801,-76.96379852,24.48852348
47.58962226,-75.53896332,31.79377556
47.30068278,53.19944,35.79046249
47.26171112,42.55224228,47.94393921
48.22224188,-73.03476715,39.66614532
47.01308966,112.09919739,53.60694504
47.94831204,-31.63948059,51.75008011
47.44155955,36.98844528,53.29901123
47.41564631,-69.51899719,25.77427673
47.34563684,19.48283577,21.14745331
47.44156599,-16.09290123,16.04340363
47.98281598,-7.01339149,20.22742271
47.01879954,59.65324783,41.47392654
47.00383067,96.20779419,52.87630463
47.039900779999996,90.87566376,49.2557106
48.89596164,34.52629852,23.3753109
47.32593226,-67.94656372,25.06648827
47.37504983,-74.58396149,30.44065475
46.91389632,-73.19487762,31.05862999
47.4575758,43.59474182,35.44713974
47.15602708,112.47200775,54.68006134
47.12259746,66.16163635,42.03211212
47.96852303,-73.9863205,23.31147385
47.53192329,-67.75856018,24.72452927
47.52086902,44.50619507,35.95685959
47.1494391,96.722435,50.8467865
47.08995676,46.66594696,36.53363037
46.77723432,-70.30787659,42.42807007
47.54236722,49.53507233,43.99656296
47.53617239,-71.99712372,25.04998016
47.49460578,-34.02069473,16.19582939
48.63412964,-73.10016632,21.11256218
47.364840029999996,118.52223969,54.3789711
47.76799035,-75.39181519,22.51049805
47.22725987,71.85111237,43.4190979
47.27560806,111.69944,52.61833191
49.43610144,-25.53106689,14.741436
47.49347043,25.48641014,20.64990234
47.27911305,61.10056686,36.53684616
47.86079884,12.23817921,23.1371994
47.29506755,77.87709045,46.0035553
47.66786528,-9.48946381,18.71795464
48.72676265,-55.77308655,21.65995216
47.35844421,83.45523834,49.66667175
48.73320007,-53.61894226,22.13083267
47.46215701,118.47119141,55.24043274
47.33663607,67.09896851,37.43912888
47.55999947,28.94893265,20.5845089
47.55168009,50.90246582,35.68786621
47.38477445,73.84101868,39.51010513
50.00364459,-60.38637161,45.49549103
47.47558641,79.96929169,42.22062683
47.45257616,89.94207001,52.3860321
47.59618187,118.52723694,53.60660172
47.91204309,-74.12599182,22.30521393
47.83028746,-31.02577019,15.19661331
48.3421284,-72.82233429,23.40871048
47.5635798,95.92662048,53.91245651
47.87895513,2.74399066,64.99578094
47.82940722,-14.30856514,16.62446404
47.85219836,7.04592228,64.91944122
48.01858354,-75.74556732,30.55296135
47.62001657,85.75508881,46.13371277
47.68364716,112.38620758,55.65498352
49.07068062,-72.08335876,20.71042633
47.70579052,52.8326416,42.90168762
47.70343876,92.21917725,48.88100815
48.80163836,-18.80558205,59.9288826
47.78383923,-76.82779694,26.45216179
47.46189976,-57.64082718,21.84704018
48.95063841,32.48455811,22.28471565
49.28745246,-74.34265137,23.36927223
50.00134388,-1.50988352,24.30413628
49.98510659,-0.54674578,24.41226196
48.64347553,-64.29615021,21.72410774
50.0151203,-2.64644885,23.82645035
49.99876678,0.13159864,24.64569855
49.18092227,29.90607262,21.70887756
47.78470945,97.36846161,50.16468048
48.16087735,-70.71375275,24.48402977
49.93454349,-3.15601802,23.11003304
47.86686254,117.93639374,56.05688095
48.23861158,17.31545448,22.40277481
49.99811828,1.09582686,24.82121086
49.91762257,5.15846443,26.17919922
48.84898865,-48.03899765,44.74721527
48.43324268,-77.15254211,25.42637253
49.2831465,1.40387249,25.28686333
47.87749004,111.37645721,51.83838272
48.21414328,-68.58403015,25.55923843
47.487769130000004,2.1912117,26.05051994
48.93828607,-32.99495316,51.07138443
47.95255876,59.80325317,42.44958496
48.67036557,-21.4119873,58.52858353
48.55708432,36.29595947,24.79245758
48.27440798,-72.63047791,25.5490284
49.99786729,-34.21690369,50.47969437
49.24747121,-52.41398621,44.3470993
48.90579891,-23.65857697,57.24534988
47.88189888,46.34249115,36.07473373
48.25004756,-68.05963898,27.34824181
48.08061635,118.26206207,52.94630432
47.99901009,56.6515007,35.65940094
48.04138303,66.57050323,43.08116913
48.07932258,119.83061218,55.04982758
48.74329543,41.51135254,32.66517258
48.12113476,71.7607193,44.3831749
48.56018293,48.202034,45.08808517
48.09235263,-69.6105957,27.37684441
48.41764915,-42.3861084,46.06127167
48.21641982,61.07434464,35.76786804
47.43347192,40.74468613,49.88047028
48.17119908,77.69553375,46.95664978
48.20805812,38.05292892,26.85127068
50.0040918,-64.30208588,45.60466003
48.5676012,-68.59046936,26.23046684
49.49477041,-76.11719513,31.9690609
48.75028038,34.13541794,55.74187469
49.9379233,-65.92974091,45.20801544
48.18817461,82.79766083,50.31284714
48.74591315,-44.52514267,45.30432892
49.369420410000004,31.86950493,57.37521362
48.17601097,53.51951218,35.33367538
49.45588577,29.39811134,58.8867569
48.74330068,120.12468719,53.63467789
47.86389875,25.17672157,21.03614616
49.17141002,-74.5957489,22.24440002
48.27540529,-64.71351624,27.07716179
48.75905025,43.72747421,47.4534874
48.1902076,67.2980423,36.82397079
48.26803362,89.75844574,53.27923584
48.87414753,-70.22880554,24.71456528
48.29136276,75.04603577,39.23384476
49.5386914,26.75276184,60.28771973
48.33412468,-66.44562531,27.98082924
48.89631283,-49.4081955,21.80381966
48.34818983,95.81903839,54.74344635
48.86074507,45.83085251,46.24729919
48.88677287,-39.75936508,19.00297928
48.75257063,23.7449131,61.54677582
50.09929457,-56.52585983,44.6930809
48.35875213,80.8493576,42.07329178
50.00317499,-75.97351074,34.72777939
48.97605562,-72.56247711,23.22529221
48.54168451,-69.07646942,25.46412659
49.04543722,-74.77147675,23.03624344
50.02610439,-68.17623901,44.23729706
48.43035412,112.48887634,56.44216537
48.44484067,-66.69120789,27.43745804
48.4405477,85.05321503,44.9973259
49.99939978,19.96039772,62.95236206
49.08581197,-45.55805206,21.07409477
49.98062462,-22.17948341,14.94465923
49.2408222,-42.03819275,19.91521263
48.46189189,87.78879547,46.50494003
48.84655273,-12.76207256,62.14288712
48.93688214,-8.31538773,63.34265137
48.88728535,117.75643921,57.0073967
48.50948095,-70.90916443,27.25887871
49.00149703,-77.87302399,25.36422348
49.84775931,-28.54611397,14.8638792
50.00047839,15.6725893,63.98687744
49.00868213,-15.9709177,61.11402893
48.51323247,92.99152374,48.58057785
48.988145349999996,11.42022419,64.63098907
48.84807682,120.4395752,54.60750198
49.8371138,-19.50195694,15.2468071
48.56020498,97.77732849,49.69923782
49.31096375,120.42271423,55.98236465
49.19070625,24.4605751,21.85758209
48.61913347,107.59881592,50.84384918
48.49800861,119.24472809,56.44134521
48.64790237,116.71633148,52.19372559
49.23838371,27.05759239,21.57059097
49.48166186,20.49748039,22.83875847
49.10009021,-50.34654617,44.37477875
49.19784999,-76.96593475,23.39400482
49.5479061,-76.83644867,29.20845032
49.10111642,-67.26038361,26.53307915
49.16963476,-73.85635376,24.37865448
49.43991786,-77.3986969,24.63438225
50.7180441,-38.37311935,48.13309479
49.1309588,-57.73235703,21.48958969
48.83276939,-72.86652374,23.64471436
49.24007952,119.51080322,52.85169601
48.81358218,51.6198082,43.84934616
50.33416682,-73.95684814,38.78144455
48.71290481,-78.00708008,25.79834366
48.84040642,54.41644287,43.34229279
49.28807539,-65.25432587,27.87630653
48.84461534,9.06094646,24.54749489
49.52899161,-65.31771851,25.73264313
48.95619404,-66.35969543,28.35429001
49.20168418,-76.85932922,25.89705276
49.43897909,-71.04502106,23.99622917
50.20639925,3.73653698,26.42663574
49.39818823,45.42096329,35.64743423
48.97108531,60.54906082,43.06489944
49.4443872,49.59351349,35.35443878
50.00368244,-70.27592468,42.73687363
49.5697079,43.78170013,35.18254471
49.94303349,-7.77982283,19.5800724
49.08610147,12.21854305,23.82476997
49.28754294,-73.51981354,20.97970009
49.00660342,67.42325592,43.77582169
49.23334169,-71.05178833,25.20559311
49.04200035,72.90180206,45.36727905
49.13470781,61.7050972,35.38557816
49.49899888,-69.74653625,27.97690964
49.00599515,53.69202805,35.1386795
49.62760526,-75.22509766,22.46303368
49.07847947,77.54087067,47.53083038
49.0875231,-68.00018311,27.8699398
49.08693147,82.44130707,50.73901367
49.99679821,-76.21703339,33.4866066
48.85093689,-69.74028015,25.91528511
49.12830698,88.91931152,53.56708908
49.15557724,69.32569122,36.90611267
50.00137192,-35.66359329,16.81100273
49.69534877,42.64037704,48.45596695
49.23616678,36.60429382,53.79860306
49.15911317,95.5617981,55.24181747
49.87091373,37.35023499,26.64790916
49.19749391,76.31449127,39.377388
49.373856430000004,-64.31595612,26.33137703
49.9431143,42.36453629,33.8871994
49.19369221,100.72870636,55.72154617
49.3550964,-74.07048798,23.03657341
49.4993571,80.98292542,41.6867981
49.21379918,112.19800568,56.8807869
49.98682493,-31.82869148,15.48818207
49.60585654,16.03216171,23.47990227
49.2367087,86.44194031,45.51953888
49.72244921,39.59305573,29.83835983
49.51514336,-78.17179871,26.27230263
49.28000504,92.39069366,48.09262848
50.10815197,35.53400803,24.7937355
50.45680982,-1.51611698,64.8352356
50.18407434,-12.55659485,17.24190521
50.37139478,2.50705886,65.20497131
49.28911042,97.52261353,49.40029526
50.31253749,6.76043415,65.1548233
49.55311248,-64.27981567,21.60711098
49.65751249,-67.66902161,26.34280396
49.33079022,111.05594635,51.04750061
49.73222241,-77.63262177,24.77072906
49.26436126,119.81347656,56.69933319
50.00202096,-73.68441772,23.04129791
49.96381018,-16.59434319,15.8422823
48.36255097,-68.025383,21.57799721
50.23073164,-71.91553497,41.17821884
50.69834936,-67.83045197,21.41237831
50.56057507,-74.79180145,22.21359253
50.00200582,-71.42068481,24.20131683
50.19474407,30.63157845,22.32858658
49.92954347,17.64130402,23.59025192
50.00221832,-73.89059448,22.70424843
49.96593875,33.59801865,23.38196182
50.32628089,-78.41643524,25.69874191
50.06360639,-75.40099335,22.64833069
50.0695399,-70.41038513,24.5298481
49.94135859,-76.77187347,23.38493729
50.30898225,13.62392998,23.82986832
50.21173531,-4.93241549,21.77807999
52.92275715,-32.54196167,15.65689754
50.53800195,-39.9261055,19.00929832
50.82909095,-45.52810669,21.02814674
52.7249763,2.50968552,26.17167091
50.00108076,9.86050701,24.43740654
50.61885005,11.31282902,64.68576813
50.72890937,23.71095848,61.60712433
50.31703666,44.45659256,47.1734314
50.35510039,47.3024025,45.69817352
50.00012755,51.39665985,44.12207413
50.0,53.71236038,35.06803513
50.0,54.65863037,43.52656937
50.0,61.90308762,35.27510071
50.0,60.88484192,43.26029968
50.0,69.07782745,36.72917557
50.0,68.15738678,44.11367798
50.0,73.43049622,45.78079224
50.0,76.2167511,39.20743179
50.0,77.33115387,47.6218071
50.0,81.88630676,50.60608292
50.37816522,85.16200256,44.5827446
50.0,86.26985931,52.74694443
50.40708321,87.56248474,45.97763443
50.0,92.5980835,48.08087921
50.0,91.73783875,54.58558655
50.0,97.63965607,49.33794403
50.0,96.59901428,55.55835724
50.0,100.63134766,55.8680687
50.0,106.82892609,50.39788437
50.0,111.83975983,56.99739456
49.75991239,118.1036377,52.19285965
50.0,118.17726135,57.26659393
50.5684045,119.85126495,56.74946213
50.75021982,120.1073761,53.3156929
50.0,120.63905334,54.43683243
51.11875236,-49.41268539,21.79402733
51.05603719,-12.84185696,62.13328171
50.00362735,-53.47902679,22.22200584
50.70669019,-55.894104,21.63478088
50.93659908,-57.7090416,21.49114799
51.16399813,-22.26191139,58.09573364
49.8532277,-70.75954437,20.70928192
50.62326515,-30.8145752,52.61907959
50.48159981,-64.28926849,26.2668438
50.48820743,-65.29434204,25.74266434
50.23442341,-73.70374298,20.95230675
50.6978386,-64.52605438,27.08029175
49.75295328,-31.24722672,52.33914566
51.12655115,-69.69010162,25.93014145
50.00213854,-66.29494476,28.46081543
50.6198926,-74.17771149,23.00529289
50.45869356,-74.56957245,23.16921616
50.58114034,-68.00196075,27.97952843
52.30954337,-42.82321548,45.79169464
50.82009786,-44.51415634,45.30468369
49.54547924,-70.89300537,27.63921165
50.23946713,-48.11216354,44.82706451
50.46786648,-51.69755173,44.38264465
50.15063184,-53.0205307,44.54671097
50.27752098,25.02084541,21.85017014
50.39573795,18.21550941,23.70038795
50.57419264,27.40672493,21.70808411
50.80658501,-76.96515656,23.39294243
50.66242182,-72.59316254,23.14503479
51.05214858,-75.49661255,22.45125008
50.32476416,-77.45690155,24.84463501
50.22987029,-75.34539795,23.20679092
50.6926353,-76.48537445,29.99830818
50.61527222,-70.77922821,25.366539
50.63408297,-67.67169189,26.46039391
50.55375242,14.92469788,24.07063866
50.06924562,-73.6299057,25.02136993
50.63559604,-72.04948425,20.60169411
50.80353856,-76.85929108,25.89684486
51.00099432,-73.43563843,21.05681992
51.16640711,-73.62167358,23.18120575
51.13055897,118.41409302,52.50064087
50.82581574,31.95893097,22.9997654
52.66927743,-17.84414291,15.62585258
50.1628499,-74.95409393,37.17656326
50.66636086,116.65553284,51.95008469
50.77018493,-76.07048035,32.01733398
51.25635135,-53.61753464,22.12648964
51.04937983,120.27611542,55.8693924
51.27564168,-78.01996613,25.75040054
50.66780776,107.71160889,50.60383987
50.71088958,97.52261353,49.40029526
50.98313212,-18.84869385,59.91092682
51.71629012,-72.72789001,25.43937302
51.57198036,-77.15231323,25.42608261
51.72881603,-11.73153877,17.66867638
51.11271465,117.75643921,57.0073967
50.71999496,92.39069366,48.09262848
51.06381178,-15.96317673,61.10652924
51.1426636,-8.14793587,63.37257004
51.15192318,120.4395752,54.60750198
50.0037325,-63.00182724,45.73949432
52.849420789999996,-28.37017632,14.69637203
51.41880071,-42.09319305,19.99193192
51.93061709,-74.09812927,23.30179596
50.78620082,112.19800568,56.8807869
50.80777854,80.94065094,41.75429535
51.93971837,-7.65406942,19.73355675
52.7178216,-30.81235504,15.13707542
51.46187103,36.24095535,26.20980263
51.24880886,-70.90505981,27.42842293
50.80630779,100.72870636,55.72154617
50.80250609,76.31449127,39.377388
50.84088683,95.5617981,55.24181747
50.98329049,17.28301239,23.6288681
52.88733721,42.5689621,34.32417297
51.13291538,21.72176743,22.25613022
50.84442276,69.32569122,36.90611267
51.49182796,39.46056747,51.27000427
51.35812509,37.64199829,27.69579315
51.00363779,-77.87290192,25.36397362
51.34117854,35.1193161,55.00465775
50.87169302,88.91931152,53.56708908
50.86529219,61.7050972,35.38557816
50.90087444,-67.20951843,26.52595139
51.31810641,43.10734558,47.86394882
51.70758855,23.3296032,21.52671432
50.91306853,82.44130707,50.73901367
50.99400485,53.69202805,35.1386795
50.92152053,77.54087067,47.53083038
51.46446311,-69.66970825,27.65752792
51.5212245,-64.71214294,26.79502487
51.17319191,-70.14474487,24.71118355
50.95799965,72.90180206,45.36727905
51.77364469,43.27074814,34.8964386
50.99339658,67.42325592,43.77582169
50.99054354,49.68659592,35.41466141
51.0480876,-66.35960388,28.35408783
51.02891469,60.54906082,43.06489944
51.77667439,9.90576458,24.24672508
51.64925206,44.26080704,35.46461487
53.06360102,1.97008574,25.90140533
51.61810708,-72.91259766,23.35137939
51.32513762,33.68203354,24.12483025
51.12078953,45.73418808,35.72416687
51.15959358,54.41644287,43.34229279
51.6823957,12.63986778,24.41162872
51.50199139,119.24472809,56.44134521
51.1241709,9.07184315,24.54476166
51.72859883,-65.03475952,27.44269753
51.18618119,51.62428284,43.84819031
51.4009279,-68.54338074,26.23684883
53.76996064,-66.07843781,44.80643463
52.13044214,-14.42339325,16.57029915
51.14176047,-71.35813141,24.43234634
51.413193820000004,28.30838585,21.67833328
51.46232486,-69.07639313,25.46382141
51.62269783,-72.7749939,21.26893044
52.33646774,-75.51055145,31.58942032
51.92132604,-29.48428535,53.26092148
51.1069957,-64.35671997,21.67320251
51.78989542,-68.58378601,25.55883408
51.58044171,40.18107986,30.91622353
51.375664,111.16667175,51.31315231
51.8018918,-48.42144394,44.49705124
51.43979502,97.77732849,49.69923782
51.91153967,-75.8754425,30.32660294
51.71908414,119.68722534,53.67232895
52.09232926,-74.12553406,22.30479431
51.48676753,92.99152374,48.58057785
51.82700288,25.53752899,21.26797676
52.97763538,-20.51861382,15.2083807
52.32360172,-68.94213104,21.71566391
51.53810811,87.78879547,46.50494003
51.65964925,30.22519493,22.19345856
52.06606293,-55.79017639,44.36772919
51.56964588,112.48887634,56.44216537
51.5594523,85.05321503,44.9973259
51.55926275,-66.69100952,27.43715858
52.49710608,-45.14283371,21.25695419
52.92436957,-39.30577087,19.09597015
53.4813683,-70.81856537,41.8445282
53.72306561,-70.42176056,42.34984589
51.64124787,80.8493576,42.07329178
51.65181017,95.81903839,54.74344635
51.75427926,-68.05949402,27.34786415
51.82228732,46.32479858,45.71620178
52.22152615,-76.82741547,26.45191193
51.67005706,-66.44536591,27.9804287
51.63072419,17.64869308,22.67914391
52.19382143,-45.41978073,44.95586777
53.26456785,-69.24873352,43.329216
53.62756324,-24.72038651,14.85196972
52.79355192,-72.58408356,23.14461899
51.70863724,75.04603577,39.23384476
51.73196638,89.75844574,53.27923584
53.31568623,-59.7213707,45.19753265
53.098555329999996,-74.04141998,38.01311111
53.36786699,-34.62106323,16.6142025
51.82398903,53.51951218,35.33367538
52.38505387,-76.96359253,24.48790359
52.46621752,26.68214989,60.11943817
51.8097924,67.2980423,36.82397079
51.90945518,-70.72229004,24.49351311
52.83684611,-75.79618073,34.73661804
52.51108575,29.23996735,58.76417923
51.78358018,61.07434464,35.76786804
51.81182539,82.79766083,50.31284714
52.54178548,31.68066216,57.27560806
52.57011151,40.73871613,49.88485336
51.91938365,118.26206207,52.94630432
52.71774077,-72.77047729,22.77356911
51.82880092,77.69553375,46.95664978
51.84880996,15.31709957,22.94199944
53.10556412,9.32222748,24.97155952
52.21936154,13.30109501,23.22671509
51.92067742,119.83061218,55.04982758
53.17728591,-39.10391617,47.5871315
51.87886524,71.7607193,44.3831749
52.47179508,-67.758255,24.72402573
52.132503990000004,-70.74861145,26.58742332
52.44831991,50.90246582,35.68786621
52.13296843,-56.23287964,21.79735184
52.04229927,31.80101395,22.92351341
51.95861697,66.57050323,43.08116913
52.13313746,117.93639374,56.05688095
52.04744124,59.80325317,42.44958496
52.73706675,-71.2102356,24.7749958
53.24806309,-75.88056946,33.55991364
52.1218214,46.42402267,36.06831741
53.03030324,-49.8738327,43.73424911
53.29459929,-69.19317627,22.3089962
52.25986791,28.24956894,21.47892761
52.12250996,111.37645721,51.83838272
52.04057431,21.90340042,25.17664337
52.92047763,-76.0034256,23.33805466
52.37298489,34.00724792,24.4541626
52.40381813,118.52723694,53.60660172
52.12039137,27.34744072,25.17003059
52.48524427,-75.65393829,28.9074688
53.13380599,-53.20209503,43.67407227
52.10864663,23.68443108,25.39517784
52.40814853,-72.17431641,24.90017319
52.21529055,97.36846161,50.16468048
54.67948341,1.18526518,25.33566284
52.23640919,-75.3914566,22.51006317
53.04420662,-59.48521423,22.01698303
53.21634316,4.54175711,25.80910492
52.29420733,52.83267212,42.90168381
52.53784299,118.47119141,55.24043274
53.80600357,-3.54472733,23.20616341
52.29585457,-64.11116791,22.03900719
52.36273813,7.21231985,24.88903618
52.29656124,92.21917725,48.88100815
54.66491795,-62.7624855,45.2429657
54.54452848,-2.84526801,24.38584328
52.31635284,112.38620758,55.65498352
52.64707828,-74.64312744,30.30075073
54.21143389,-1.61290693,24.95815277
52.83447337,-18.81074142,59.54358673
52.635159970000004,118.52223969,54.3789711
52.29694009,18.65250015,23.96190071
52.14295936,55.31863022,35.6134491
52.37998343,85.75508881,46.13371277
52.7289691,-48.71520615,22.09476662
52.58850741,-69.5185318,25.77373123
52.45731878,49.53556824,43.99636841
52.4364202,95.92662048,53.91245651
52.51826358,29.31064034,25.11731529
52.90128684,44.75624466,45.93885422
53.73756647,-67.62549591,44.25902176
53.13281989,7.15454054,64.71935272
53.16973495,11.59270954,64.28250885
53.05841208,-70.2276001,26.42269897
52.5729754,38.93528748,29.32531738
53.11691713,2.88350272,64.7937088
52.52441359,79.96929169,42.22062683
53.14568162,-16.05573273,60.62099457
52.78321457,-15.7671566,16.14405251
54.823625559999996,-65.08985901,44.96336365
53.14629865,-1.16630459,64.46585846
53.24692273,15.94137669,63.53610611
52.54742384,89.94207001,52.3860321
53.218777180000004,-5.05995989,63.69967651
53.20945787,-8.67483807,62.8915062
53.21411014,-12.46977711,61.85127258
52.883890629999996,11.13171101,23.67239952
53.2913487,-71.11122894,24.22137833
53.37612963,20.19289207,62.48627472
52.61522555,73.84101868,39.51010513
52.64155579,83.45523834,49.66667175
52.66336393,67.09896851,37.43912888
52.72439194,111.69944,52.61833191
52.67787838,-67.94613647,25.06597328
53.03764534,-74.20620728,31.08096504
53.42505765,43.25644302,46.83444977
52.8506546,36.95131302,27.77482986
52.65806866,16.4250679,23.19027328
52.69920993,29.99629974,22.01000023
52.70493245,77.87709045,46.0035553
52.72088695,61.10056686,36.53684616
53.55626321,23.81385994,61.19215775
53.34254575,-70.74630737,22.61709023
52.77274013,71.85111237,43.4190979
52.84397292,112.47200775,54.68006134
52.77258182,21.49259377,24.35075951
53.42433333,-73.01053619,22.63057327
52.91687083,46.53456879,36.55455017
53.71903181,-51.97011566,43.23978424
52.94754767,23.69393539,24.9898777
52.8505609,96.722435,50.8467865
52.93313479,56.67388916,36.44000244
53.7601521,-9.25699425,18.79348564
52.87740254,66.16163635,42.03211212
53.14436865,31.1499958,22.55989647
53.51890349,-23.99077225,56.34425735
53.19557953,51.85634995,36.18963242
54.745032789999996,-7.4551363,19.85255623
52.80183005,-14.04387665,16.55082893
54.43421936,40.94853592,31.74856186
52.98691034,112.09919739,53.60694504
53.0223372,-74.00428772,30.7108326
53.33406711,44.91571426,36.61940002
53.70898199,-20.54162407,58.3242836
53.09198928,-73.19445038,31.05799294
53.62475848,-76.12873077,25.23470116
53.55555391,-53.53566742,22.69715881
52.960099220000004,90.87566376,49.2557106
52.99616933,96.20779419,52.87630463
52.98120046,59.65324783,41.47392654
53.45851612,24.75368309,24.77120018
53.47673249,43.87404251,36.01865005
53.70431066,-70.71173096,25.46298027
52.73594689,42.54989243,47.93867111
53.79419327,-71.34382629,25.20464516
53.05785036,-73.01534271,32.18550873
53.04802465,85.00509644,46.63296127
53.861727,-55.60694885,43.94949341
53.116246939999996,90.28246307,51.33974075
53.91687989,36.78414536,53.13832474
53.80225325,34.04158401,55.34986496
53.22344279,31.46963501,25.42388153
53.67086554,-32.61429214,50.55091476
53.31510019,52.69844055,41.88523102
53.1381743,96.6268692,51.82820129
53.41195083,-74.47666931,32.06335068
54.59867907,-5.86991453,21.09601593
53.22657657,84.49920654,48.87746811
53.18147111,-21.81572723,15.09031296
54.30892658,-46.28054428,44.05716705
53.29001236,-72.95046997,32.73554611
53.21626472,79.43034363,42.97541046
54.2459445,-74.43820953,36.9842453
53.82191205,-41.15089035,20.26811981
54.05779266,3.62194395,26.10478973
53.72462487,-16.11464119,16.81578255
54.430149560000004,-66.26503754,22.97674179
53.26526952,90.49045563,50.21517944
54.10027313,-74.59848022,28.67150116
53.192184929999996,14.14676666,22.82889366
54.03278971,-75.62197113,24.34342194
54.15308714,-74.18373108,30.00719452
53.32758021,78.46363831,45.0211525
53.27250242,6.05625963,25.27038002
53.31306577,73.57395172,40.37243271
53.36581397,84.68799591,47.66672516
54.67851496,40.04880524,30.53477859
53.88574362,-74.2261734,23.03413582
53.3563385,66.94256592,38.38872147
53.51558089,-11.99235153,18.19175911
53.56276751,-10.80329037,18.41422653
53.39106226,71.84997559,42.20866776
54.359583380000004,-71.55699921,23.19660568
53.65631795,-71.2050705,24.3406601
53.46047091,60.135952,37.48421478
53.50355005,46.83235168,37.07994843
54.08890152,0.09893252,25.19294357
54.17193556,-75.57333374,34.61045074
53.4871738,79.26083374,44.1255188
53.50861168,-14.87816143,17.11044884
53.73354244,51.67456055,36.83909988
53.54820204,49.43610001,43.00805664
53.49143696,66.70756531,40.93929672
53.70733929,-72.90543365,33.24147034
53.57452774,34.57587051,26.51589203
53.617872,59.0770607,40.21487045
53.58507681,73.38335419,41.50177383
53.50789165,-70.40570068,24.9016304
53.53701067,19.06489182,22.74413681
53.65877223,66.95899963,39.64134979
53.65963125,56.49010086,37.61500549
54.14299774,7.93466425,24.7508831
54.3886652,-44.30521011,44.74810028
54.38040495,-70.68432617,23.8450985
54.34912062,-56.69822311,22.62415886
53.8331027,57.98923111,38.76476669
53.99426699,21.02642441,22.43811417
54.15263224,17.48098183,21.68399239
54.55496502,-27.99575424,53.39156723
55.415127749999996,37.86767578,28.95695877
54.1095686,-11.37176514,21.65292549
53.74124503,-72.77436829,30.55620193
54.87151337,-59.78333664,22.80333519
54.08823395,25.41382027,24.06377602
53.96665192,26.7824707,24.71455956
54.045053010000004,-14.18346024,18.45197105
54.34055042,-45.75103378,22.21522522
54.23826981,-49.41491699,22.82309723
53.89334464,12.19714355,22.73941231
54.04468298,52.37590027,40.62654495
54.34800339,45.12504959,44.34553528
54.11805153,51.9018364,37.75837326
54.149752140000004,-29.80215073,15.08393383
54.66755867,5.43559027,26.01192474
53.99740148,42.81788635,34.87218475
55.68931532,-68.2727356,24.00554276
54.23627377,23.50591087,22.37998009
54.19679308,46.19002533,38.06851959
54.7384553,27.4250946,24.51775742
55.44501019,-59.008564,44.69911575
54.196929929999996,-8.86564922,19.23413849
54.07209349,32.56625366,25.79013824
54.7688961,26.64562988,59.58917618
54.4551568,-74.5803299,32.7630806
54.31007433,7.28651524,25.68849373
52.58330178,-34.34244156,49.95884705
54.5788579,-7.67387342,21.92602158
54.5636797,-18.14739037,59.07891083
54.40143633,50.8954277,39.26687241
54.24520254,-12.43705273,20.37339973
54.47916985,15.868927,21.27929497
54.87332487,2.68162489,26.42575645
54.60508204,-72.76242828,33.64961243
55.05933857,38.87359619,50.77545929
54.7028017,43.71818161,45.12522125
54.90872478,29.17324638,58.18873978
55.44878054,-73.41777039,26.14769936
54.17385626,4.67468929,25.93856812
55.48653984,35.00794983,27.14486122
54.2568264,-74.67031097,23.70070076
54.50819159,-27.22542572,14.99157047
56.01506901,-61.19146347,23.53219032
54.52122927,-74.50772095,27.69970894
54.29356003,50.18769836,41.26290131
54.901374340000004,-70.25963593,43.21591568
55.0019021,31.57994843,56.66783524
54.46415091,44.29771805,37.51987839
54.43020773,47.9145813,42.72702408
55.34905481,-55.3148613,43.23986816
55.32717562,-49.37268448,42.63570786
54.85421753,19.24905396,20.31347847
54.65243626,-18.30260086,16.63028717
55.35470915,-40.92957687,46.33280563
54.5729394,25.30983925,22.19720459
54.7634716,24.59998512,20.2336216
54.66760492,45.95058441,39.13342667
55.23744822,-67.65615845,44.5483551
55.15898609,-23.30861473,15.70034313
55.04127169,-70.7742157,41.30279922
54.52709007,-15.23700047,17.94949913
54.7292037,-13.40477276,19.30061913
54.53843975,-72.65255737,30.51130295
55.09326935,-39.00199127,19.66091919
55.00430727,-70.52390289,42.38929749
56.23136282,-73.60653687,30.43507576
54.60057783,-10.19715023,24.44729233
54.66328716,10.79591656,22.67205238
55.04464674,-72.70543671,23.89603806
54.83433056,-32.69174194,16.06383705
54.90064573,14.43132591,20.98603249
54.83187819,47.71626663,41.77404022
54.93568897,-3.92157865,23.08918762
56.22078371,-71.94898987,38.90162659
54.82565784,42.92733765,35.55858231
55.48462772,27.83972168,24.23395157
55.08313131,45.57775497,41.14674377
55.83534384,-74.3806076,35.772789
55.39455891,2.67254019,64.00953674
55.49201632,11.30553532,63.54866028
54.80893993,6.99474001,64.1875
55.1279335,22.7951355,19.43657303
55.90310001,32.72457886,26.14820671
55.32628012,-0.93288761,63.73149872
54.90994596,26.81737518,20.63022995
53.76530004,-75.30934143,32.81177139
54.86548948,-24.49173164,3.19772434
55.00437641,44.76371384,43.15613556
55.43031025,-4.40129662,63.03167343
55.57482433,15.61640739,62.85109329
55.51869869,-7.98486567,62.18341827
55.45727396,-41.48740387,21.19882011
55.35830498,-11.02143764,21.93374252
54.91086006,-11.8380003,61.37770081
55.08410645,-6.93641615,20.88269043
55.43054008,-8.8991003,24.09513283
55.60340738,-70.28225708,24.49509239
55.15566349,44.1648407,38.77545547
55.00221777,-21.76173782,3.16382599
55.0976963,-24.08932686,1.51734138
54.94168472,-72.59249115,30.60399818
56.20515394,-74.59143829,33.87857437
55.54820061,-14.65480804,60.04418182
55.21157932,30.14985657,17.7047596
55.15176487,-16.15407372,17.68257713
55.04148006,-35.04122925,17.27416039
55.69534683,19.79965973,61.84470367
55.24587154,29.09127235,17.64925766
55.7341938,-31.61751366,50.22439194
54.97825432,-22.62722969,4.8940177
55.37654638,27.56669617,22.6646862
56.01100922,-52.22731018,41.97032547
55.4749155,5.72800541,26.56864738
56.27147627,-50.74977493,41.78460312
54.95086479,3.7398932,26.36310196
55.32826185,-22.51580048,1.02806461
55.61170435,-53.4558754,23.70547104
55.34183264,-29.56084251,15.53771877
56.89308882,-61.48695755,44.74084091
55.79971981,-72.41873932,33.43053055
55.5983572,41.70114899,33.40592194
55.61067295,-7.45462704,27.39446068
55.283361909999996,-24.62412453,4.49031734
55.68698978,-33.46762848,49.31410599
55.48187494,5.98832989,25.76607323
55.90983725,23.23290825,60.60470581
55.70438623,2.21336484,26.68129539
55.25993538,-25.5243988,2.56638551
55.91568375,40.60400009,48.22660446
55.42065096,44.20111084,40.58580399
55.59658194,12.0612793,20.9710598
55.78616571,-38.18776703,47.40736771
55.49347401,-21.98760033,6.03410053
55.58984661,31.64669228,18.92050171
55.44071865,44.14987564,42.168293
55.91286325,-73.49007416,28.34500885
55.39095211,27.87980843,17.81463814
55.6929388,-2.55461311,25.0925293
55.33073473,-72.4718399,30.77261925
55.28556776,8.85060596,23.52501488
55.68925047,-26.01670265,15.68531036
55.90347338,-47.03528595,23.48872566
56.01111174,40.37148666,31.3318634
56.05758619,-19.60655403,57.31689072
55.9554038,-74.01945496,32.9692955
55.70430136,-23.00274658,6.0256958
55.9946599,-49.52699661,23.87056351
55.45915842,-8.41698933,24.18203735
55.60700274,29.09519386,20.99518204
55.75597715,43.44509125,43.39334869
55.60755014,-24.76606941,1.11740839
56.09184647,-63.35660553,44.9881897
55.40717554,31.54901123,17.86500549
55.85142851,14.57857418,19.70292473
55.47931671,-5.586586,25.17033768
55.88188648,-22.20901108,55.94046402
55.81434822,-6.98003817,26.46901703
56.05993032,1.63703299,26.21830559
55.97495794,-14.00969505,19.15404892
55.56232071,-70.29122925,42.10642624
56.63658381,-56.74004745,24.05206108
55.671771050000004,-19.12093544,5.60763264
55.90269518,-1.37506998,25.66162109
55.78248835,-5.61745644,23.18704987
56.98543167,4.02405691,28.07318687
55.60730886,42.93783569,36.49641037
56.13222122,-45.29934692,23.1513443
56.00617409,-25.99726868,2.45682096
55.94523716,17.16902924,19.05008888
55.83297586,29.46903801,15.69349861
55.55581903,34.44490814,54.35682297
55.95584059,-45.27761078,43.53886795
55.672387119999996,-9.54014969,22.10559845
56.37635803,-70.75984955,25.55422783
55.66599607,-7.39205217,28.09921646
56.75081062,0.98135793,26.26707649
56.04896259,-19.44814301,6.71890259
56.29966927,-26.89582443,53.11336517
55.71682024,-72.30396271,31.03983498
57.26401186,-73.54167938,32.78948212
55.69952106,-18.50352287,4.40298033
55.78663969,23.51053047,18.57049751
56.15084076,24.52004051,18.17625427
55.6530261,-17.26700211,4.29113626
55.84349823,-25.85652351,3.49033785
55.78651142,9.94469547,22.01224709
56.3762598,-47.59970856,42.27608871
56.18719101,-11.21507263,22.71484947
55.77929354,-10.76663876,21.30039978
56.43156242,-73.19934082,31.12443542
56.30153704,-72.26742554,26.39045906
57.05788803,-42.29406357,45.02861404
55.80235767,-24.32995033,5.24906254
56.23396635,-5.191751,22.50406647
56.21280479,-16.55272293,17.98817635
56.12723589,28.53955841,15.95128059
56.180910589999996,-14.49715424,9.65281582
57.23927259,-3.20033336,25.56910896
56.21671629,34.00740433,18.4582634
55.85896015,-32.10820007,16.41799927
56.20705175,-6.79821301,25.4828434
56.124600889999996,-10.92450905,16.62035561
56.37709665,-19.30653381,1.42337489
55.97704458,-16.78071213,3.83456731
56.18740654,-68.16962433,44.92940521
56.06887245,33.66355133,17.32689285
56.56941128,-23.27877617,0.5411709
56.06208754,32.39978027,15.94932747
55.91870403,3.16320252,26.93808937
57.36048365,36.48353958,28.57391167
55.97797871,-34.6709938,17.45916176
56.6698904,-65.692276,45.05352783
56.06008959,28.78680992,22.92489433
56.21805239,-9.86380482,17.66386223
55.99486876,-18.08259583,3.20597625
56.65793419,-70.57743073,43.98044205
56.35402632,30.44743538,13.56164455
56.44355106,-16.59291267,9.62469196
56.095947269999996,-12.04719162,15.68240356
56.51073074,30.521101,21.90541267
56.16435003,-69.81345367,43.02602386
55.96257496,-9.01842117,23.83152962
56.83333588,-20.61358643,17.29559898
56.02505732,21.73045731,4.38857555
56.22870779,-8.31249237,21.55202293
56.1164031,22.24315262,6.7328949
56.15206385,28.27499199,13.29116535
56.18544817,-4.61107922,26.34941483
56.07631588,-11.60863686,21.83755493
56.80547094,-70.50106812,45.03944778
56.19735718,22.53147316,4.07946873
56.91671705,-73.32972717,32.54815674
57.13226557,40.71811676,46.41687775
56.20359707,-12.7184906,16.65238953
56.30938053,27.96490097,16.87748909
56.71237421,25.49448013,17.83117867
56.06159925,19.16531944,3.56928635
55.91850615,7.83387709,23.85284615
56.3114953,19.05630875,0.61617845
56.34863663,16.76982498,1.26887119
56.47235727,-13.00345039,9.62407207
55.63034105,28.6878376,24.73092842
56.78785992,-10.92070961,60.63422394
56.273673529999996,-72.1100769,32.99748611
56.3341527,17.9452095,4.4588151
56.39330196,16.68258286,3.10871577
56.3465786,-6.1003089,21.56866074
56.31824017,20.70998955,2.09729838
56.36130238,-19.36588669,7.20988274
56.83328295,28.87411118,24.19346428
56.30407,-71.95328522,32.10874557
56.3295126,24.91161537,9.57822227
56.38172626,-15.07141972,11.12745571
56.94020653,-3.49236703,29.59929657
56.36316156,-39.74854279,20.84084511
56.36657953,43.16525269,40.1575737
56.44388628,19.92734528,6.10458565
56.41300821,-26.00416946,3.70375419
56.36039591,-69.66255951,41.82164764
56.52214336,-14.22299957,7.50386715
57.17858982,-58.6006279,43.97473907
56.27970982,6.13632011,63.57830048
56.32767344,27.74126816,14.90925312
56.92518759,-19.42807007,0.95911384
56.31705523,-12.79664993,11.07739925
56.59179497,17.69477654,0.23377179
56.3530302,-28.06380081,16.15169907
57.07615662,-16.61968231,58.09646606
56.45929527,25.73570633,8.58368015
56.59254932,-68.47293091,42.84178925
56.71489859,33.89267731,15.50302124
56.84413052,-8.89108467,17.06793594
56.61416435,28.09290314,10.51444721
56.80061245,42.34621048,36.97053909
56.65899849,-15.9997282,4.12785244
56.77729654,29.46035576,23.53410912
56.6207428,23.56756783,4.05659914
57.233603,-40.46491241,45.91252136
56.97530031,-64.3549881,24.47681808
57.77549314,-67.56491089,25.91701508
56.88440657,-25.63260078,1.93314409
56.5409565,-12.33631897,22.35849953
56.55626249,-13.70878124,16.27913475
57.15459919,34.81505966,20.39496994
56.77330494,-23.75396156,16.67079926
56.79460621,-11.13454056,12.64203835
56.8984127,-53.99205017,24.62545776
56.67269325,37.98941422,50.49629974
56.91396189,-4.82879639,27.14662933
57.23225164,25.51763535,58.92580414
56.96804953,26.50289536,7.53991795
57.28587914,9.46196842,20.880373
57.35571909,-21.43201828,0.70152843
56.99297905,17.02595901,4.97596788
57.43600941,-10.72130013,22.20705795
57.13765669,-25.54290962,6.05465078
57.404455659999996,-41.27577591,22.57584763
57.167166710000004,-52.58419037,41.2048912
56.77740669,-4.56233931,25.42017365
57.01345015,-16.93259811,3.11477327
56.836005209999996,-22.65186501,6.72295713
56.76811838,26.43688011,13.86558819
56.69985533,16.8364048,18.54397583
56.67976999,-4.54505014,28.59569931
56.97772694,11.88263893,19.64909554
56.65255165,23.67136955,10.01415157
57.15745497,-67.80429077,44.10192871
56.73796892,29.31700706,57.19867706
56.90963364,14.02322006,18.93296242
57.10078526,-27.19248009,3.21953583
56.88260651,41.23075485,33.77467728
59.090664860000004,-71.45245361,46.89250565
57.34825277,-4.39611959,24.40834999
57.10457277,-6.8588047,21.56897163
57.95944834,2.9974184,29.29263687
57.5074892,-55.29319,41.87047958
57.0320611,-26.85359764,4.44728088
56.73581982,-29.91900063,16.65449905
56.73719215,33.9600029,54.01730728
57.189466,-3.76370883,28.05321312
57.11522341,30.30539703,11.33488083
57.35756731,-10.37125397,23.39377594
57.04839945,-0.84846359,62.85258865
57.30470419,2.7444284,27.70798683
58.087083820000004,-21.39373589,7.70184278
56.93466091,16.43807793,4.02012539
57.36977673,-26.8259697,1.71213615
57.73329496,-58.60511017,24.98750877
57.06528902,-9.60366726,23.27401352
57.3204937,-13.71768761,6.85526133
57.38284779,15.41086006,1.2071197
57.20494747,-68.1714859,41.75791931
57.28268576,-66.54676056,41.77303314
57.22210407,20.38271713,7.74472189
57.68683195,-23.9731636,0.86916506
57.89881992,38.45346832,30.36759758
58.17681217,-72.35391235,30.00637245
58.13067436,-64.56023407,25.52885437
57.25064468,16.88182259,0.01120929
57.22409296,-37.19665527,19.74177361
57.67880344,26.99331665,16.81753731
56.97975874,35.46040726,17.26981735
57.58721495,-46.42554855,41.54656219
57.18629646,-66.94311523,42.48276901
57.47556925,27.55114174,16.38726997
56.91905165,-32.62066269,17.45849991
57.44835329,21.47457886,1.14475191
57.1543088,7.07883787,23.39955711
57.62247896,-30.86931419,49.39868927
57.32004786,27.39331245,15.30278969
57.39155245,29.03544807,25.10595703
57.52680779,5.31397772,25.66130066
57.242001529999996,-16.58928299,11.26085281
57.00918198,-48.29108047,24.67233658
58.57401562,2.34239101,28.34906769
56.93747568,-73.62775421,35.54627609
57.03508663,-15.36580658,13.07577515
57.28337431,-6.83676529,61.45606613
57.1979723,23.21257401,10.33878231
57.76020718,2.63048482,62.73169708
57.41599751,-15.21657085,4.6550436
57.56245184,-20.03450584,7.8499465
57.79436588,-47.36435699,25.3796196
57.1338954,-13.11745548,21.51709557
57.06653929,-3.42644453,28.64234161
57.57680893,22.3709259,17.7878685
57.09020996,4.28302002,27.0760994
57.35156441,-25.35046387,16.98214912
57.3891511,15.72844219,3.09215832
57.7137661,36.90840912,19.04844284
57.58174562,-44.89256668,24.46856308
57.61977434,42.07961273,39.7768364
57.28369379,-12.69720554,22.30336952
57.5915966,-67.6233139,45.78078842
57.56337214,-5.47663641,23.35305214
57.89808178,-32.81348801,48.25645828
57.23723698,-68.58924103,44.60121536
57.59991121,15.86909389,18.31428146
58.11009502,-1.50946081,27.19930458
56.96802568,21.87010002,1.79155159
57.49215889,39.98031998,31.74250984
57.31130171,31.15393448,22.66709328
57.81265497,-12.20387745,22.93873787
57.756711010000004,-44.54524994,42.47725296
57.7718029,-54.15143585,25.47910881
57.57288456,24.84378433,4.08763742
57.30499315,-11.90977192,9.61993504
57.8429265,-23.7164402,7.34879732
57.49292469,34.65374756,14.73865509
57.66559696,18.83894157,-0.09214342
57.70177746,-17.08594704,2.47649813
58.4995594,1.924263,27.72774887
57.6818409,41.94775009,38.25786209
57.82652187,27.50823784,7.09596968
57.71785879,-4.42559242,24.83525467
58.01284599,-18.3728199,10.27303791
57.80327988,31.98306274,11.82967091
57.88661528,-70.95909882,38.47941208
58.02049541,-6.42829609,19.72537422
59.39882946,-70.43884277,47.61186981
58.26523399,-71.14321136,28.16490173
57.52709532,-64.70350647,41.18104935
57.96645641,23.9801445,11.48370743
58.385908130000004,25.51054001,17.19973946
57.95551968,-25.57763481,0.70654041
58.28848267,-11.89226913,21.3756237
58.10258198,-13.21667862,58.79808807
57.97720671,-63.19466019,44.81163788
58.16002655,-5.30078173,24.34657669
58.449079510000004,25.89962769,14.06783676
58.67885208,-60.06567001,43.86034775
58.23240376,28.88156319,25.08444786
57.93167114,-27.09877396,17.49020958
57.83580399,-64.41777039,40.07182693
57.84390879,-1.93027997,29.70727921
58.26386929,-17.12394714,56.79363632
58.12406635,23.60987282,17.39095497
57.822937010000004,36.26306534,16.77087593
58.21556091,-20.98759842,54.57519531
58.08254623,-25.67940903,52.28969955
57.60592985,10.73289967,62.52009964
58.37626934,23.61175919,2.51267362
57.6143198,14.99849987,61.9192009
57.90540457,-16.06651115,13.32877254
57.74656439,35.65563965,51.68926239
57.66849995,19.05150032,61.00790024
58.03866196,-17.08778,11.72548294
58.100152019999996,-24.79188538,7.00632
57.81195211,15.81300259,0.67866331
58.5658865,-71.06403351,37.06685638
59.20976734,31.16585159,26.50463676
57.71304989,6.5571599,62.77199936
58.038142199999996,-13.86457443,21.16775703
58.57450867,-15.134655,20.00878525
58.01729107,-49.09724045,25.81958389
58.400634769999996,22.20766449,59.52720642
58.1018219,-27.31761742,2.29572225
59.21239567,-58.59231949,42.86336517
58.41722775,-27.27523994,4.75937939
58.46197987,41.03725815,42.23388672
57.96571016,-27.61384201,3.41330218
57.80062008,-30.25589943,17.73590088
57.81951427,31.36445618,55.05962753
58.56951523,-20.03778839,18.80650902
58.27809048,18.51986313,17.87528801
58.22872257,30.01700211,24.33101463
57.83546019,27.77099991,57.29629898
58.001915929999996,40.7608223,34.16993713
58.31830025,-35.47324753,19.94510841
58.40852165,-20.35699844,8.11145401
58.19348621,31.18825531,23.44302177
58.47744942,-69.66064453,39.40924835
58.90666199,2.75684667,28.99691772
58.82324028,-65.11470795,42.22409821
58.10271358,-26.15805817,6.06523752
58.14274597,-48.71480942,40.34175491
58.89340878,18.27766609,0.00472597
58.033874510000004,-2.91710711,31.10700798
58.34256935,37.33995056,19.74940872
58.32242489,-66.79187775,40.26181793
58.12174797,36.01110458,20.94311142
58.58293343,-1.30356193,28.0301342
58.43315697,-4.34378576,22.73452187
58.271385190000004,13.1997776,18.78144646
58.002759929999996,-4.09341002,27.32040024
58.24774837,17.40480804,5.70615721
58.1807909,15.2660675,2.08058453
59.2287569,-65.79905701,43.31172943
59.051602360000004,26.90318108,15.11489773
58.39258862,-52.9692955,40.15158081
58.46143627,-1.91531229,26.74884415
58.3156662,11.12491417,19.59704781
58.65972233,-41.83190536,43.95157242
57.61850691,-36.96484375,47.13910294
58.27752113,-32.99977112,18.91164589
58.3556509,35.18880463,14.49336052
58.19515705,-64.37020111,39.01473236
58.30508709,9.25336266,20.70775795
58.74523544,-65.27813721,45.47548294
58.50919437,-10.18471432,23.0970993
58.56243515,-40.29615021,45.06953049
58.72014713,-21.85481071,0.73593217
58.16865921,7.38724995,22.33224678
58.61177826,-42.1060524,24.41323662
57.7010088,34.28774261,27.33598137
58.25376892,-11.32648945,9.3437891
58.49225616,16.22029114,0.49056286
58.91566372,4.41956139,26.29161644
59.05346012,20.05476952,0.46013457
58.47371292,-20.57650185,0.64313757
58.38449097,-38.12940979,21.46590996
58.25329971,-1.94700003,30.6439991
58.85152912,-7.21299696,60.17878723
58.675630569999996,-2.8934114,27.07236099
58.66290188,-64.01972961,41.03383636
58.721385,-11.50993156,23.26879311
58.45230007,28.32004929,7.32637405
59.23109341,-26.6812191,1.87913871
59.11942863,-62.86261368,38.52687073
58.33345032,-72.66808319,33.87546158
58.74832058,-17.2581768,1.89935338
58.816964150000004,-55.774189,40.97121429
59.0961237,-62.01802444,26.64605331
58.77571106,-23.26720619,18.55015182
58.95678711,15.02169228,4.25595427
58.95034695,-54.06491852,27.00906181
58.7824192,31.17680931,10.09661198
58.31524181,40.40768814,44.66449738
58.65999031,39.69260788,32.36022186
57.74578285,38.76774979,48.38185883
58.99695015,21.36755943,0.80423272
59.60080433,-10.4752779,22.45570564
58.84140682,29.03425789,24.90270996
59.01184082,25.64363289,4.10578394
58.43837833,36.79117203,17.40669823
59.47053909,-12.90596008,6.16097832
58.88846493,-45.48743057,40.38794708
59.163648609999996,-0.64983147,61.37527466
58.9355917,19.11280251,7.45239449
59.04780293,-10.12635899,59.11590958
58.83307743,-44.21768951,41.35739136
58.65681267,-44.73538971,25.86736488
59.35598183,-24.5567131,0.89460462
59.55520439,20.34375572,8.02803802
58.76846409,36.64235687,49.28513718
59.52527332,21.85885048,9.28591442
58.648540499999996,35.00242615,21.95832253
59.03391933,14.41845798,1.24635172
58.55405998,-28.53009987,18.2541008
58.66872406,-2.54789305,24.83231163
58.97342491,14.36050415,2.52279973
59.08419704,15.2100668,0.05466157
58.89513874,15.39631557,18.22413445
58.92910671,27.47415352,16.33781052
58.666305539999996,32.93011475,52.91804886
58.83060551,-63.53091431,39.96309662
59.22299862,-19.44223404,1.09681785
59.40545273,23.57992935,2.36413574
59.25691032,-26.04462814,5.80816555
59.04820919,-3.01642442,31.887743
59.23436165,-23.6780777,7.2216692
59.60872555,2.97430396,31.11545563
59.20811367,-29.83943939,48.39719391
58.46408081,-7.68883991,16.03676224
59.28613377,-0.43172777,28.91142654
58.86067867,-0.86793095,31.14413452
59.47669315,-16.81261253,20.29951859
59.14821053,-20.08187675,8.56327534
59.65033245,-70.54379272,30.58615303
60.71932411,-71.64025116,48.51742554
59.15909386,-4.51486588,27.94405174
59.25690937,-49.01059723,39.00024796
58.99702644,-69.00773621,27.86117172
59.08635521,-66.33408356,39.60024261
59.04283428,-30.43050003,19.05277824
59.06889248,16.06033134,5.51431036
58.84341812,28.3275032,56.04028702
59.481760980000004,-70.56268311,35.16742325
59.33218575,-35.43056107,46.36799622
59.95918083,3.15650463,30.00600433
59.76381874,35.84646225,29.35432053
60.01700401,-67.46967316,45.31040955
59.72283077,28.64727592,25.74030876
59.415436740000004,-53.97312164,39.23138428
59.093337059999996,-49.24866867,27.5655117
59.28195572,-46.72907639,39.19020081
59.06953621,7.03024006,22.68165398
58.8986969,-16.39403152,13.57882881
59.13276005,36.73917389,17.53700256
59.24437809,-27.09247971,4.56273508
59.3049202,-27.42338753,3.91869473
59.353251459999996,24.40568733,57.73529816
59.16771698,40.26413345,35.20279312
59.25590897,22.82546806,17.37462807
59.871904369999996,-57.6169281,41.54270935
59.8067379,-64.1049118,38.43178558
59.38807678,-18.24258041,11.1778059
58.94853973,18.41020012,60.29240036
59.13124752,37.33935165,20.46162605
58.95833969,14.44989967,61.1147995
59.832905769999996,-62.68849945,44.47078323
58.96784973,10.26340008,61.64630127
59.67260933,-31.83472061,47.00932312
59.594697,-45.40478897,27.74512291
59.21956444,35.25492477,14.6680603
59.46309757,36.69011307,21.49177742
59.45764732,16.67052269,-0.65490133
59.49577332,-5.9134388,25.79247856
59.03221989,6.33113003,61.88000107
59.778635980000004,-65.43096161,39.11940765
59.7010498,-58.24141312,27.85910606
59.529452320000004,-65.12273407,27.4791317
59.34362793,40.55683899,39.22099304
59.80445004,-0.7286877,29.14948654
59.54071903,-14.49516106,20.65168762
59.20249844,-2.37355256,23.89083862
59.429465289999996,-42.50188446,25.91658211
59.59733391,-4.01774597,21.17949486
59.4397974,-38.07101822,22.81190872
59.45267296,34.14346695,22.67378807
59.59249115,18.15919495,17.94147873
59.38492298,-62.77388763,39.14706421
60.03565216,25.42583275,3.68781948
59.3017683,-26.91221619,19.0371685
59.35805798,31.35216331,23.73544884
59.60118866,3.32966137,28.43233109
59.20374012,2.6796701,61.69900131
60.0051012,23.5092926,10.88313675
59.77098179,29.57437897,24.98453903
59.78830242,4.52858877,26.06373596
59.91256237,-53.411026,38.35589218
59.30195332,-0.90489733,26.60659981
60.35574341,-68.51069641,29.93491936
60.78538227,-10.97813988,21.97421455
59.88216972,-2.14262748,28.86922455
60.960778239999996,-68.69940186,32.45988083
60.02393055,37.61018372,31.18915939
59.47414303,-3.62886834,31.01429749
59.59557056,30.27177048,8.88981056
60.363194469999996,-10.87257767,23.3597641
60.00771523,25.59809494,17.35642433
59.69668484,-19.88886642,53.49495316
59.22448921,-13.97988701,20.74243927
59.8907299,15.95037365,5.80118513
59.93877125,38.14051437,45.02326202
59.86423397,2.29504204,29.4875145
59.85854721,-41.36047363,42.55131531
60.47172832,18.42675972,-0.04057133
60.06987476,13.05780697,18.97728539
60.18850803,-64.02372742,41.06676865
59.56633091,-14.36922646,56.81097031
59.70919514,-14.33266163,4.5244751
59.99660873,-26.18806648,6.01217318
59.92984867,19.05408478,7.51560497
59.96679974,15.07964897,-0.03910011
59.13827515,-68.30361938,39.39752579
59.810917849999996,-60.54973221,27.84252739
59.75632572,-31.59168625,20.225214
59.859869,33.31098175,50.66414261
59.56254864,-39.45233917,44.4612236
60.27504158,10.82122517,19.96665764
59.79446697,39.23585129,33.14561844
59.89130974,-27.43214798,2.5994153
60.03825951,-0.01223677,29.77621269
60.31800365,-17.15625763,21.09082413
59.92669868,39.25648499,42.726017
59.89303875,-10.20136166,9.83586788
60.320561409999996,33.14703751,28.02552795
59.61070538,-16.4894371,13.47077656
60.21884441,-20.46995926,8.02355099
59.72321224,-22.42986107,19.79523468
60.36941433,8.84231567,21.23635292
60.29059505,-10.21100712,23.11660576
59.91871166,30.27734375,53.13428497
60.02840996,-0.57546121,32.42431259
60.42401505,-21.3722496,0.89439172
60.131050110000004,-24.12308311,7.1449337
59.949893,-40.38726044,25.27951241
60.1281271,-68.47418976,37.63513184
60.45888805,-33.25365067,21.77469635
60.10413837,21.93264771,1.16846335
59.96711254,14.11835098,1.31697547
59.79598427,27.41932106,55.39945221
60.420883180000004,14.1185894,2.69526935
60.21336746,-27.20384407,4.84943867
60.46953297,-41.95772552,40.28285217
59.79745388,-1.82483709,23.94062614
60.05241203,32.25399017,11.63738155
60.29850483,-3.85585189,28.24746323
59.94728184,-6.55990982,59.34116364
60.54000664,-1.40430665,33.62857819
60.44380856,-19.29339409,1.35707676
59.96590424,-55.82567215,39.59587479
59.8528223,-50.37360764,29.14517784
60.04179764,30.19882011,24.33310127
60.36933327,-25.94106674,0.85235608
60.01461887,14.72620201,4.28292084
60.00191116,35.67616272,16.87686539
60.51538563,-29.87547874,20.88448334
60.01160812,36.34145737,19.06369209
60.52103806,-66.80963135,37.67460251
60.84350491,27.7532959,15.58024979
60.23746777,26.3573494,14.34512138
60.02129936,27.58958054,16.82401276
60.663540839999996,28.62694168,25.39174843
60.77536964,28.03001976,25.81775093
60.87811089,-21.25726128,7.53139019
60.699213979999996,-69.99979401,48.3719101
60.18897438,34.4601593,14.83015728
60.38945866,35.8603096,20.64816475
60.6115675,-60.77064896,43.27725983
60.48080635,-13.78943825,21.63455391
59.91485691,-45.610569,38.3263092
59.97196007,-0.75010401,25.98730087
59.832797049999996,-7.18691015,14.98195553
60.39147472,21.00187874,58.13956833
60.0940218,-45.56469345,29.04341888
61.25637817,-68.42155457,47.87591171
60.19475269,39.65060806,36.69514084
60.14950657,-49.23190689,37.43349838
60.24177551,-3.16805983,33.89886475
60.75706482,-18.67559624,10.545084
60.50732327,-43.68076324,29.31554604
60.13458347,35.16277313,22.28796387
59.69446373,-24.73894882,50.84743118
60.5714798,-64.27503204,28.93597031
60.845078470000004,-12.33465099,23.04930115
60.08049965,17.77569962,59.44839859
60.09309959,-0.186318,27.73819923
61.87213326,-65.76333618,43.94992828
60.88712406,-11.78281116,21.65623283
60.21092224,-14.22441959,20.98587799
60.63728523,-39.19626236,42.92802429
60.16069984,9.76276016,60.62369919
60.16469955,13.90789986,60.13970184
60.583368300000004,-28.10007858,47.26675415
60.18519974,5.99736023,60.85020065
60.96061134,-57.60653305,30.84760094
61.0524044,-70.89984131,48.40319824
61.69803715,23.54719162,2.24297404
60.38477802,-27.5443306,3.29514003
60.56729794,-42.44738388,39.19281006
60.58320713,33.08476257,22.93631554
60.783322330000004,-63.75845718,39.58766937
60.68309307,-64.8105011,38.23299026
60.56494141,-13.940238,55.6769371
61.15016079,-27.28520775,21.69228935
60.72714901,31.39149857,23.45051003
60.30080032,2.52061009,60.65719986
60.3670435,-16.42496109,13.33403492
60.89552116,-65.6966629,37.61688614
60.77489948,-29.97729492,46.16213608
60.49105453,-49.2052269,30.74552727
60.46922779,-51.72579575,30.59691811
60.81090069,0.00529464,30.58285522
60.5387373,-6.97728682,26.41632652
60.3961668,3.5768795,27.7792511
60.76072884,-14.52454948,4.31859446
60.6321907,39.13054657,40.16347122
60.71736813,-65.09024048,45.72922516
61.2458334,27.99071693,26.36816597
60.418526650000004,-47.68081665,36.60219193
60.79463863,-9.57304859,57.33241272
60.72281742,3.61554098,33.09893036
60.84192848,-3.93221617,34.04673004
60.52963638,-45.22826767,36.42457199
60.68567657,-6.25034475,28.77814674
60.51303959,-14.29749203,20.66784477
60.78995991,17.50319481,-0.22257626
60.817888260000004,-24.52260208,6.77302027
61.477410320000004,-66.34664917,44.70457077
61.14951038,34.99768448,46.42501068
61.01749706,-68.31160736,34.65348434
61.5956707,-11.34084892,23.39216995
61.11826992,26.8997364,5.51077557
61.02202511,21.40699196,0.93072051
60.83207035,-16.47890663,2.81259894
61.07007313,-6.32787275,27.86289787
60.589894290000004,-55.23058701,38.07890701
60.5247364,-45.38848877,30.55571938
60.62365818,-1.92986321,59.71234131
61.79830837,-69.38412476,47.49752426
61.11522579,15.07838917,4.00134373
61.00461578,16.82740593,5.93233919
61.03351212,7.33149195,22.79685974
61.17229748,-62.30920029,30.1317749
60.73283195,-41.04327774,28.13808441
60.5971489,-1.64365625,23.83977318
60.8477459,-54.25774002,36.57245255
60.66569614,-43.68044662,37.0186348
61.01925373,0.31952602,31.81609917
60.75632763,15.50300121,18.56176567
61.98890781,-18.76164436,1.69870198
60.9635458,15.64747334,0.14659119
60.6454916,-38.35756683,25.38871574
60.91562271,27.61591148,17.26980019
60.78237438,38.59912872,34.20968246
60.59787464,2.97626948,29.63228035
61.43270683,-34.45620346,23.93690491
60.91473675,32.18795013,13.01529503
60.92638493,-7.09490824,14.56556416
61.394804,-27.11072922,3.67412734
61.313565249999996,5.28038073,25.51410103
60.70685387,-23.30511665,49.99870682
60.78074646,-45.50729752,32.20847702
61.18387985,2.28642726,31.85718346
60.91245174,-12.97098923,5.91381788
61.11772346,4.24031353,32.9334259
60.792411799999996,2.65998602,31.61479187
61.18287563,-10.04748058,9.69169807
59.88677311,2.21812892,30.34812355
61.130570410000004,22.6360817,56.38074112
60.90098381,-51.49537659,35.31349945
61.31318474,-26.40995979,1.90920031
61.11818218,-33.40542603,44.98106766
60.802300450000004,-0.48622301,26.38479996
60.82176113,-45.5386734,34.13210678
60.98555279,-19.39333916,21.74416542
61.04783821,-20.75036812,0.8777644
60.82925987,24.76960182,17.91056442
61.03122807,35.01248169,29.96757317
61.30242252,-26.29210663,5.3403573
61.34620285,-5.97180128,32.34548187
61.176991459999996,14.59044552,1.41930759
60.9958849,-52.41464615,32.71055222
62.91380882,-65.57593536,42.30150223
61.83243942,33.3820343,18.07736588
61.19362736,14.4952631,2.57238913
61.192118640000004,-2.8638339,30.79970932
61.04427528,-42.57231903,35.27363586
61.01712608,-42.75365067,32.83022308
60.92469978,-0.021122,28.31299973
61.21498108,-57.81221008,39.92513657
61.21528912,29.05709648,24.31342125
61.41641808,28.65599251,16.06837273
61.314959529999996,13.32909393,19.29745674
61.50869751,37.64919662,41.63465881
61.39695168,28.7874012,16.93491554
61.425032619999996,-6.44419098,57.63079453
62.36315536,24.49422264,3.57484698
61.12113857,-41.38277054,38.29955292
61.33574486,17.3881321,58.10188293
61.29659748,-41.37695694,32.10135651
61.0027523,-16.16734886,13.40816498
61.3509388,-56.15102005,32.90321732
62.02880001,32.23331451,20.65260887
61.9400444,-20.6380024,7.32519817
61.2006216,38.61447144,37.95517731
61.18128109,-54.28992844,34.37804031
61.25938225,-13.62016678,21.79970932
61.249224659999996,-55.66880035,36.77561188
61.18812752,-39.50533676,28.05103302
61.68925858,-19.71583748,8.38674068
61.51300907,11.27340221,20.19672966
61.09570026,-1.28070998,33.60039902
62.22663498,-5.0955267,30.86247444
62.33923626,-20.98722649,1.07616889
61.3920536,22.58547783,9.27420139
61.760345459999996,-0.3711738,31.23223305
61.32919502,-65.43358612,30.81596947
61.87375069,-60.60853958,42.24907684
61.46265316,33.51336288,16.65049553
61.21724415,37.40410233,32.97129822
61.47775841,-21.22579956,49.70351791
61.638237000000004,-65.74732208,35.55836487
61.28691387,-55.34838867,35.24790192
61.6439867,-14.8009758,4.36303902
61.15236855,31.65306473,23.03944969
61.93813705,-9.31989479,23.58216286
61.16534233,7.09955168,59.66417694
61.77266502,-22.43580055,6.7131815
61.60945129,-17.76668739,10.90286064
61.5702219,21.62408447,0.94301707
61.47134113,-32.19294739,22.99655914
61.50683403,20.77617645,7.86288643
61.6755085,-7.96976566,27.51707268
61.91771507,-35.71085739,25.80505371
61.20323467,3.29808736,28.82571983
61.35295486,19.12428474,18.64170074
61.50113106,-38.20926666,41.29800415
61.68857956,9.31969738,21.46360397
61.657732010000004,30.87989807,49.23790359
61.28370857,-3.56959105,35.23666
61.52912045,-65.52060699,36.4165535
61.51596928,23.51596642,18.79184151
61.44713879,-65.25171661,38.42333984
61.10980797,25.852005,54.3499527
61.82658768,18.1848774,-0.21824634
61.78334236,14.92263794,4.00478697
61.28890038,13.76760006,58.8429985
61.30189991,2.36156011,59.41939926
61.71223354,-1.39039266,32.99429703
61.143938059999996,-3.86556101,20.86144447
61.30088234,2.93830347,30.63436508
61.59497833,-33.92095184,43.92825317
61.26565933,-23.82850266,1.0361588
61.36886215,-12.2345953,55.194767
61.66028976,-25.59218025,1.91202092
61.59626865,-5.21451807,34.48604584
61.8040123,15.53171062,0.03398626
61.93120098,16.93396187,-0.57721764
61.60909653,-66.90706635,33.30332565
61.3843174,-2.31368518,23.05796623
61.67629433,-60.44154358,31.87008476
61.71889496,3.13462067,35.32778931
61.8289957,-25.59526062,45.94811249
62.10086441,16.965765,5.89253712
61.7613039,-65.13471222,37.85491943
62.09453106,14.63946915,0.98830175
61.82960129,-12.72528839,22.71788025
61.74550247,5.4524231,36.64266968
62.64606857,18.93157959,0.1158658
62.01249599,15.80118084,5.03877068
61.87983704,-4.74552441,35.65957642
61.74793625,28.59966469,17.97015953
61.6955452,19.50452232,56.89008713
61.56472111,-2.91038465,58.33049011
61.80508614,14.28340816,2.29858828
61.66587257,-13.68191624,21.81838989
61.74441051,-7.59616041,29.89310265
61.91296673,31.12526131,28.30244827
62.59281349,26.64577293,26.94343376
62.23950863,-29.39116478,23.8203373
61.5986166,-0.7369287,26.15932846
62.39763451,-65.38273621,40.49105453
62.04615688,14.82433319,19.38051224
62.16395473,34.72517395,31.50344086
61.57405281,-23.04746437,22.52513123
61.85513401,-28.2382412,44.82025909
62.2658596,-11.3847084,22.43216515
62.11675453,35.36982346,43.8495369
62.50848866,0.33526731,36.70948029
61.8204565,-62.4926033,32.03610611
62.31414509,27.33745193,24.44391632
62.02141094,-11.9494648,7.63510036
61.85553741,37.28588486,34.58576202
62.10759449,-59.16028214,39.3073349
62.30997181,-36.67930984,27.8475132
62.002387049999996,-14.45079994,16.39135361
62.17098522,-15.717103,12.56570339
61.92205524,-14.75753307,4.22778559
61.82355976,-64.66162872,32.54804611
61.9864645,-14.04856968,5.41575289
62.11129761,26.78126526,25.99344826
61.89603329,-16.60250854,3.30419707
61.88002777,-26.23848343,2.99576235
62.17442131,3.50429606,34.31825638
62.27419758,-71.47507477,49.32363129
61.62965012,26.14079666,12.82537556
62.108284,-59.12789154,34.14491272
62.40259552,25.84155846,5.56991243
62.06833076,29.5412178,23.24673462
61.77840042,-0.20756599,28.87649918
62.215908999999996,-7.09370375,29.4665432
62.1005125,23.28192329,19.78146935
61.99334908,-7.33714628,32.82925415
62.00946331,-64.01472473,34.72001266
62.55661774,-37.81851196,35.00237656
62.51123142,-59.65197372,37.61342239
62.00561237,-25.91460419,4.31717873
62.01716328,3.2342968,32.37031555
62.25399876,-12.83774471,21.63568497
61.86970043,-1.34220004,33.09349823
62.02769852,3.22075319,30.52444839
61.91448784,-6.87488842,15.5270071
61.77493095,-63.76019669,44.53116608
61.98812294,-9.829072,55.32905579
62.09423351,37.28522491,38.98363113
62.34660244,-38.33200836,30.55834579
62.38786221,27.72303391,9.45782852
62.27511597,36.21717453,41.99174118
62.40008068,-61.44884109,34.49314117
62.09131145,24.57925606,53.25860214
62.15147781,30.875494,15.21804714
62.01770496,30.20896149,16.79038048
62.06368446,-62.62015533,33.4881897
62.31839848,21.36384964,54.73228836
62.69253826,32.01071167,30.0201931
62.35673618,-33.14084244,42.659729
62.27152348,-37.20391083,38.67619705
62.03950024,4.37574005,27.91710091
62.25993156,-3.12776828,33.29620743
63.01780796,22.65753746,7.59080267
62.11948013,-4.06143761,21.38692665
62.0882473,30.03774834,18.27762222
62.58896637,-7.6189661,36.28662109
62.55373764,-65.42605591,39.66114044
62.1685791,25.21335793,10.94572544
62.08649731,6.93876219,58.23577118
62.52900219,-32.12952423,25.35630608
62.24720764,-64.32330322,38.11225128
62.36718845,-23.74590492,0.76334625
62.478959079999996,-26.19069099,3.10601974
62.4848671,-15.18801212,4.81335211
62.704116819999996,5.85891199,37.57189941
62.58393192,-25.48421097,1.71140921
62.12180328,-19.97153282,23.05959892
62.8431797,3.35952997,39.18273163
62.50237179,11.84878826,57.06691742
62.169813160000004,31.8934803,18.1919136
62.74350929,21.24179077,7.24461985
62.48697853,8.27246952,23.10489273
62.952981,25.54747581,6.71836233
62.48094177,-60.87706375,41.35632706
62.66554642,5.07175684,38.88248062
62.98967457,-19.21167183,2.09890628
63.04848003,-23.3161068,5.51396894
62.78708458,-30.92815781,42.60285568
62.493180269999996,-64.83013153,39.10861969
62.881439209999996,-9.19941616,24.15174103
62.29060078,-1.96848309,24.71164322
62.3734417,26.8046608,11.59035206
62.26552963,1.08290482,57.82136536
62.94736767,16.04523659,0.34536093
62.55677128,-18.58994102,8.4088583
62.59988785,-17.58632469,49.3075943
62.65454388,-12.57803249,22.67635155
62.687350269999996,32.41281891,45.65769958
62.69128513,-24.75536537,4.96239471
63.20790863,17.09914589,0.50641865
62.79353428,-37.20233154,32.599617
62.61905003,28.56543922,22.09587097
62.587074279999996,27.27350235,10.63172722
62.42590332,25.31410789,20.39690018
62.4978075,-6.44976377,36.18357468
62.41483593,6.39413548,25.24160767
62.64286137,11.05272961,21.31814194
62.38927937,-63.00431824,36.0527153
62.38640594,17.73690033,56.04229736
62.82675552,-33.6348114,27.15395927
62.51081467,3.51814628,32.01177216
62.88136292,-63.25758743,42.98949051
62.62120628,-20.02021217,47.58169174
62.18626499,-10.37489319,9.81373787
62.70687866,-34.34312439,39.8285675
62.974046709999996,8.754529,41.76359558
62.46530247,-6.61653662,16.95880127
63.13433647,-70.37634277,49.1239624
62.882744790000004,-19.96526527,6.69667959
62.91672897,15.71194267,20.62846565
62.57133865,-14.11320972,6.42573261
63.37959099,-7.9827075,24.71260262
62.57161713,-60.80051041,39.32423782
63.18877411,15.05447865,2.91835618
62.943550110000004,17.76925278,20.83286858
63.11474895,-67.18835449,45.57314301
62.68844891,-8.64134502,35.23246002
62.45580006,-3.27108002,56.85839844
62.81366634,26.08625984,22.25339699
62.70310783,35.98629761,35.74702454
63.19014931,6.67771387,42.06301117
62.498600010000004,-1.06856,27.26840019
62.68223381,-62.36098099,39.62168121
62.69812107,-17.30892754,3.71146631
62.67871571,-11.46796513,9.15165424
62.725053790000004,16.59630394,5.23723698
62.55319977,-2.8549099,33.88619995
62.92514706,-5.74606943,55.29556274
63.2070694,15.20077324,1.45021307
62.572999949999996,-0.72020501,29.50499916
62.59420586,-4.7871623,34.99557495
62.58920002,-1.19213998,31.82049942
62.88359451,-10.85995007,23.17907333
62.720775599999996,-63.83914185,39.34989166
63.61703014,-70.42970276,48.96736526
62.93334007,25.66694069,25.07050133
63.12962055,-24.96106529,25.38055229
62.76750851,4.32176733,35.03021622
62.70986843,-8.98868465,54.27711487
62.67890739,-25.74948502,43.55748367
63.13010025,25.16720772,24.38012886
62.97195625,21.36729431,0.86838889
62.96451473,5.52811241,27.94301605
62.68669987,-8.96788025,31.22060013
63.62559128,27.80909157,47.36397171
63.20465374,28.97792053,28.83678055
62.76572037,-4.18315792,22.63462639
63.39828968,-31.58387375,40.13072968
63.32889557,-2.91458201,37.07807159
62.699404720000004,-14.68946743,12.76662064
63.33889866,22.2341938,1.51240826
63.05010128,8.7948761,41.29827881
63.3100481,-4.56157303,34.92011261
62.85351086,24.83408546,21.92056274
62.9493351,-9.30832386,29.47220421
62.91242695,35.66415024,39.74638748
62.90282822,13.04835224,21.0205574
63.06476402,-25.60684395,2.86168003
63.04863453,-12.72209167,51.01751328
62.98600864,-15.90380287,5.32428551
63.52739239,23.42780113,6.99330044
63.13187981,-20.89295387,24.70123291
63.292466160000004,-66.1689682,43.74321747
62.83108711,6.80757618,56.73656082
62.90439129,-11.95116043,20.96519852
63.14503288,-9.99590588,32.97100449
63.232157709999996,24.85977554,26.56653023
63.35121632,-22.79326439,1.42967141
63.10676384,-34.88891983,29.92118073
63.17319107,16.92671394,54.19609451
63.03832817,-5.97917747,20.1434288
63.01602936,-62.99081039,41.30612183
63.68231106,23.28594398,4.22145748
63.03904819,-14.75109577,7.50134325
63.35018444,24.43137169,7.41690254
63.13102531,-18.07604218,7.17561054
63.459981920000004,-14.11744595,23.97673988
63.1148243,-22.70832634,43.77393723
63.0438633,7.19127035,25.41090584
63.09922314,4.69094515,31.05981827
63.28687572,-33.41139603,36.81935883
63.18602467,-9.19298077,15.93873119
63.448506359999996,19.3756218,-0.08784634
63.16699219,4.70308447,33.5679245
63.08861923,-12.45601845,9.52864456
63.29578972,19.52070045,52.82787704
63.02140045,-2.6666801,25.57909966
63.03868771,-13.80883694,13.04302406
63.20203495,5.18629265,35.64483643
63.37085152,-19.16403961,5.85754299
63.37850857,18.18641281,5.1487875
63.56551456,-64.60540771,43.29662323
63.58661747,33.61697006,41.46977997
63.37984085,25.0193367,49.78168869
63.14854431,-15.55041313,9.27159309
63.14515781,-24.55149078,1.57330215
63.1797924,-1.97526932,55.67043686
63.4049921,-20.3656311,2.38655806
63.87361813,-68.34643555,46.6153717
62.98774052,-25.39584923,4.10659885
63.76167965,22.33963394,2.31535125
63.13640022,-2.54961991,32.79470062
63.66748428,32.71971512,33.53453827
63.14973736,-25.37143707,42.30393982
63.37136555,-65.2416687,40.41296768
63.35394859,-18.17434502,5.02339172
63.17609978,-4.37890005,33.94739914
63.17669964,-1.47441006,30.75670052
63.30675793,-4.49579287,24.56781197
63.23977852,-13.45031071,9.95151615
63.432220459999996,-10.4986763,21.00951767
63.38332558,10.13498306,42.57392883
63.34270191,9.02517986,24.13429642
63.30123806,-11.78783226,15.69701004
63.67862129,-10.31227684,30.9974308
63.415018079999996,-7.49654007,20.17419434
63.42240429,-2.27884364,27.76931572
63.62985611,-29.31252098,28.45907784
63.4526825,-6.71767521,34.71507263
63.45325851,-8.80354595,24.32390785
63.36866283,-10.47800541,16.39603615
63.320199009999996,9.03670979,55.26171494
63.34971237,-8.26093769,53.08300781
63.454344750000004,32.71839523,43.26254272
63.77195358,-9.68604374,36.01909637
63.48673725,12.46321106,22.58218384
63.837590219999996,8.07646179,38.03704071
63.9596777,-1.71990967,41.07604599
63.67541313,-23.68203545,2.43202829
63.47061157,2.92505789,41.60416412
63.82223415,-24.63042641,27.07035446
63.68493366,6.45794868,29.77532959
63.77283859,-31.26724052,31.88832474
63.56511879,16.23011971,1.33370149
63.59661198,9.69057083,44.97170258
63.76958084,20.63630867,24.29741096
63.5158453,-17.53873444,46.74397278
63.53954697,34.05878067,36.28461075
63.66917324,-6.06656742,24.88791847
63.63072681,-10.19003391,24.11949348
63.77720261,23.49322128,26.88542938
63.41430378,-66.94033051,46.40440369
63.64072704,30.82235146,31.15104103
63.69913006,16.14047241,2.50635624
64.03316116,12.09307766,42.50812149
63.63994217,-32.40566254,34.63659286
63.58262634,-23.92725945,4.05144882
63.68731594,-26.64803123,40.75861359
63.573950769999996,-3.59972572,32.7975769
63.6491127,-66.49557495,43.46718216
63.78369808,-7.13422585,25.56459618
63.85847187,-29.2610836,39.82813263
63.88828564,8.02907372,27.4327507
63.84403419,10.67653847,24.5157814
63.73859215,-11.22052956,32.58736038
64.0532341,32.6579895,39.11611938
64.21545506,18.84049606,5.01935673
63.79748821,-1.20210683,54.13606644
63.741158490000004,-2.76135826,30.78338242
63.74018669,12.16662979,45.079422
63.92465401,15.13454056,23.68334007
63.7849369,-66.07189941,42.83660507
63.765112880000004,23.1561203,49.58816528
63.70088959,-7.66500521,23.86407089
63.67022038,8.88076782,53.98223114
63.92851257,23.05263901,5.52679825
64.0079546,-12.93956566,37.22149658
63.67093563,-11.98731136,36.12633896
64.10302448,21.83420563,26.98035812
64.1835146,14.33147526,44.77064896
64.12393665,16.37910652,1.17989862
63.7163763,16.85512543,51.989254
63.77752304,-22.32181931,40.91093445
63.92171764,3.56765151,44.43796539
64.22676277,-21.4517765,38.88101578
64.04685879,-5.5410943,37.3210144
64.51180363,16.96100235,2.98116088
64.42767334,19.50414276,0.5649575
63.94105434,-69.65975952,48.53421021
64.03408241,-5.04417276,32.25927734
64.04496861,-67.86175537,46.17787933
63.90622234,-6.28623676,52.4799881
64.0471735,-5.92348385,26.81473541
63.99748802,8.32032013,52.25267792
63.706002240000004,-66.63618469,45.69732285
63.95331383,9.88340759,47.45526123
64.02620506,-16.8554554,45.32058716
64.02200222,-13.95357895,36.26413727
64.06377792,-24.65581894,40.02377319
63.98165417,12.95510387,48.11692429
63.96196842,13.97243023,50.81963348
64.48682308,20.42727661,5.12748241
64.49725151,-29.30218315,36.14427567
64.26261902,22.39661026,48.13451004
64.04418468,-12.91476822,47.86270523
64.34328556,-6.46117687,26.79008293
64.11647415,-8.13913631,33.72867966
64.18788433,-4.89566326,28.723032
64.11440468,17.96259499,49.25185776
64.28343391,14.706707,25.43630409
64.16618538,15.564394,46.99720383
64.17023754,-20.57753754,39.68537521
64.28174114,-9.7818079,25.50833511
64.16474724,-13.06412411,33.54308701
64.23405361,4.72669697,47.92430878
64.25057982999999,-1.17731822,52.50804138
64.37642479,31.42959404,36.35491943
64.20419598,-11.51100636,32.99564362
64.21825218000001,6.08866501,50.12573242
64.19382477,7.51267433,32.6640625
64.15363693,-13.93318653,25.46447754
64.43110275000001,28.72531319,31.80716705
64.95555019,25.38218498,45.18444443
64.57095337,-24.38166046,29.7807045
64.33540249,-19.04550362,37.80144882
64.44702721,-8.23614883,37.51275253
64.42846012,-15.21850204,44.79053879
64.57849121,-1.07538402,50.85055542
64.53672313999999,19.02809715,27.75279617
64.98066139,-27.16488647,35.95170593
64.77863503,19.5961895,1.78221846
64.6983757,-13.34064484,36.21523285
64.6089592,-4.50668526,41.45568085
64.3009491,10.76485538,40.32926559
64.36608219,-22.63938522,39.22889328
64.29478645,-22.24200821,28.0138588
64.39318180000001,10.24322605,27.70572853
64.5201273,-15.36245823,37.57673645
64.5711689,12.00021362,27.51325226
64.39001655999999,-17.46574974,38.10821533
64.60114861,-10.78613949,37.47293472
64.72792625,-0.87060583,49.46210098
64.53251934,9.26295662,30.14189529
64.70370007,-27.85573959,37.10713577
64.69013786,17.25981522,1.36957371
64.84496593,-26.62895393,33.62281418
64.52599049,19.98526955,47.14191818
64.38536167,-5.87419844,50.91477203
64.60234928,-10.27257156,32.90697861
64.48313236,25.08253479,29.02222252
64.59308815,-6.32031536,29.3009758
64.4399519,16.74819756,45.93350601
64.19582748,17.72084808,0.26838061
64.34332848,-17.49269104,36.6990509
64.67679787,28.05101395,44.36185455
64.63320637,-13.09715843,27.1247139
64.52183533,9.19368649,36.13167953
64.76581669,-13.35533714,44.10797501
65.05983353,-25.98721313,36.67745972
64.95339108,-13.84728622,34.8224411
64.81343174,9.95177555,32.63817215
64.59611988,-2.44527602,44.34653854
64.79334641,-11.85081863,32.27261353
64.69982052,-8.3834362,27.50392342
64.8727684,22.50998497,29.10904884
64.94696903,-3.8716321,46.32376862
64.82443047,28.70972252,34.13448334
64.66498756,-18.26049042,29.04521751
64.84732056,17.89685249,2.78617191
64.7977047,-11.46886444,30.67263794
64.73440647,-5.32153273,49.39027786
64.83819771,12.43113041,40.67644119
65.11143208,28.40749931,39.78519058
65.19598675,14.16618633,30.99183846
64.99851227,-11.31032753,41.30944824
64.95968056,-12.10126495,43.11263657
64.92889118,-19.84253883,37.16720963
64.84107589999999,-17.33539581,30.41974258
64.91615963,-22.3951416,31.13865471
64.97571754,-8.14314365,41.45799637
64.99088287000001,-16.4913578,36.10882568
65.17952156,-24.4806366,34.16046143
64.9589777,-5.55774641,47.44150543
65.03747654,24.16119766,30.55539131
65.01045132,12.00880432,30.92296791
65.27274227,25.60417747,43.61226654
65.17757607,12.31420231,38.1105957
65.38011456,15.77414894,41.86376953
65.32723236,18.21271515,43.7555542
65.39269924,23.03186226,44.37314987
65.08085728,-8.97522545,43.21501541
65.40021896,20.76948929,31.01765442
65.23250389,-22.25704575,35.4797821
65.43639374,20.67868042,44.17913818
65.19695186999999,-21.45806122,33.17459869
65.49587059,24.8196125,33.59340668
65.46792316,26.39506531,39.56875229
65.464468,26.34087753,36.04219437
65.4943428,13.79785538,34.91474915
65.52164173,14.41209698,38.24478531
65.80004597,16.79107857,35.3889389
65.72929192,18.87870789,33.7165451
65.75246811,24.1350708,36.70941162
65.87693214,19.33288002,40.40722275
65.80371189,22.06215668,41.31681824
65.7477541,22.55153656,34.26510239
65.78946304,16.60656738,38.00052261
65.90673637,20.56146431,36.38145065
