-0.3389963913,0.8556943511999999,1.3456242371
-0.3377790069999999,0.8719740295,1.5215899658
-0.3357436371,0.9203717041,1.3594789124
-0.3327658463,0.7386742400999999,1.4470637512
-0.3356497192,0.8810131835999999,1.4402929688
-0.3344914627,0.4586419678,1.3372972107
-0.3335839844,0.9211330414,1.2487017059
-0.333541832,0.9552701569,1.2534523773
-0.3321335602,0.3819594193,1.3277970886
-0.3299531174,0.8934803009,1.2412639618
-0.3274710083,0.9518896484,1.3910562134
-0.3298425292999999,0.5068315125,1.3034817505
-0.3302759933,0.9291429901,1.4580900574
-0.3301110077,0.9194689941,1.5255900574
-0.3288304138,0.7134586333999999,1.4958862305
-0.3237808228,0.9998593903,1.2607306671
-0.3283827591,0.4238933182,1.388309021
-0.3270460129,0.4962031937,1.2663726807
-0.3199357224,1.0102301025,1.3231736755
-0.3195542526,0.2865632629,1.3171733093
-0.3199349976,0.969315033,1.4602799988
-0.3130965233,0.5762984848,1.2773934937
-0.3122900963,0.8853055573,1.1291136932
-0.3055366707,0.6939625549,1.395637207
-0.3050125313,0.6496621704000001,1.3450608826
-0.3145163155,0.7812194061,1.2919813538
-0.316110611,0.4570033264,1.2161489105
-0.3068022536999999,0.2341913414,1.2636765289
-0.3057845497,0.2130249596,1.3092979431
-0.3078199387,0.3658433914,1.1944177246
-0.3115243912,0.4165934372,1.4448600769000002
-0.3074679947,0.9163069916,1.5913600159
-0.3025590706,1.0465118408,1.2948442078
-0.3073019981,0.9763009644,1.5277000426999998
-0.3036879920999999,0.7262480164,1.6210899353
-0.303064003,0.7882350159000001,1.6302400208
-0.2973323822,1.0539530182,1.2473451233
-0.298156414,0.6788244629000001,1.608863678
-0.2950859833,0.2090937614,1.4175004578
-0.2907695198,0.7663401794000001,1.2033109283
-0.2958889389,0.6441776276000001,1.5404225159
-0.2841804695,1.019340744,0.9946214294
-0.2913813591,0.9748394012,0.9997525024
-0.2961407852,0.9090285492,1.0423132324
-0.2911305237,0.9281458282,1.0088310242
-0.2905480003,0.987614975,0.8854429626
-0.2859907532,-0.3038884544,1.2206073761
-0.2858749962,1.0664024353,1.3551422119
-0.2756575584,0.7653798676,1.1509619141
-0.2829054642,-0.257397995,1.3765408325
-0.2829529953,1.0303905487,0.9257071686
-0.2855961418,0.3959111404,1.4984968567
-0.2855660057,0.9797979736,1.5860600281
-0.2856855011,0.9365535736,0.913358078
-0.2773844337,0.672922287,1.2441414642
-0.2840052414,-0.1624991989,1.3032221985
-0.2816247559,-0.2721774864,1.1671331787
-0.2709064674,0.0768578243,1.4076638793999998
-0.279516716,-0.1403176212,1.2489366913000002
-0.28327034,-0.3045108986,1.3405271912
-0.2758567619,-0.3424847794,1.2226867676000002
-0.2832589912,1.0229799652,1.5289599609000002
-0.2822554969999999,0.8904091644000001,1.0092237091
-0.2804372597,0.8698600006,1.0431014252
-0.2797760582,0.8503684998000001,1.0642861938
-0.2805789948,0.7474299622,1.6683200073000002
-0.2788008308,-0.1866197777,1.1657966614
-0.280340004,0.6886309814000001,1.65477005
-0.2650343513,0.7909727478,1.1113910675
-0.2782455635,-0.119824934,1.2587039948
-0.2777657127,-0.1539429188,1.3516567993000002
-0.2727434158,0.1523119164,1.4558891295999998
-0.2664749718,0.1003427029,1.4474473572
-0.2726732826,-0.1976617621999999,1.4166970825000005
-0.2811906433,-0.3334073257,1.2943560791
-0.2698465347,-0.132473917,1.1503987122
-0.2834808159,0.8395170593000001,1.1020578003
-0.2642239189,-0.1578144073,1.1265693665
-0.2711546135,-0.179799881,1.3921635437000002
-0.273973999,-0.2327750015,1.4249299622
-0.2710955238,1.0168717957,0.7913092041
-0.2668018913,-0.3415531921,1.3468322754
-0.2736307335,0.5569425201,1.1626592255
-0.2641425705,1.0752483368,0.8197148894999999
-0.2669857407,0.9419301605,0.8539428711
-0.2668700409,0.5779977417,1.5630844116
-0.264782753,1.0761914063,0.8779394531
-0.2681628608999999,1.0861349487,0.0122818875
-0.2626015854,0.6975639343000001,1.216802597
-0.2598293495,-0.0957565403,1.1606929779
-0.2514258575,-0.3661955643,1.1789574432
-0.265414753,1.042348175,0.0018078832
-0.2595046616,0.8558442688,1.0247879791
-0.2544223404,-0.063430872,1.2926942444
-0.262365799,1.0892660522,0.0436468697
-0.2627619934,-0.103107996,1.3664799500000002
-0.2598807716,1.045807724,-0.0045183086
-0.2568671416999999,-0.2003711128,1.0788321686
-0.2614089966,1.0240399933000002,1.5805799866
-0.2556766701,-0.162706337,1.0876734161
-0.2565361404,-0.1052451515,1.4113208008000002
-0.2505338478,-0.0140488791,1.2554005432
-0.2527213669,0.1302180099,1.4954954529
-0.2490043830999999,1.0978102112,1.4654676819
-0.255973053,1.0782991028,0.9153175354
-0.2579899979,-0.2077079964,1.4731900024000002
-0.2578490067,-0.1755109978,1.4644500732
-0.2578120041,0.9832900238,0.7905840302
-0.2510765266,1.0324628448,-0.0034500659
-0.2540277481,-0.0697853231,1.3671826172
-0.2506503868,1.0956695557,0.0814052676999999
-0.246329155,-0.1176753521,1.0989147186
-0.2539595032,0.8097941589,1.0898638153
-0.2498044395,-0.2436764145,1.0845944977000002
-0.2498383713,0.2742657089,1.0986089325
-0.2519897079,0.6095694733,1.6033842468
-0.2531769943,0.9535829926,1.6714500427
-0.2502489662,0.6447272491,1.1735945129
-0.2483377647,-0.0702879095,1.1837752533
-0.2500150871,1.1459497833,0.6488475037000001
-0.2480617332,1.1154920959,0.6933783722
-0.2498259163,0.5128821564,1.1117835236
-0.2459568787,1.1031806946,0.7328365325999999
-0.2461444472999999,-0.0137998605,1.2173384094
-0.2441094208,1.1452091217,0.5976353455000001
-0.2471106339,1.1218974304,0.5836014174999999
-0.2451126671,-0.0535860442999999,1.2056000519
-0.2497492026999999,0.5741434097,1.1362469482
-0.231407547,1.1471644592,0.0210176659
-0.2379700661,-0.2999778748,1.4601402283
-0.2387651633999999,0.1647933197,1.5279304504000002
-0.2464369202,0.8941623688,0.9106648254
-0.2463220024,0.7223269653,1.7008500671
-0.2263024902,1.1169649506,0.8985858917
-0.2395121955999999,1.1151365662,1.3952987671
-0.2424474907,0.0208999753,1.4808381653
-0.2381441497999999,-0.2304463196,1.0445675659
-0.2396970177,-0.2451386069999999,0.9367948914
-0.2422756767,1.0963654327,0.6183751297
-0.2227622222999999,1.0788751221,0.1421697998
-0.2391203308,-0.2002526664999999,0.9046733856
-0.2398918724,0.1972677612,1.0979470062
-0.2013630676,1.0664929199,0.0139984167
-0.2407990074,0.7289739989999999,1.1433899689
-0.2376877022,0.9897348785,1.6658454895
-0.2394494438,0.5513472366,1.5899343872
-0.2361814308,0.6662742615,1.1708137512
-0.2112269974,1.1414735413,0.8506642151
-0.2299853706,0.3001451492,1.5600811768
-0.2390780067,0.8029969788,1.7097000122
-0.2274357605,-0.4170967484,1.1896624756
-0.2287706184,1.1657775116,0.6124787903
-0.2319504166,1.1536013794,0.5650831985
-0.2418850326999999,1.1339574432,0.0792818594
-0.2289184952,-0.263400383,0.9142160034
-0.2354199028,0.1181412315,1.1147335052
-0.215249691,1.0054743195,-0.0124560285
-0.2277287483,1.0331650543000002,0.0527018261
-0.2334456253,-0.1050232506,1.0589134979
-0.2324218177999999,0.7036236572,1.171019516
-0.2342901039,0.8309651184000001,1.0436045074
-0.2191114426,-0.3056110764,1.4974917603
-0.2271418570999999,0.3170204926,1.0683071899
-0.227866745,0.5149401093,1.0938225555
-0.2332410812,1.1462298584,0.2319656372
-0.2263961219999999,-0.3455807495,1.4531726074
-0.2288223839,-0.1823934937,0.8773918915000001
-0.2226783562,1.0625630951,0.6743096923999999
-0.2291516113,1.1314898682,0.5168161774
-0.2312098312,-0.4007271957,0.0867176819
-0.2206591987999999,1.1777400208,0.6868029785
-0.2197886275999999,0.9995947266,-0.0110521746
-0.2255243492,0.0418203306,1.5283460999
-0.2234633255,-0.1348523426,0.8941004944
-0.2257924843,-0.1698616791,0.8606463623
-0.2231729317,-0.2737696457,0.9184234619
-0.2201846504,1.1252755737,0.3004860877999999
-0.2150640488,1.1473091888,1.2220625305
-0.2235078049,1.1399826813,0.4040605545
-0.2195090866,1.1576605988,0.2702431107
-0.2218737411,1.1733503723,0.0769543791
-0.2227950096,1.1075072479,0.1832166481
-0.2186086845,1.130618515,0.1958423996
-0.2186109734,1.0644532776,0.142197876
-0.2185172462,0.2395386887,1.0628131866
-0.202565136,-0.0800607491,1.5521568298
-0.2112242699,0.348866539,1.5841546631
-0.2345239067,-0.4129497147,1.3094055176
-0.2199268912999999,0.9131373596,0.8674696350000001
-0.2154454422,-0.3931161499,0.1836714934999999
-0.2168206215,0.9723869324,1.6972088623
-0.2117632675,0.6951771545,1.1677186584
-0.2048244667,1.0324462128,0.0834462833
-0.2210642624,-0.4168518066,0.067825141
-0.2163505745,1.0947467804,0.2260646248
-0.2127654076,1.0320744324,1.6498596191
-0.2216393089,1.1440518188,0.031016624
-0.2158336449,0.5279877472,1.6085012817000002
-0.2178278542,1.1574633026,0.4053718567
-0.2082690239,1.1814771271,0.5434120941
-0.2151944922999999,0.8576960753999999,0.9980012512
-0.2094871712,-0.2482128906,0.8111771392999999
-0.2276393509,0.4556538391,1.5809355164
-0.2018997765,0.7121472931,1.1558203888
-0.2049286079,-0.3369925307999999,0.7743152618000001
-0.2188365746,-0.1195456122999999,0.9386943817
-0.2036246109,1.1746809387,0.0686837339
-0.2009779739,1.1994359589,0.635349617
-0.2025963593,1.0884964752,0.5358172226
-0.213238163,0.4698701859,1.0705189514
-0.2124357033,0.8407508850000001,1.0338404083
-0.213356781,1.1094236755,0.9607730865
-0.2070674515,-0.2935600281,1.0448773193
-0.2098969078,-0.366176033,0.2090146828
-0.2116048431,0.4226323318,1.0597327423
-0.193886261,-0.3693690872,0.8517777252000001
-0.2012405205,-0.3802170563,0.7887104797000001
-0.2020962715,-0.2935965919,0.92344841
-0.2103461838,1.1719883728,0.2792045212
-0.2085299300999999,1.0851210022,1.5886294555999998
-0.201480999,-0.223392334,1.5548669434000002
-0.2030068398,1.096833725,0.3629920959
-0.2068318558,-0.4613871384,0.6206742096
-0.2066516495,1.1513475037,1.4562814331000002
-0.2065382004,-0.452682457,0.6571050262
-0.2019499588,1.1684590149,0.0945593071
-0.206152916,-0.4758958435,0.675381546
-0.2067086792,-0.4258677292,0.6957263947
-0.2063059998,1.1356300354,1.5224099731000005
-0.2022660637,1.1733209991,0.1769661331
-0.2013449669,1.1956080627,0.3500510025
-0.1962916946,-0.2922503852999999,0.9989513397
-0.2010753821999999,-0.4873937225,0.6330983353
-0.1913192368,-0.3110405159,0.9081202698
-0.2038450241,1.0610962677,0.6590068817
-0.1977343559,-0.2162277031,0.7982041931000001
-0.1965867233,-0.3386608505,0.8874814606
-0.1990164948,-0.3914385986,0.7470886230000001
-0.1791976929,0.996328125,-0.01177598
-0.1942619324,-0.4366940308,0.158055191
-0.1793572998,-0.4278633118,0.0550294971
-0.200474472,-0.4304597855,0.3328368377999999
-0.1981451988,0.2509011459,1.0413607788
-0.1994058417999999,-0.4412562942999999,0.3101176071
-0.1986497116,0.0785153723,1.0648209381
-0.1941524124,-0.3239026642,0.1719869804
-0.1926734352,1.1987708282,0.1801132965
-0.1980147361999999,-0.4684754181,0.71865242
-0.1891573906,1.1855069733,0.1724308205
-0.1934249115,1.1094096375,1.031650238
-0.1900915337,-0.3609218597,0.6933934784
-0.1818250084,-0.4329209517999999,0.7861878967
-0.1697884178,-0.0929107570999999,1.6087538147
-0.1918524361,1.0936382294,0.337678833
-0.1925258446,-0.0121678007,1.5756636047
-0.188087616,0.892455368,0.9193888092
-0.1904982375999999,-0.4739760208,0.3110571289
-0.1865503311,0.8805273438000001,0.9528149414
-0.1882967186,-0.4216425323,1.4668418883999998
-0.1885597801,-0.3896305084,1.0768506622
-0.1914007187,1.1942912292,0.3323804855
-0.1758695793,0.4523435593,1.6219493103
-0.1735899733999999,-0.3233046722,1.0220856476
-0.1876225853,-0.3995360947,0.3113244247
-0.1911500359,1.2067268372,0.7111174011
-0.1880419922,1.1468731689,1.1390739441
-0.1920314217,1.0804315948,0.2245973587
-0.1844487381,1.1677783966,0.0636374426
-0.1921220015999999,0.794937973,1.7402000427
-0.1853767395,1.1596212006,0.0527785015
-0.1894088936,0.7416610718,1.1333443451
-0.1908411407,1.210255661,0.6785373688
-0.1867000771,1.1789723206,0.4390351486
-0.191067009,0.605340004,1.6709100342
-0.195257473,1.042795639,0.6922479248000001
-0.1871084975999999,-0.4407469177,0.2763031197
-0.1938495827,1.194750061,0.2118070793
-0.1786240577999999,-0.4639727783,1.2878117371
-0.1846065902999999,-0.3311255264,0.2198833275
-0.1829969788,1.0921334076,0.5036978149
-0.1767199326,0.5122238541,1.6365002440999998
-0.1859671974,1.1685386658,1.2255950928
-0.1847248077,-0.4452808762,0.3763637160999999
-0.1864123535,-0.4275822449,0.293412075
-0.1876189995,0.8662419891,1.7360899353
-0.1845288849,0.2944916344,1.5995252991000002
-0.1875291634,-0.3351906967,0.2127928161999999
-0.1865250015,1.1662400055000002,1.4571600342
-0.1833727837,-0.4812327194,0.344866333
-0.1734468842,0.5730960846,1.6651339722
-0.182025795,1.1045114899,0.9696562195
-0.1801673889,-0.2615230751,1.5667720032
-0.1847940063,1.1014900208,1.5900500488
-0.1787111664,0.7101351929,1.1598519897
-0.1779636765,-0.4546379089,0.1623374176
-0.1821123695,-0.459737854,0.3846051025
-0.1864414787,-0.3340506744,0.1606015968
-0.1831946564,-0.1148429203,0.8389897156000001
-0.1749393654,1.1811404419,0.2684651184
-0.1801365471,1.2021554565,0.6706826019000001
-0.1703615189,-0.325977478,0.203957653
-0.1711328316,-0.4905462646,0.5588975525000001
-0.1658505249,-0.5162462997,0.6717652893
-0.1794159317,-0.0865119838999999,0.8786026001
-0.1745905495,-0.4279297638,1.523290863
-0.1811730003,0.2146380043,1.5998899841
-0.1739414787,1.152485199,0.1733252907
-0.175734024,-0.0761061954,0.9362548828
-0.1686512947,1.0399510193,0.1082447624
-0.1738974571,-0.4067655182,0.2735389519
-0.1625710296999999,-0.3397647095,0.6822422028
-0.1644727707,1.1439203644,1.1105155945
-0.1748856735,1.1639473724,0.7578369904000001
-0.1774131584,-0.3837770462,0.6552322388
-0.1819192505,1.0411640167,0.7005011749000001
-0.171065712,-0.3040931892,0.9722784424
-0.1519705677,1.0169085693,-0.0061313432
-0.1673605347,-0.4732631683,1.3280862427
-0.1700943947,1.1940096283,0.7068185425
-0.1763821602,0.46837677,1.0495500183
-0.1674310303,1.1475610352,0.4416349792
-0.1699633408,-0.3891195678999999,0.3116683769
-0.1734882927,1.1438065338,0.7625579834
-0.169799614,-0.4090351486,0.4457015991
-0.1691627502,1.0775082397,0.5920801544
-0.1675484276,1.1472234344,0.5274976349
-0.1710909081,0.8461793518,1.0492057037
-0.1683441734,1.1714416504,0.0934220408999999
-0.1597348309,-0.3055740738,0.9279431152
-0.1705768394,1.1033395386,0.9413640594
-0.1658286095,-0.3782596588,0.1139391232
-0.1705883598,1.1020641327,0.4855316544
-0.1513921928,-0.4037047195,0.0915918922
-0.1741151619,-0.4080912018,0.2935206985
-0.1657913589,1.1709886169,1.20002388
-0.1643375397,0.8965599823,0.9649935913
-0.165676899,0.1862640953,1.0169690704
-0.1617992783,1.0400971985,0.079152503
-0.1653516388,-0.3948390198,0.6330847549
-0.1677022934,0.0505613422,1.6079486084
-0.1544055939,1.159310379,0.1924841689999999
-0.1598292351,1.1296333313,0.1462564087
-0.1640584755,1.0955190277,0.9251219177
-0.1855371284,0.7875626373,1.0969503784
-0.1664408111999999,1.0847063446,0.2124917603
-0.159248209,-0.2090781212,0.7696474457
-0.1672931862,1.0662602997,0.6797513580000001
-0.1429899883,-0.4354722214,0.051227231
-0.1637950706,0.5698631668,1.0902379608
-0.1658408546,-0.1337233448,0.8109162902999999
-0.1284051323,-0.4257733154,0.0521437502
-0.1565988541,1.0783900452,0.934882431
-0.1624752807999999,1.1771401978,1.4585166931
-0.1631362915,-0.099913435,0.8339234161000001
-0.1483723354,-0.4645861435,0.1754264069
-0.1473144722,-0.4485983658,0.1504448891
-0.1628623581,1.1787036896,0.0689207745
-0.1609287262,1.0840309906,0.7926794434
-0.1602388191,1.1100505829,0.5444805527
-0.1572195911,1.1620355988,0.6719152832
-0.1583739281,-0.508944664,1.5088908386
-0.1629475975,-0.4932421875,0.3294638823999999
-0.1599025631,0.6187427139,1.1186193085
-0.1598667431,-0.4674526978,0.216433773
-0.1539561081,-0.0807766342,0.8587742615
-0.1594129276,1.1182261658,0.7336322020999999
-0.1424433422,-0.3822428513,1.6178303528000002
-0.1602472496,1.0906019592,0.1989039229999999
-0.1534192562,0.9253171539,0.9013999176
-0.1510665511999999,-0.4995977783,1.4067262267999998
-0.1596399975,-0.4578659821,1.1201100159
-0.1543477821,-0.4939503479,0.5247843933
-0.1440574741,1.0513045502,0.0849034119
-0.1583738899,1.1567771149,1.5286172485
-0.1565686417,0.3974082947,1.6345025635
-0.1553687668,1.1079503632,0.1554953098
-0.1514282894,-0.4954682541,0.7293928528
-0.1434274769,-0.4669182587,1.6133699036
-0.1320157051,0.9097154236,1.0120752716
-0.1463503361,1.1134760284,0.5914112091
-0.1505481911,-0.3939999771,0.3026399231
-0.1489047813,-0.3766846466,0.6494882202
-0.1473962116,1.0670987701,0.9243386078
-0.1493079567,1.0932663727,0.7087005614999999
-0.1482550144,-0.3717961502,1.0303461456
-0.1203672504,-0.3401495743,0.1542506599
-0.1486999893,0.6973821259,1.1566895294
-0.1538090038,0.5443239975,1.6736999512
-0.1535509968,-0.0703570986,0.9012280273
-0.1391552258,-0.5016334534,1.3304983521
-0.1535259914,1.1185334778,1.06402565
-0.1380094814,1.0173844147,-0.0053745675
-0.1471563816,1.1690901184,0.0920751476
-0.1487792683,1.0720217133,0.7781265259
-0.1445238495,1.020823288,0.8804296112000001
-0.1358019543,-0.4430324173,1.6375175476
-0.1421746922,1.10485672,0.6494179535000001
-0.1430264091,1.1491798401,0.2271770477
-0.1500180912,1.1794093323,0.0727495766
-0.1391986656,-0.3533616638,0.8819032287999999
-0.1464050007,-0.4312820053,1.0673000336
-0.1409822369,1.0623392487,0.0789637709
-0.1455170918,-0.4659891129,0.2231657219
-0.1392352962,1.1573161316,0.0325111151
-0.1415754604,0.0980021,1.6240403748
-0.1382242966,-0.5190692902,0.6699329376000001
-0.1370753574,0.0221356916,1.63378479
-0.1348759651,1.1175130463,0.0973482895
-0.1429020023,0.7198819733,1.7572300720000005
-0.1348090839,-0.4833423996,0.3818001175
-0.1321024513,-0.3237998962,0.9643927765
-0.1388193607,1.0202490234,0.8399610138
-0.1149689293,-0.2425677299,1.66032547
-0.1296515942,-0.3207814407,0.1984912109
-0.1358469772,-0.394952774,0.3522632599
-0.1356238461,-0.5635818100000001,1.4602615356000002
-0.1370193577,1.1498130798,0.0718264341
-0.1386709976,0.7984999847,1.7606100464
-0.1362603092,1.1185257721,1.0737853241000002
-0.1306285667,0.9355191803,0.9492367554
-0.1329815102,1.0820011902,1.0294026184
-0.1281483078,1.0516456604,0.99677948
-0.1377877808,-0.3044849968,0.948033371
-0.1444387436,-0.4006361007999999,0.2918395424
-0.1337157059,1.0051889038,0.918611145
-0.1356160641,-1.1711785126,1.6567361450000002
-0.1345719337,1.1512010193,0.0780233383
-0.1306274127999999,-1.1356730652,1.654303894
-0.1357940006,0.8671309662000001,1.7527000427
-0.1318536758,1.0950684357,0.0773783588
-0.1241337681,1.0368128967,-0.0024825644
-0.129894743,-0.4621047592,0.2433033562
-0.132335062,1.1224227905,0.0176797926
-0.1276230335,1.1946858978,1.3439952087
-0.1308962726999999,-0.3877851105,0.2523957253
-0.1361974716,0.4143509293,1.016940155
-0.1300700092,0.2889502144,0.9961365509
-0.1251908016,-0.4543406677,0.1904275131
-0.1245737457,-1.2650471497,1.6763832092000002
-0.1251791668,-0.4437256241,0.4844332123
-0.1242751122,1.1201022339,0.018167696
-0.1145701694,-0.2902999496,0.9086261749
-0.1278495788999999,0.9873923492,0.9024282074
-0.1233440208,-0.4200756454,0.2894347191
-0.1250224686,-0.5103252029,1.30849823
-0.1179368305,-1.139214325,1.6951153564
-0.123629446,-0.4640530777,0.4517015457
-0.1247264385,-1.0570278931,1.5068681335
-0.1199672604,-1.2335357666,1.6756307983
-0.1202742481,-0.4376109314,0.1555600834
-0.1213389492,-0.602060318,1.4688421631
-0.1048458576,-0.0668729687,0.9871589661
-0.1130505466,1.1902884674,1.292368927
-0.1173775768,-0.1865141487,0.7901958466000001
-0.1228665066,-1.0712101746,1.5111598206
-0.1196269131,1.1885549164,1.4608552551
-0.1177300262,-1.0180934143,1.5388131714
-0.1220119953,1.020759964,1.7096899414000002
-0.1189782906,-0.4448773575,0.2716678619
-0.1141375828,-0.6358472061,1.6555404663
-0.1218465327999999,-0.9101165771,1.5639617920000002
-0.1199185371,1.1456958771,1.1436473083
-0.1232868481,-1.2106804657,1.6793307495
-0.1204637146,-0.9178675079,1.4918710327
-0.1168675327,-0.2890707016,0.9306724548
-0.1210470486,-1.037063446,1.5242591858
-0.1059271622,-1.1446897888,1.7003845215000002
-0.0953310013,1.0109435272,1.7220303345
-0.1138608359999999,-0.6598808289,1.5334091187
-0.1183330154,-1.0448275757,1.5591200256
-0.1218099403,0.6249760818,1.1190821075
-0.113369751,-0.4439373779,0.3470191193
-0.1138470078,-0.537192955,1.6860224915000002
-0.1138898468,-0.1187801456,0.8158652496000001
-0.1182424259,-1.0314769745,1.5057131958
-0.1141960334999999,-0.3905714417,0.2386515808
-0.1076855183,0.9856573486,0.9916394806
-0.1173821925999999,-0.4467721939,0.5746191025
-0.1152155399,-0.4286602402,0.2304104424
-0.1081147574999999,1.0425388336,1.0265384674
-0.1110921192,-0.5906365967,1.3957293701
-0.0955400944,1.0991287231,1.6305671692
-0.1109110641,-0.453856926,0.3068675040999999
-0.1155703926,0.5130918503,1.6917745972
-0.1163560009,0.1666259956,1.6366000366
-0.1157586384,-0.8532662201,1.4832681274
-0.1046011734,1.1790146637,1.2483135223
-0.1168508911,0.4279953766,1.6699940491
-0.1024655914,-0.4306150436,0.1801501083
-0.1160386086,-0.6664119719999999,1.6089292908
-0.1082033348,1.1020020294,1.0911616516
-0.1063745403,0.8044204712,1.1309146881
-0.108238802,-1.0408506012,1.6180647278000002
-0.1081899834,-1.0710279846,1.5113755798
-0.1128623962,-0.4897884369,0.6996520996
-0.0988121414,-1.0759874725,1.5011418152
-0.1142833614,-0.3680759811,0.7026675415
-0.1109271717,-1.0633169556,1.5681613159
-0.1022669029,-1.0792580414,1.4891319275
-0.1066828632,-0.2700317764,0.9146482849
-0.1131253624,-0.8696166229000001,1.6221607971
-0.1054647541,-0.0963991642,0.8444271088
-0.1061375141,-0.6839883423,1.6773733521
-0.1054799461,-0.3309132767,0.8229795837
-0.1038375092,1.1993216705,1.3439089966
-0.1078650093,-0.5003268814,1.2402805328
-0.1031335449,-0.9810054779,1.4190701294
-0.1020958996,-0.4193578339,0.1635372925
-0.106288805,-0.8196107483,1.4506869507
-0.1100249195,0.1078371906,0.9890259552
-0.1075507449999999,-0.4539257813,0.6094139099
-0.1007405567,-0.3039442635,0.8026495361000001
-0.1020211982999999,-0.3639149857,0.2209101295
-0.1069409847,-0.4107976150999999,0.6762348175
-0.0984344578,-0.3565751266,0.1396232224
-0.1051720715,-0.4536982727,0.7230502319000001
-0.0709448242,1.0883443451,1.66414505
-0.1031190014,-0.8694007111000001,1.4006593323
-0.0996205044,-1.0678067017,1.5773471069000002
-0.104085207,-0.3476346207,0.2022486114999999
-0.0910319042,-0.1302178097,0.8294276428
-0.1003093147,-1.0327365875,1.6473680115
-0.1038080025,-0.6808550262,1.5147799683
-0.0997205544,-0.3501357651,0.2086507416
-0.0801256084,-0.4611781311,1.140962677
-0.1013382149,-0.5512569046,1.3293138123
-0.1021279812,-0.8770997620000001,1.70193573
-0.1016860008,-0.3716759872,0.9862509918
-0.1015886497,-0.960501709,1.6578677368
-0.0923624802,1.1179200745,1.1317853546
-0.0941555499999999,-0.3958211899,0.0937261772
-0.0958632946,-0.3830491257,0.183982029
-0.0858080101,-0.3973464203,0.0866560555
-0.0803217124999999,-0.9672075653,1.3287117004000002
-0.0977542877,-0.8519444275,1.7381196594
-0.0983348751,-0.8615090942000001,1.683991394
-0.0949559116,-0.8919664763999999,1.6588722229
-0.0710115099,-0.4982452774,1.7675340271
-0.0945661449,-0.2380347252,0.9119937897
-0.0959287548,-1.0722946167,1.6552398682
-0.0960111713,-0.5950243378,1.3796827698000005
-0.0962163353,-0.9114957428,1.7437068176
-0.0886750793,-1.0690814972,1.6143528748
-0.094176321,-0.8085561371000001,1.6353570557
-0.0836863613,-0.3677016449,0.1173121166
-0.0944614029,-0.4078760147,1.0076200104
-0.0939173985,-0.683003006,1.4914100647
-0.0882720184,0.0197610128,0.978343811
-0.0831096745,-0.8368060303,1.6384857178
-0.0840708447,0.9136115265,1.0769593811
-0.081030798,-1.0989899445,1.7044818115000002
-0.0741592169,-0.5605163956,1.7675927734
-0.078816371,-1.0028417969,1.3784733582000002
-0.0810201454,-0.9266070557,1.3373500061
-0.0900226212,-0.7879366301999999,1.5131745911
-0.0883758068,-0.8485126495,1.6464241028000002
-0.0896623993,-0.0477243996,0.9835520172
-0.0877109909,-0.4833938217,1.1873928833
-0.0742342329,-0.7488113403,1.7726745605
-0.0875534344,-0.1957123184,0.8304406738000001
-0.0876019955,0.1682909966,1.6490699768
-0.0644860744,0.2176858710999999,1.6538401794000002
-0.0821381663999999,-0.822773819,1.6156289673000002
-0.0854105759,0.4163064575,1.000631485
-0.0823720169,-0.5509487534,1.3139117432
-0.0754948996999999,-0.7906195067999999,1.5586309814
-0.0810402012,-0.8273197174000001,1.7649768066
-0.0794376659,-1.0976568604,1.6373147583
-0.0809121132,0.4797878647,1.0212038422
-0.0802113247,-0.2776384735,0.9282365417
-0.0774166107,-1.1252231598,1.6583599854
-0.0724998617,-0.2068831062,0.9192734528
-0.0789105034,0.2071305275,0.9669720459
-0.0785201597,-0.8654029083000001,1.3772639465
-0.0811163044,0.6762339783,1.7603999329000002
-0.0744731188,-0.176537838,0.8550426483
-0.0740999603,-0.1002292442,0.8964974976000001
-0.0798810005,0.807440033,1.7706300354000002
-0.081282177,-0.6545906067,1.4499559021
-0.0811209297,0.5868641662999999,1.7269692993
-0.0707837343,-1.1095391083,1.7031169128
-0.0773085022,0.8714209747,1.76147995
-0.0720182657,-1.1568115234,1.6588879395
-0.0613113976,-0.4496325684,1.0638703156
-0.0684841776,-0.7139827728,1.7871073914
-0.065163331,1.1935787201,1.4579290771000002
-0.0758830023,-0.0804745007,0.9691560364
-0.0689283323,-0.0946256351,1.7127761841
-0.0690712166,-0.8327683258,1.599239502
-0.0803979015,0.925368042,1.7500456238000002
-0.0670188474999999,-0.9408465576,1.2644555664
-0.0479773951,1.1700939941,1.2631273651
-0.0699729824,-0.9247353363,1.793513031
-0.0716308403,-0.7650371552,1.5594421387
-0.0721733427,-0.6345154953000001,1.406895752
-0.0722038984,-0.8967220306,1.5101699829000002
-0.0720557022,-0.9035119629,1.4505700684000002
-0.0715924072,0.3409687805,1.6740509033000002
-0.0708586979,-0.9231960297,1.5065600586
-0.0565321589,-0.3166860962,0.936782608
-0.0518078661,-1.0999177551,1.4812968445
-0.0548808861,-1.1229143524,1.6445619202
-0.0651546574,-0.9753484344,1.7837561035
-0.0473258734,-0.4699953461,1.1357341003
-0.0644415379,-0.1716565132,0.9170726776
-0.0625467539,-0.2464212227,0.9356390381
-0.0422636365999999,-0.8294348907,1.380098114
-0.0657133341,-0.8935342407000001,1.2520671082
-0.0290189719,-0.7888108063,1.5515579224000002
-0.0631146955,-0.9246330261,1.2110337067
-0.0657868147,-0.9780197906,1.179885025
-0.0581268739999999,-0.8837414551,1.2711986542
-0.0687565708,-0.9071865845,1.3796766663
-0.0575611973,-1.1201246643,1.6876434326
-0.0408459282,-0.2253369522,1.7464659119
-0.059860301,-0.8775990295,1.5083599854
-0.0546036386,-0.9215319824,1.8081460571
-0.0566348028,-1.0027946472,1.2718708801
-0.0566546488,-0.977633667,1.2063536835
-0.0504498243,-0.8606504059,1.4423832703
-0.0580519676,0.8249160004,1.1167973328
-0.053444953,-1.0059810638,1.1852116394
-0.043231039,-0.8804981995,1.140795517
-0.0559747982,0.8141017913999999,1.1431428528
-0.0597740459,-0.8954710388,1.2452171326
-0.0520686531,-0.8186885834000001,1.8165792847
-0.0537625979999999,-0.9310900116,1.3799000549
-0.0499324179,-0.9052626038,1.2228456116
-0.050459547,-0.8771144867,1.2705623627
-0.0395262718,-0.484241333,1.1790843964
-0.020986557,1.040167923,1.7262512207
-0.0425107574,-0.3404721069,1.7598591614
-0.0431606388,-0.8841686249,1.1542583466
-0.043033905,-0.872143631,1.1554351044000002
-0.0518675709,-0.985236969,1.1713475800000002
-0.044781189,-0.920749588,1.2791739655
-0.0445792627,-0.8055065155,1.4384463501
-0.0447634554,-0.856588974,1.4902020264000002
-0.0497872019,0.1730260085999999,1.6590499878
-0.0495824002999999,0.8099359894,1.0956199646
-0.0445629835,-1.1055982971,1.7013278198
-0.0464394044999999,-0.9440415955,1.1372653961
-0.0481559992,0.7811540222000001,1.1000099945
-0.0427674961,-0.8662745667,1.2584999847
-0.0423069239,-0.744282074,1.47610672
-0.0397654986,-1.1215768433,1.6691870117
-0.0314401221,-0.5570586395,1.3071113586
-0.0462467003,1.1703399658,1.5379899597
-0.0269434762,0.9695677185,1.104927063
-0.0432815599,0.7767415619000001,1.1662390137
-0.0425587702,-0.379461441,0.9741825867
-0.0422355223,-0.8686730957000001,1.1809768677
-0.0273705649,1.0824887848,1.1436928558
-0.041417613,-0.8573287963999999,1.5792614746000002
-0.0260484624,-0.8826590729,1.1409395599
-0.0420118998999999,-0.8885089874000001,1.5458700562
-0.0361151242,-0.8768608093000001,1.1424549866
-0.0417288017,-0.9572779846,1.4569000244
-0.0414577007,1.1402200317,1.5978900146
-0.0399241805,0.2846076393,0.962829895
-0.0382487679,-0.8718235779,1.5759451294
-0.0290112376,-0.3698629761,0.9578242493
-0.0294381261,-0.9634555817,1.1298545837
-0.0361874747,-0.5359948349,1.8060310364
-0.037246933,0.5969094086,1.7442272949
-0.0379028583,0.4958040237,1.7184082031
-0.0355649757,0.4786319733,1.0143702698
-0.0380293012,0.6387340163999999,1.7598100281000002
-0.016731416,-0.8497709656000001,1.2022101593
-0.0403133631,-0.6533732605,1.3808395386
-0.0353704548,-0.8977397156000001,1.8399601746
-0.0362553859,-0.8552355957000001,1.4012109375
-0.0339080381,1.124622345,1.6703335571
-0.0248260522,-0.2474568939,0.9573953247
-0.0337790442,1.1861670685,1.3297871399
-0.0348130012,0.8103289795,1.0815200043
-0.0327302051,0.0795550108,0.959329834
-0.0340497994,0.7828730011,1.0851100159
-0.0256668139,-0.8517268372,1.1567530823
-0.0286830974,1.1136997223,1.6920397949
-0.0216764068999999,0.9419200134,1.7515452576
-0.0238953137,1.1342551422,1.6471072388
-0.0321332001999999,0.8505090332,1.0866600037
-0.0308710504,0.68578125,1.1438122559
-0.0217065691999999,-0.3219089508,0.9369436646
-0.022855196,-0.8751330566000001,1.1342493439
-0.0250972152,-0.8320571136,1.5569654846
-0.0273290253,0.7430449677000001,1.1447840118
-0.0277195406,-0.9337056732,1.8451011658
-0.0223840212999999,-0.8782470703,1.1313139343
-0.0224794459,-0.9257533264,1.112542572
-0.0245389152,-1.0436486053,1.7846524048
-0.0258816576,-1.0809396362,1.7443615723
-0.0143708109999999,-0.7374282837,1.44548172
0.0028176438999999,0.2862772751,1.6734288025
-0.0243250536999999,-0.8297104645000001,1.3449856567
-0.0103919147999999,-0.8816374969,1.1350806427
-0.0265418482,-0.0778621912,1.7378105164
-0.0238918280999999,-0.8321383667000001,1.2037084198
-0.0211082268,-0.8342488861,1.184291153
-0.0273357224,0.0163929188,1.7054548645
-0.025360508,-0.4917528534,1.8153366089
-0.0249070334,-0.3360831451,1.7802877808
-0.0128373659,-0.8560995483000001,1.284549408
-0.0220504475,0.7024464417,1.1132116699
-0.0231164527,-0.6238713837000001,1.8353509521
-0.0160202849,-0.9277625275,1.1570864105
-0.0156650555,-0.1733309364,0.9821559906
-0.0233232999,1.1713899994,1.5353199768
-0.0163905847,0.8955892944,1.1423222351
-0.0154551899,-0.0241006613,0.9535169983
-0.0018168521,0.1779718589999999,1.6658468628
-0.0207353306,-0.9983660126,1.8208691406
-0.0120308781,-1.0805504608,1.3987312317000002
-0.0168871175999999,-0.5837155533,1.3190022278000002
-0.003985666,1.147602005,1.5854368591
-0.0175568211,-0.9579407501,1.2887971497
-0.0059444511,-0.6593715668,1.3730824279999998
-0.0100309801,1.1832863617,1.6273217773
-0.010254817,1.1339660645,1.6951754761000002
-0.0134335208,-0.7793060303,1.5374255371
-0.0024079032,-0.7127680969,1.4219981384
-0.0015267146,0.9001917267,1.1475087738
-0.0009114265,0.7817253876,1.0830937195
-0.0001178687999999,0.8073516846,1.0811448669
0.004729605,-0.4921124649,1.2109762573
-0.0068018258,-0.784407959,1.4764619446
-0.0037511836999999,0.870067749,1.1017350769
0.0006696336999999,-0.247441082,0.9727060699
-0.0019593474,-0.8529988861,1.1689714813
-9.17682e-05,1.1567437744,1.3144265747
-0.0004419614,0.9275016785,1.143038559
-9.81236e-05,1.1736425781,1.410868988
0.0243464065,-0.883963089,1.138916626
0.0242456627,-1.0923392487,1.4397802734
0.002643275,0.9498605347,1.1333216858
5.230430000000001e-05,0.974308548,1.1352263641
0.0024100381,-0.8680976868000001,1.1479364014
0.0002270598,1.1718337250000002,1.4722351074
-0.0004098157999999,0.6622377777,1.1097246552
0.0216692424,-1.1123086548,1.4945590210000002
-8.067899999999999e-05,-0.3499634171,0.947561264
0.0007697189,-0.8514481354000001,1.2415635681
0.0002175511,-1.1379333496,1.6105526733
-8.22055e-05,-0.3814713669,0.9785964203
0.0006246722,-0.9107905579,1.1469407654
0.0073242569,-1.0443463898,1.2506222534
0.0075943977,-1.1376937866,1.6357736206000002
-0.0074367005,-1.0450741577,1.2538247681
0.0001626932,-1.0256761169000002,1.8065455627
0.0300715542,-1.008004303,1.1587905121
4.49309e-05,-0.9639939117,1.3039353943
0.0,-0.9516639709,1.5008799744
0.0039302564,-0.9338954926,1.1554181671
0.0,-0.9006359863000001,1.5619000244
0.0,-0.8781950378000001,1.5903100586
0.0,-0.8539700317000001,1.6011599731
0.0203462505,-0.8598603058000001,1.2553263855
0.0001559466,-0.6350394058,1.8437754822
0.0039888847,-0.5623941803,1.2987930298
3.06064e-05,-0.4979347992,1.8250415039
-0.0001805662,-0.2695843124,1.7736695862
0.0006310739999999,-0.1667461967,1.762869873
0.0053769279,-0.1732168007,0.9850764465
-0.0133587003,-0.1386197567,0.971709671
0.0142970419,-0.0775572586,0.9556552887
0.0048231626,0.0794793653,1.6833665466
0.0004706029,0.2148545647,0.9503623199
-0.0010546894,0.2965291405,0.9612313843
-0.0015192221,0.5916309357,1.7474061584
-3.73661e-05,0.8131149292000001,1.7782632446
0.020196619,1.0851295471,1.7098791504
0.0047979093,1.2016390228,1.6621795654
0.0029498023,1.5720106506,1.4396531677
-0.0097811139,1.5786408997,1.4456494140999998
-0.0005661547,-0.8285897826999999,1.3359906006
0.004098689,1.1875366974,1.6229727173
0.0038952601,1.5813417053,1.4557991028
0.0118518066,-0.7934958648999999,1.5178800964
0.016438117,1.1840323639,1.6326776123
0.0104481745,1.5736264038,1.4497691345
0.0163461924,-0.7935557556,1.5447740173
0.0108079003999999,-0.7834480286000001,1.4786599731
0.0271996927,-0.9146656036,1.1550344849
0.0264487433,-0.8576818848000001,1.2434763336
0.019923569,1.1977029419,1.6491011047000002
0.023155117,-0.8348385620000001,1.2079155731
0.022275598,-0.8317079926,1.1889322662
0.0332756233,-1.1197887421,1.526945343
0.0292664433,-0.8675577545000001,1.1569930267
0.0166444802,-0.9591411591,1.3044528198
0.03583673,-0.2921689224,0.9376773071
0.0276642728,1.1781233978,1.3126091003
0.0196964645,-0.3740390014999999,0.9623353577
0.0201899314,-0.8423409271,1.8572416687
0.0308296251,-0.3480600357,0.941849823
0.0347485495,-0.4409022522,1.0259254456
0.0202023029,-0.3904893875,0.9872050476
0.02728513,-0.9382572174,1.8438879395
0.0305983973,-1.1317179871,1.6244612122000002
0.0257990289,-0.778477478,1.4930378723000002
0.0295102859,1.1141926575,1.1766213989
0.0456104422,0.176201725,1.6598295593
0.0315262794,-0.8515307617000001,1.4214385986
0.0209563923,-0.8603417206,1.3462727356
0.0346005106,0.9922502899,1.0972973633
0.0313717937,1.1268885803000002,1.6418984985
0.0232325291999999,-0.2600250435,1.7614181518999998
0.0240009952,1.1497005463,1.2542668152
0.0244411969,-0.1712815857,1.7558416748
0.034886899,-0.171369133,0.9729550934
0.0259308195,-0.0915868759,1.7422146606000002
0.0252425027,-0.5040982819,1.8178665161
0.0235453939,-0.0040366197,1.7148010254
0.0267361379,1.0820565033,1.1430073547
0.0298177171,1.1389865875,1.6655513
0.0191067791,-0.7032824707,1.8450709534
0.0309549427,-0.9283499908,1.1787363434
0.0175909579,-1.0548802948,1.3041340636999998
0.0375871348,-0.8707884979000001,1.5768019104000002
0.0322744226,-0.5761704636,1.8150582886
0.0383175588,1.0357685089,1.1041303253
0.036954143,-0.7873634338,1.8342962646
0.0328230333,0.7525428008999999,1.1636548615
0.029919951,0.7597911072,1.1049021149
0.0384290385,0.8925069427,1.1319910431
0.030752182,1.128820343,1.6229112244
0.0390399814,-0.4519892883,1.0689031219
0.0437907982,-0.9065932465,1.1852963257
0.0345609212,-0.8380963898,1.1952739716
0.0340497994,0.7828730011,1.0851100159
0.0481171608,-1.0119937134,1.1819771576
0.0385021329,-0.2920207024,1.7545144653
0.0321975684,-0.0455234003,0.955823822
0.0353116989,-0.9527259827,1.3894700623
0.0360469007,0.6860099792,1.7733599854
0.0273555255,0.5229191208,1.0407343292
0.0400554371,-0.2414271736,1.7469248962
0.0413878679,-1.0188355255,1.792727356
0.0427316951999999,0.7562985229,1.1268222809
0.0432103968,-0.3786216354,0.9735740662
0.0532394457,-0.8792779541,1.348266449
0.048862009,-0.7302215576000001,1.4705116272
0.0481549692,-0.9531982422,1.1395407104000002
0.040975666,-1.1220051575,1.6679145813
0.0465261364,-0.201828022,0.9562783051
0.0459545803,-0.9380327606,1.338432312
0.0469573498,-0.8087733459,1.5393025208
0.0474151754,-0.8646573639,1.2315758514
0.0501758528,-0.6980493927000001,1.8145243835
0.0456602954999999,-0.8621258545000001,1.3069969176999998
0.0514817953,-0.6541830444,1.3908155823
0.0545885944,0.839202652,1.1140171814
0.0476210117,-0.8833335114,1.1616801453
0.055903244,-0.8877409363,1.1818205261
0.052001338,-0.9003450775,1.1414618683000002
0.0493579578,-0.1764778327999999,0.9597449493
0.0603660202,-1.1321395874,1.6626634216
0.0427498484,-0.6439931488,1.8137637329
0.045105238,-1.0315319824,1.3047221375000002
0.0538413095,0.1195554924,1.6643328857000002
0.0581870651,1.1003125,1.6574092102
0.053592782,-0.8679057312,1.3826957703
0.0531456757,-0.7950850677,1.562986908
0.0667182684,-0.858418045,1.3696542358
0.0556562757,-0.8735056305000001,1.2182913208
0.0527011013,0.0584143019,1.6762800598
0.0657093287,-0.2527766228,0.9330992126
0.0537625979999999,-0.9310900116,1.3799000549
0.0673518801,1.2021486664,1.390408783
0.0638398122999999,0.0764068127,0.9666204834
0.0560149813,-0.8774761200000001,1.8049197388
0.0580448103,-0.5523605728,1.3193598938
0.0581888247,-1.1189207458,1.6895748900999998
0.0587789392,-1.1176641846,1.6148739624
0.0651006126,-0.9811659241,1.1813244629
0.0600673056,-0.8996128082,1.1729767609
0.056524601,1.0895899963,1.1254000092
0.0562900209,-0.9641207886,1.1947592163
0.061449213,-0.4384152222,1.0292649841
0.0564623117,-1.0763874817,1.7314115906
0.061370368,-0.1236521816,0.9214138794
0.0580363989,0.8079080200000001,1.1156500244
0.0679390287,-0.7121030426,1.7884417725
0.0691724968,-0.9064635468,1.3837602234
0.0663253689,-1.1055312347,1.7024621582
0.0720869827,-0.6506524657999999,1.4248297119
0.0632919455,-0.168529129,0.9222332764
0.0675646257,-0.7859802245999999,1.5389538574
0.0852144527,-0.4478573227,1.0812908936
0.0675107431,-0.8993240356,1.2439211273
0.0728685617,-1.1788269806,1.6735020447
0.0672120714,-0.9345503998,1.2681240845
0.0792441988,-0.2799838448,0.9279973602
0.0661120987,-0.9283190155,1.4486700439
0.0764198923,-1.1630892944,1.6908912659000002
0.0732117033,-0.7930923462,1.7633029175
0.069835453,1.0728527832,1.6871192932
0.0770287418,-0.6818679047,1.4735108948000002
0.0695800018,-0.7969470215,1.4429600525
0.0804406929,-0.3055043983,0.9377863312
0.074985218,1.055713501,1.0786752319
0.0731578016,-1.0751305389,1.7153413391
0.0839352989,-0.2377835083,1.7026670837
0.081114502,-0.7995437622,1.7567318726
0.072668438,-0.2490720558,0.9372141266
0.0722038984,-0.8967220306,1.5101699829000002
0.0769435691999999,-1.0986446381,1.4888189697000005
0.0745564985,0.9402349854,1.0662200165
0.0802465153,-0.9671760559,1.3288450623
0.0758830023,-0.0804745007,0.9691560364
0.0900607491,-0.682689743,1.7411351013
0.0825933838,-0.1073235416,0.8803210449
0.0909361839,-1.1495534515,1.701894989
0.0836940002,-0.8230984497,1.4044085693
0.0778152132,0.591604805,1.7296884155
0.0798810005,0.807440033,1.7706300354000002
0.0798043633,0.5181329727,1.0422089386
0.0794518328,0.9819549561,1.0389713287
0.0960259914,-1.0280290222,1.4527685547
0.0811163044,0.6762339783,1.7603999329000002
0.0873588276,-0.8691069031,1.3830734253
0.0904651737,0.0200962256999999,0.9796473694
0.0895075321,-1.181614151,1.677210083
0.0820895004,0.7334999847,1.7730799866000002
0.0824032974,-0.0563661003,1.6992300415
0.0826198482999999,-0.2506517601,0.0325692606
0.0917244243999999,-0.7611209869,1.5917939758
0.0909336185,-0.9605697632,1.3771099854
0.0845306015,-0.7242220306,1.5391700745
0.0937260914,-0.807038269,1.6324421692000002
0.0866994381,-0.2990440178,0.0307236862
0.10107131,-1.1010704041,1.5179267883
0.0889791774999999,-1.0541812897,1.4747026062000002
0.0859092617,-0.7968074036,1.4453259277
0.1128553295,0.0798153257,1.6439984131
0.1013117981,-0.4314066315,1.0459397125
0.0881000042,0.2175133896,1.6464367676
0.0864730072,-0.0810844421,0.9216053772
0.0899145222,-0.2156778526,0.0237181902
0.0879398441,-0.273672924,0.9342476654
0.0976948929,-1.0656764984,1.5838011169
0.088867569,-0.5162617493,1.2593971252
0.0891014385,-1.0873649597,1.6545399475
0.1028254508999999,-0.1740734291,0.0678467988999999
0.0909132957,-0.6376660156,1.7439500427
0.1061723614,1.1804714203,1.2533370972
0.1017045975,-1.0850920105,1.4929179382000002
0.0979096508,-0.8610031128,1.6839355469
0.0939857769,-0.8147956085,1.4158021545
0.0979327393,0.9885459137,1.0093758392
0.1196331882,-0.3323530578999999,0.9634190369
0.0993183994,-0.2490862656,0.8888542938
0.0979367065,-0.7463243866000001,1.713664856
0.0973056507,-0.2647497368,0.9105644226
0.0990159702,-0.2221142197,0.0318041611
0.0964167976,-0.6465640259,1.4532800293
0.1063517284,-0.0843885422,0.8706126404
0.0971691227,-0.8412950134,1.737890625
0.0986268139,-0.6107155609,1.4018605042
0.1043620968,1.1990490723,1.3405647278
0.1001404858,-0.796135025,1.486210022
0.1013018608,-0.2078813553,0.1180500603
0.101562109,-0.1643153763,0.0710689497
0.0995446682,-0.878391037,1.7234877014
0.1042863273999999,-0.164289875,0.091025629
0.1065247439999999,-0.2483084297,0.1173558044
0.1006736182999999,-0.9702261353,1.6987402344
0.1018566513,-0.9460551453,1.6567024231
0.1016951752,-1.0820304108,1.669940033
0.1095335484,-1.009792099,1.4809220886
0.1016158199,-0.766520462,1.636685791
0.1116013908,-1.0223661804,1.4855065918
0.105001812,-0.2003459357999999,0.7557043457
0.1054870605,-0.1764534187,0.7291905212
0.1073386765,-1.0288254547,1.6283952332000002
0.1020759964,-0.2978630066,0.9354350281
0.111657629,-0.1136499214,0.7161030579
0.1378034878,-0.4353606795999999,1.6332820129
0.1028569984,0.0321380997,1.6553799438
0.1022770786,-0.1916485786,0.5576331711
0.1033710003,-0.0833176993999999,1.6822799683
0.108636837,-0.8260470581,1.5727450562000005
0.1107328892,-1.061075058,1.5724595642
0.1106223202,-1.1877307892,1.6804310608000002
0.0996754456,-0.3186157036,0.0353284097
0.1130239201,-0.2479653168,1.6630990601
0.1177401161,-1.1275392914,1.6921200562000005
0.1077441025,-0.7029091644000001,1.6777038574
0.1083669281,-0.2310338402,0.8223774719
0.109047823,-0.8974423980999999,1.4080671692000002
0.1270235825,1.0629180145,1.6696020508
0.1080386161999999,-0.2057764053,0.6007385635
0.1190056324,-1.2316407013,1.6757795715
0.1138095093,-0.1388779259,0.654190979
0.111215744,-0.8264427947999999,1.4899826049999998
0.1149500751,-0.1675619507,0.1187184906
0.1094233799,-0.7041687012,1.6536642456
0.1089175129,-0.5792284012,1.3753244019
