-0.3383039856,0.8388069916,1.4446000671
-0.3365040207,0.7785032654,1.3927636719
-0.3377790069999999,0.8719740295,1.5215899658
-0.3353697968,0.9133782196,1.2962564087
-0.3331595993,0.8835894775,1.2846003723
-0.333541832,0.9552701569,1.2534523773
-0.3335145949999999,0.4329167557,1.291824646
-0.3299531174,0.8934803009,1.2412639618
-0.3306150055,0.7367040253,1.4976300049
-0.3285559845,0.7501847076,1.4025778198
-0.3302759933,0.9291429901,1.4580900574
-0.3301110077,0.9194689941,1.5255900574
-0.3279213333,0.9170256805,1.1940926361
-0.3270460129,0.4962031937,1.2663726807
-0.3255238342,0.3612798691,1.3801148987
-0.3199357224,1.0102301025,1.3231736755
-0.3244440079,0.7895079803,1.5789100647
-0.3102450752,0.8334557343000001,1.1816821289
-0.320633316,0.5053766632,1.402870636
-0.3215050124999999,0.848184967,1.5871400452
-0.3096094894,0.6638595581,1.4900636291999998
-0.3199349976,0.969315033,1.4602799988
-0.3130965233,0.5762984848,1.2773934937
-0.3122900963,0.8853055573,1.1291136932
-0.3143882751,0.9974066162,1.396966095
-0.3050125313,0.6496621704000001,1.3450608826
-0.3078233719,0.7896464539,1.248375473
-0.3145163155,0.7812194061,1.2919813538
-0.316110611,0.4570033264,1.2161489105
-0.3155801201,1.0199744415,1.2369278717
-0.3108513069,0.5873308945,1.4189057922
-0.3075119591,0.2295483398,1.3665054321
-0.3057912636,0.8616873169,1.143299942
-0.3068022536999999,0.2341913414,1.2636765289
-0.3057845497,0.2130249596,1.3092979431
-0.3078940582,0.6468818665000001,1.3832246399
-0.3115243912,0.4165934372,1.4448600769000002
-0.3092593193,0.3352457809,1.43493927
-0.3078741074,0.9450811768,1.0542521667
-0.3024324989,1.0339624023,1.193181839
-0.3084059906,0.6473390198,1.4320100403
-0.2962012672,0.7083149718999999,1.3357191467000002
-0.3074679947,0.9163069916,1.5913600159
-0.3025590706,1.0465118408,1.2948442078
-0.303064003,0.7882350159000001,1.6302400208
-0.3019304848,0.9633231354,1.03003479
-0.2990886497,0.8313646698,1.1328702545
-0.3004862212999999,0.6161538696000001,1.4814646912
-0.2925736809,1.0373403931,1.4421832275
-0.2924816132,0.6840537261999999,1.3127114868
-0.2975390053,0.4773337936,1.1754204559
-0.2961198997,0.2809688759,1.182586441
-0.2958889389,0.6441776276000001,1.5404225159
-0.2841804695,1.019340744,0.9946214294
-0.2944164085,0.8680646515,1.0917256165
-0.2930975914,-0.284470253,1.3062945557
-0.2915922928,-0.2522512054,1.2895129395
-0.2925304031,-0.2403221512,1.2733126068
-0.2913506126,0.9630475616,0.931328125
-0.2865949821,-0.3248408508,1.2631776428
-0.288465004,1.0008000183,0.9284470367
-0.2860592651,-0.2122894478,1.3259671021
-0.2858749962,1.0664024353,1.3551422119
-0.2756575584,0.7653798676,1.1509619141
-0.2828842545,1.0525531006,1.0549536133
-0.2829054642,-0.257397995,1.3765408325
-0.2829529953,1.0303905487,0.9257071686
-0.2855660057,0.9797979736,1.5860600281
-0.2856855011,0.9365535736,0.913358078
-0.2841335869,1.0289630127,0.8675447083000001
-0.2773844337,0.672922287,1.2441414642
-0.2816247559,-0.2721774864,1.1671331787
-0.2838188171,1.0157791138,0.8309855652
-0.2687866402,0.0946912956,1.2335913086
-0.2709064674,0.0768578243,1.4076638793999998
-0.280714035,-0.145748415,1.1804824066
-0.2781489754,0.7042652130000001,1.2582559204
-0.2758567619,-0.3424847794,1.2226867676000002
-0.2832589912,1.0229799652,1.5289599609000002
-0.2740631104,0.7224648285,1.2232584381
-0.2788008308,-0.1866197777,1.1657966614
-0.2764577675,-0.2819515038,1.3965658569
-0.2750709534,0.2668099976,1.1403657532
-0.2777657127,-0.1539429188,1.3516567993000002
-0.2778800011,0.9780960083,0.8385109711
-0.2751589584,1.0461521912,0.9476045227
-0.2664749718,0.1003427029,1.4474473572
-0.2654785156,1.0801714325,0.7730763245
-0.2698465347,-0.132473917,1.1503987122
-0.2723544884,0.6182398605,1.5762979126
-0.272832737,0.4942362595,1.1353462982
-0.273973999,-0.2327750015,1.4249299622
-0.2710955238,1.0168717957,0.7913092041
-0.2726029968,0.828690033,1.6760600281000002
-0.2622132492,1.0618663025,0.7355438232
-0.2698182106,0.6431079102,1.6323460388000002
-0.2623729324,0.0196848202,1.3899784851
-0.2739410591,0.2072333908,1.4770582581
-0.2653398132,-0.3164957428,1.1565203094
-0.2687590408,0.9066573334,0.9161191559
-0.2550495911,-0.3887966156,1.2786577606
-0.2669857407,0.9419301605,0.8539428711
-0.2668700409,0.5779977417,1.5630844116
-0.258383522,-0.0689527988,1.2203426361
-0.264782753,1.0761914063,0.8779394531
-0.2681628608999999,1.0861349487,0.0122818875
-0.2545651436,-0.3865203094,1.232260437
-0.2543161011,1.0886454773,1.1301763916
-0.2514258575,-0.3661955643,1.1789574432
-0.2623882484,0.1858166122,1.140738678
-0.2476151085,1.082148819,1.0044007874
-0.2634420013,-0.2601140021999999,1.4442300415
-0.262365799,1.0892660522,0.0436468697
-0.2627619934,-0.103107996,1.3664799500000002
-0.2598807716,1.045807724,-0.0045183086
-0.259301796,0.4871173477,1.5491200256
-0.2568671416999999,-0.2003711128,1.0788321686
-0.2508641815,-0.3182159424,1.4177468872
-0.2561810112,0.0116944932999999,1.4250236511
-0.2527213669,0.1302180099,1.4954954529
-0.259577198,0.3672954940999999,1.5344758606
-0.255973053,1.0782991028,0.9153175354
-0.2444580459999999,0.2335089111,1.5305354309
-0.2579899979,-0.2077079964,1.4731900024000002
-0.2578490067,-0.1755109978,1.4644500732
-0.2578120041,0.9832900238,0.7905840302
-0.2524512672,-0.2907144356,1.4436987305
-0.2458561516,-0.3280535889,1.1297293091
-0.2510765266,1.0324628448,-0.0034500659
-0.2540277481,-0.0697853231,1.3671826172
-0.2467534447,1.0940865326,0.9417329407
-0.2506503868,1.0956695557,0.0814052676999999
-0.246439209,1.0928100586,0.6939432526
-0.2539595032,0.8097941589,1.0898638153
-0.24377985,1.1144452667,1.2432426453
-0.2498044395,-0.2436764145,1.0845944977000002
-0.2515838051,0.719068222,1.1752622223
-0.2531769943,0.9535829926,1.6714500427
-0.2496064186,-0.0668693542,1.4121884155000002
-0.2498259163,0.5128821564,1.1117835236
-0.2461444472999999,-0.0137998605,1.2173384094
-0.2497492026999999,0.5741434097,1.1362469482
-0.231407547,1.1471644592,0.0210176659
-0.2379700661,-0.2999778748,1.4601402283
-0.2302403831,1.0403646851,0.7095259093999999
-0.2443432998999999,-0.2375772095,1.4926521301
-0.2460301208,-0.1880672454999999,1.0449365234
-0.2389739609,1.1453496552,0.0870209026
-0.2263024902,1.1169649506,0.8985858917
-0.2458806992,0.9202909851,0.8626335907000001
-0.2419883156,0.456008873,1.090754776
-0.2424433517,-0.1736781311,0.9443484497
-0.2412712288,1.0798866272,0.6864203644
-0.2381210899,-0.0879497433,1.1109460449
-0.2398918724,0.1972677612,1.0979470062
-0.2406819916,-0.0756807184,1.1362312317
-0.2013630676,1.0664929199,0.0139984167
-0.2335959053,1.1653231812,0.6673027802
-0.2295625114,-0.3748658371,1.1183734131
-0.240437088,0.9814054871,0.7741861725
-0.2400736809,-0.1854488564,1.0163071442
-0.2376877022,0.9897348785,1.6658454895
-0.2394494438,0.5513472366,1.5899343872
-0.2361814308,0.6662742615,1.1708137512
-0.2379094315,-0.0707444239,1.4681130981
-0.2390780067,0.8029969788,1.7097000122
-0.2372770119,1.0510600281,0.0830582619
-0.2287706184,1.1657775116,0.6124787903
-0.2319504166,1.1536013794,0.5650831985
-0.2275655365,1.1155420685,1.5202015686
-0.2289184952,-0.263400383,0.9142160034
-0.2249821663,-0.131110363,0.916550827
-0.215249691,1.0054743195,-0.0124560285
-0.2277287483,1.0331650543000002,0.0527018261
-0.233241806,0.7971752167,1.0877057648
-0.2344613075,0.8104459381,1.061242981
-0.2247320557,-0.1135548782,0.9812927246
-0.2291130066,1.159407959,0.035711174
-0.2260255241,1.1314255524,1.4557571411
-0.2304747772,0.913534317,1.7056382751
-0.2332410812,1.1462298584,0.2319656372
-0.2263961219999999,-0.3455807495,1.4531726074
-0.2269651031,1.1152101898,0.2279211044
-0.228722496,1.0967166138,1.0073194885
-0.2330979346999999,-0.3746060944,0.1163546371
-0.2226783562,1.0625630951,0.6743096923999999
-0.2291516113,1.1314898682,0.5168161774
-0.2312098312,-0.4007271957,0.0867176819
-0.2206591987999999,1.1777400208,0.6868029785
-0.2262561798,-0.3700359726,0.1110583877999999
-0.2197886275999999,0.9995947266,-0.0110521746
-0.2209005737,-0.2777241516,0.9508328247
-0.2255243492,0.0418203306,1.5283460999
-0.2234633255,-0.1348523426,0.8941004944
-0.2201288223,1.0989897919,0.5300780106
-0.2201846504,1.1252755737,0.3004860877999999
-0.2234525108,1.1543378448,0.5289749146
-0.2160068703,-0.0969139385,0.9921870422
-0.2055612183,-0.4074325943,1.4224787903
-0.2186109734,1.0644532776,0.142197876
-0.2222529984,-0.1967910004,1.5363800049
-0.2168673706,1.1616147614,0.1030184174
-0.2080145645,1.1042657471,1.0342105865
-0.2197301483,0.8808827972000001,0.9303424072
-0.209209404,-0.4193855667,1.1311221313
-0.2059751511,-0.3628352737,0.2015274239
-0.2185004807,-0.0537751102,1.5201586914
-0.2168206215,0.9723869324,1.6972088623
-0.2117632675,0.6951771545,1.1677186584
-0.2048244667,1.0324462128,0.0834462833
-0.2173723412,1.1274617004,0.1345923042
-0.2082690239,1.1814771271,0.5434120941
-0.2125296783,1.1971979523,0.7041887665000001
-0.2276393509,0.4556538391,1.5809355164
-0.2102327156,1.1729541016,0.7460800170999999
-0.2172903633,-0.3432566833,0.1464159203
-0.2161137009,1.0757390594,0.600148201
-0.2018997765,0.7121472931,1.1558203888
-0.2151611137,0.0064177775,1.1139562988
-0.2036246109,1.1746809387,0.0686837339
-0.2110138702,1.1650856781,0.444006691
-0.196323719,-0.3269644547,0.1533760643
-0.2074482918,1.1448580933,0.1781217957
-0.2025963593,1.0884964752,0.5358172226
-0.1940505599999999,-0.3343901824999999,1.0561815643
-0.2110144233999999,-0.1658301926,0.8336753845
-0.2069342995,-0.2301866531,0.8060227966
-0.2120910072,-0.0866440964,1.0307800293
-0.2098969078,-0.366176033,0.2090146828
-0.2116048431,0.4226323318,1.0597327423
-0.2135064507,0.8134397125,1.0577184296
-0.2012405205,-0.3802170563,0.7887104797000001
-0.204168663,1.192432251,0.2663225746
-0.2103123283,0.7972273254,1.0853549194
-0.2035313416,-0.4386444855,0.1731310081
-0.2103461838,1.1719883728,0.2792045212
-0.2164147948999999,-0.4355144501,1.2426441193
-0.2094095421,1.1724794006,0.3581351852
-0.2009991837,1.1505255127,0.1228551292
-0.2013396263,1.0802635956,0.0131343031
-0.2025255585,0.3232068253,1.0451667786
-0.2135451508,1.091724472,0.2722870636
-0.2030068398,1.096833725,0.3629920959
-0.2057014274999999,1.0857984161,0.2271840477
-0.2067086792,-0.4258677292,0.6957263947
-0.2022660637,1.1733209991,0.1769661331
-0.2013449669,1.1956080627,0.3500510025
-0.2045721626,1.2067584229,0.7044483185
-0.1950735283,-0.0567651319999999,1.0849497223
-0.1965867233,-0.3386608505,0.8874814606
-0.2015782928,-0.1273916149,0.8515531158
-0.202527256,-0.4007815552,0.6825528717
-0.1876555443,-0.414675293,0.2471663857
-0.1979112625,-0.0892182922,0.9337876892
-0.200843029,0.0108399332,1.0871365356
-0.1981451988,0.2509011459,1.0413607788
-0.196909523,-0.4584923172,0.3412122726
-0.1969475555,1.1088474274,0.9680587769
-0.1793932724,1.1526982117,0.0380938673
-0.1966407204,-0.4938247681,0.6757117462
-0.1973038292,-0.3709276581,0.7137696075
-0.1908657837,1.1725652313,0.7746869659
-0.1891573906,1.1855069733,0.1724308205
-0.1969708251999999,0.1550530815,1.0469011688
-0.1926823235,-0.434031105,0.7514618683000001
-0.1925258446,-0.0121678007,1.5756636047
-0.1913472176,1.175873642,1.3110182190000002
-0.1940736388999999,0.9143454742,0.8756877136
-0.1873937225,-0.393561058,0.325346756
-0.1931191635,-0.439319458,0.5888170242
-0.1914007187,1.1942912292,0.3323804855
-0.1911364365,-0.4318732834,1.4225105286
-0.1911500359,1.2067268372,0.7111174011
-0.1880419922,1.1468731689,1.1390739441
-0.1920314217,1.0804315948,0.2245973587
-0.1853767395,1.1596212006,0.0527785015
-0.1908411407,1.210255661,0.6785373688
-0.1867000771,1.1789723206,0.4390351486
-0.195257473,1.042795639,0.6922479248000001
-0.1871084975999999,-0.4407469177,0.2763031197
-0.1835321045,1.0617831421,0.6617733765
-0.1786240577999999,-0.4639727783,1.2878117371
-0.1829969788,1.0921334076,0.5036978149
-0.1859671974,1.1685386658,1.2255950928
-0.1847248077,-0.4452808762,0.3763637160999999
-0.1749350166,1.0327802277,0.0886478233
-0.1817783356,-0.4283206558,1.0957971191
-0.1864123535,-0.4275822449,0.293412075
-0.1875291634,-0.3351906967,0.2127928161999999
-0.1866739082,-0.4461917877,0.5518948364
-0.1801673889,-0.2615230751,1.5667720032
-0.1779636765,-0.4546379089,0.1623374176
-0.1840889931,-0.0709891986999999,1.0334600067
-0.1814650345,-0.4754677963,0.5427325821000001
-0.1864414787,-0.3340506744,0.1606015968
-0.1749393654,1.1811404419,0.2684651184
-0.1788934898,1.1822462463,1.3619497681
-0.1772274399,1.0675063324,0.0143995619
-0.182446003,1.1490499878,1.5252200317
-0.1779939651,-0.4613328934,0.1914291763
-0.182754097,-0.2168113899,0.780771637
-0.1797651291,-0.4236882401,0.412363472
-0.1745905495,-0.4279297638,1.523290863
-0.1811730003,0.2146380043,1.5998899841
-0.178835659,1.0816474915,0.2233494186
-0.1809528542,1.0875833893,0.5378502655
-0.175734024,-0.0761061954,0.9362548828
-0.167559967,-0.4064953232,1.5539199829
-0.1738076401,-0.4744056702,0.3940024948
-0.1686512947,1.0399510193,0.1082447624
-0.1953451157,-0.4240666199,0.6379479599
-0.1738974571,-0.4067655182,0.2735389519
-0.1625710296999999,-0.3397647095,0.6822422028
-0.1748856735,1.1639473724,0.7578369904000001
-0.1819192505,1.0411640167,0.7005011749000001
-0.171065712,-0.3040931892,0.9722784424
-0.1519705677,1.0169085693,-0.0061313432
-0.1683316231,1.0878961182,0.290442276
-0.1753425216999999,0.1350470448,1.6026544189
-0.1763821602,0.46837677,1.0495500183
-0.1736326218,1.103975296,1.0091451263
-0.1699633408,-0.3891195678999999,0.3116683769
-0.1734882927,1.1438065338,0.7625579834
-0.1691627502,1.0775082397,0.5920801544
-0.1552453613,0.0289117694,1.0337594604
-0.1743029976,0.8731739807,1.0147200012000002
-0.15739007,-0.3732833861999999,0.3319015503
-0.1705768394,1.1033395386,0.9413640594
-0.1717011452,1.1110012054,0.8401426697
-0.1622494125,1.1747950745,0.217508297
-0.1513921928,-0.4037047195,0.0915918922
-0.1696420479,-0.3964706421,0.3909537506
-0.1662753676999999,-0.3597801208,0.2367992592
-0.1657913589,1.1709886169,1.20002388
-0.1687724876,1.0958626556,0.5402570724000001
-0.1643375397,0.8965599823,0.9649935913
-0.165676899,0.1862640953,1.0169690704
-0.1617992783,1.0400971985,0.079152503
-0.1461255169,1.0592987061,1.664243927
-0.158842144,-0.3871755219,1.046818924
-0.1562245178,-0.4850979233,1.3806434631
-0.1640584755,1.0955190277,0.9251219177
-0.1567028236,1.190895462,1.2957289124
-0.1576183319,1.1260933685,0.5710750961000001
-0.1619182396,0.9838722992,1.7169030762
-0.1609980201999999,1.1639962769,0.6984657288
-0.1649768448,1.0616990662,0.1238337326
-0.159248209,-0.2090781212,0.7696474457
-0.1672931862,1.0662602997,0.6797513580000001
-0.159401207,1.1621433258,0.7101856995
-0.1602298164,1.090901947,0.2376070595
-0.1652194977,1.1113098145,0.8030055237000001
-0.1284051323,-0.4257733154,0.0521437502
-0.1599302959,-0.3770493698,0.3013354492
-0.1642992401,1.1367028046,0.7444263458
-0.1681196976,-0.3560527039,0.8891526794000001
-0.1550598717,-0.4873055267,0.3928014755
-0.1483723354,-0.4645861435,0.1754264069
-0.1473144722,-0.4485983658,0.1504448891
-0.1529733372,1.1026048279,0.2736693001
-0.1583022881,-0.48848526,1.5488909912
-0.1583739281,-0.508944664,1.5088908386
-0.1599025631,0.6187427139,1.1186193085
-0.1553547192,1.0867086029,0.5827274323
-0.1567478943,1.1393317413,0.1846323013
-0.1566295147,1.1914689636,1.3743234253
-0.1599895287,1.0900563049,0.8632220459
-0.1424433422,-0.3822428513,1.6178303528000002
-0.1534192562,0.9253171539,0.9013999176
-0.1555954742,1.0546624756,0.8327441406
-0.1510665511999999,-0.4995977783,1.4067262267999998
-0.1554987335,1.0810666656,0.124853363
-0.1596399975,-0.4578659821,1.1201100159
-0.152937727,-0.0283105731,1.6260810852
-0.1542747593,1.1156783295,1.5889668274
-0.1565686417,0.3974082947,1.6345025635
-0.1503570461,-0.3997777939,0.2748514366
-0.1514282894,-0.4954682541,0.7293928528
-0.1520857525,-0.3298481749999999,0.1902781105
-0.1434274769,-0.4669182587,1.6133699036
-0.1320157051,0.9097154236,1.0120752716
-0.1505481911,-0.3939999771,0.3026399231
-0.1493471146,1.1130817413,0.6933322144
-0.1489047813,-0.3766846466,0.6494882202
-0.1491261196,-0.0567970896,1.0257384491
-0.1559189415,-0.0652836609,1.0133513641
-0.1486999893,0.6973821259,1.1566895294
-0.1535259914,1.1185334778,1.06402565
-0.1380094814,1.0173844147,-0.0053745675
-0.1470608521,0.4845248032,1.6576754761
-0.1512038611999999,1.140879364,0.030687027
-0.1483007717,-0.3799204636,0.3377648926
-0.1512083817,1.080111084,0.6989800262
-0.1487792683,1.0720217133,0.7781265259
-0.1445238495,1.020823288,0.8804296112000001
-0.1459530449,1.1790390015,1.2192649078
-0.1413949203,-0.5170503616,0.6277251053
-0.1457838726,1.1213618469,0.2167123413
-0.1342407703,-0.5648830795,1.626217041
-0.145707407,1.1044558716,0.1157844734
-0.1358019543,-0.4430324173,1.6375175476
-0.1430264091,1.1491798401,0.2271770477
-0.1335188293,-0.1980860519,1.6393128967
-0.1486900043,0.3157019997,1.6302400208
-0.1374814606,1.0787055206,0.0995763779
-0.1455170918,-0.4659891129,0.2231657219
-0.1382833481,-0.4620941161999999,0.7580662537
-0.1437109947,-0.5004003143,1.6081033325000005
-0.1387391949,1.1928153229,1.3906193542
-0.1431820010999999,0.6597869873000001,1.7406500244
-0.1370753574,0.0221356916,1.63378479
-0.1375950813,-0.3713946152,1.0214894867
-0.1425143909,-0.4934373474,0.5309422684
-0.1324644852,-0.0820685577,1.6485704041
-0.1611806107,0.0827524281,1.0289048004
-0.1160025311,-0.4211060333,0.0663788986
-0.1149689293,-0.2425677299,1.66032547
-0.1377726364,-0.4163613129,0.4792897797
-0.1358469772,-0.394952774,0.3522632599
-0.1254967594,0.1675571823,0.9920922089
-0.1220132828,-0.3448243332,1.6478578186
-0.1370193577,1.1498130798,0.0718264341
-0.1306285667,0.9355191803,0.9492367554
-0.1281483078,1.0516456604,0.99677948
-0.1300764847,-0.3897200394,0.3178354454
-0.1298413944,1.0536128235,0.0045996663
-0.1109026051,-0.3408937836,0.1571484852
-0.1318536758,1.0950684357,0.0773783588
-0.1298247242,-0.494245224,0.5696117401
-0.1322048664,-0.4862420273,0.5267339706
-0.1340405083,-0.4913311768,1.2388808441
-0.1250162983,-0.4078754807,0.2645473099
-0.1343789959,0.6188420105,1.7170799255
-0.1264493275,-0.6131437302,1.5619671631
-0.1276230335,1.1946858978,1.3439952087
-0.1263081741,-0.5270390701000001,1.3597348022
-0.1134907532,0.9000971222,1.0454465485
-0.1241762352,-0.4777541351,0.2974733543
-0.1361974716,0.4143509293,1.016940155
-0.1251908016,-0.4543406677,0.1904275131
-0.1301797962,-0.4552155685,1.1027255249
-0.1245737457,-1.2650471497,1.6763832092000002
-0.1217603397,1.0858415222000002,1.6392550659
-0.1077312850999999,-0.3221115494,0.1712541389
-0.1241548252,-1.1340441132,1.6852493286
-0.1251791668,-0.4437256241,0.4844332123
-0.1220785427,-0.4219453811999999,1.0563761139
-0.1242751122,1.1201022339,0.018167696
-0.1145701694,-0.2902999496,0.9086261749
-0.1278495788999999,0.9873923492,0.9024282074
-0.1171395206,-0.5018038559,0.6154139708999999
-0.1183543587,-0.5682558441,1.680743866
-0.1239268208,-0.4378759384,0.7623157501
-0.1250224686,-0.5103252029,1.30849823
-0.1215973949,1.1700349426,1.200242691
-0.1179368305,-1.139214325,1.6951153564
-0.123629446,-0.4640530777,0.4517015457
-0.1247264385,-1.0570278931,1.5068681335
-0.1235398579,-0.4070362854,0.7891275024
-0.1206627846,1.0442317963,0.9882287598
-0.1199672604,-1.2335357666,1.6756307983
-0.1180926704,1.0667519379,0.0118698215
-0.1200965881,-1.1545658875,1.6684672546
-0.1213389492,-0.602060318,1.4688421631
-0.1240537071,-1.0575994873,1.535118103
-0.121251564,-0.3128684425,0.9515065002
-0.1173775768,-0.1865141487,0.7901958466000001
-0.1228665066,-1.0712101746,1.5111598206
-0.1193181705,-0.3591706848,0.6862133789000001
-0.1177300262,-1.0180934143,1.5388131714
-0.1189782906,-0.4448773575,0.2716678619
-0.1141375828,-0.6358472061,1.6555404663
-0.1232868481,-1.2106804657,1.6793307495
-0.1204637146,-0.9178675079,1.4918710327
-0.11642169,-1.0868718719,1.5338128662
-0.1042967224,-0.084338789,1.6814422607
-0.0953310013,1.0109435272,1.7220303345
-0.119748888,-0.869947052,1.5564485168
-0.1138608359999999,-0.6598808289,1.5334091187
-0.113369751,-0.4439373779,0.3470191193
-0.1141960334999999,-0.3905714417,0.2386515808
-0.1173821925999999,-0.4467721939,0.5746191025
-0.1178335571,0.02034935,1.0003849792
-0.1103179455,1.2014636993,1.388503418
-0.1169634628,-0.5076300049,0.6763336945
-0.1110921192,-0.5906365967,1.3957293701
-0.1070477009,-1.2275009918000002,1.6751150513
-0.1110911179,-1.1884885406,1.6803982544
-0.1081905746,-1.0278775786999998,1.5828311157
-0.1144110489,1.1650772858,1.5344415283
-0.1046011734,1.1790146637,1.2483135223
-0.1168508911,0.4279953766,1.6699940491
-0.106550045,-1.2363739777,1.6665888977
-0.1024655914,-0.4306150436,0.1801501083
-0.1160386086,-0.6664119719999999,1.6089292908
-0.1155160332,-0.4044215775,0.7556565094
-0.1130104256,-1.0404840088,1.5301927185
-0.1082033348,1.1020020294,1.0911616516
-0.1084492397,-0.7020632172000001,1.6752062988
-0.1063745403,0.8044204712,1.1309146881
-0.108238802,-1.0408506012,1.6180647278000002
-0.0737629318,1.0564219666,1.7018566895
-0.109483242,-0.8550312042,1.4276745605
-0.1131253624,-0.8696166229000001,1.6221607971
-0.108628273,-0.8231857300000001,1.5658573913999998
-0.0994719696,-1.0217644501,1.4551947021
-0.1101611137,-0.6249237823,1.451065979
-0.1061375141,-0.6839883423,1.6773733521
-0.0978862762,-1.0937589264,1.6546669006
-0.1116769981,0.3632659911999999,1.6604400634999998
-0.1107150269,-0.5153673553,1.2870223999
-0.1039562035,-0.4227201843,1.6908522034000002
-0.1031335449,-0.9810054779,1.4190701294
-0.1125983047,-0.0731540489,0.889229126
-0.1086701393,-0.4800774002,0.6078383636
-0.1100249195,0.1078371906,0.9890259552
-0.1037684059,-0.7572525024,1.6498912048
-0.1075507449999999,-0.4539257813,0.6094139099
-0.1007405567,-0.3039442635,0.8026495361000001
-0.1069068432,-0.4291322327,1.0457824707
-0.1069409847,-0.4107976150999999,0.6762348175
-0.1044130611,-1.0863030243,1.6704772949
-0.0984344578,-0.3565751266,0.1396232224
-0.1024657917,-0.4251710892,0.7042941283999999
-0.1062310027999999,0.3160560036,1.6552900696
-0.1022230434,-0.8400041962,1.6194747925
-0.1031190014,-0.8694007111000001,1.4006593323
-0.1039673805,-0.4422679519999999,0.6893464661
-0.0996205044,-1.0678067017,1.5773471069000002
-0.104085207,-0.3476346207,0.2022486114999999
-0.1003093147,-1.0327365875,1.6473680115
-0.0950877094,-1.1024200439,1.5061175537
-0.09882267,-0.7278623962,1.5735238647
-0.1028569984,0.0321380997,1.6553799438
-0.1013382149,-0.5512569046,1.3293138123
-0.1021279812,-0.8770997620000001,1.70193573
-0.1019706917,-0.7680376434,1.6404875182999998
-0.1000179195,-0.8913587952,1.7265786743000002
-0.0998251629,-0.981968689,1.6983389282
-0.0941555499999999,-0.3958211899,0.0937261772
-0.0978234291,-0.2518897438,0.879899292
-0.0858080101,-0.3973464203,0.0866560555
-0.0803217124999999,-0.9672075653,1.3287117004000002
-0.0803112221,-1.1038277435,1.6723298645
-0.0977542877,-0.8519444275,1.7381196594
-0.0904660224999999,-0.2441030884,0.8010341644000001
-0.0983348751,-0.8615090942000001,1.683991394
-0.0962985611,-0.6427355957,1.4463056946
-0.0949559116,-0.8919664763999999,1.6588722229
-0.0782437563,-1.1612872314,1.6937123108
-0.0710115099,-0.4982452774,1.7675340271
-0.0945661449,-0.2380347252,0.9119937897
-0.0959287548,-1.0722946167,1.6552398682
-0.0819110966,-0.2351362038,1.7050914001000002
-0.0946652888999999,-0.2599106979,0.9235438538
-0.0836863613,-0.3677016449,0.1173121166
-0.0922153091,-0.7616331481999999,1.5931103516
-0.0943916702,-1.049772644,1.6747059631
-0.0944614029,-0.4078760147,1.0076200104
-0.0905007458,-0.4084021378,0.1186062813
-0.0902026938999999,-0.2153848076,0.8617818451
-0.0885075951,-0.9666420746,1.7432960510000002
-0.0921851158,-0.2775019264,0.9343096924
-0.0926107979,-0.0891007995999999,0.8753330230999999
-0.0838546848,-1.103498764,1.5439175415
-0.0829655265999999,-0.202379837,0.8526690673999999
-0.0840708447,0.9136115265,1.0769593811
-0.085648632,1.0095986176,1.03532547
-0.076189065,-1.0556613159,1.4818333435
-0.081030798,-1.0989899445,1.7044818115000002
-0.078816371,-1.0028417969,1.3784733582000002
-0.0891846085,-1.0548136139,1.4748832703
-0.0909132957,-0.6376660156,1.7439500427
-0.0883758068,-0.8485126495,1.6464241028000002
-0.0765168905,-1.0162888336,1.7397615051
-0.0877109909,-0.4833938217,1.1873928833
-0.0875534344,-0.1957123184,0.8304406738000001
-0.0875555992,-0.0111970997,1.6842100525
-0.0818838787,0.0984085083,1.6560647583
-0.0856210232,-0.8249905396,1.4041362000000002
-0.0844209671,-0.8494442749,1.6530499268
-0.0826128292,0.3004831886,0.9769866943
-0.0823720169,-0.5509487534,1.3139117432
-0.0754948996999999,-0.7906195067999999,1.5586309814
-0.0824032974,-0.0563661003,1.6992300415
-0.0771099424,-0.6032924271000001,1.382059021
-0.0813457012,0.6308729935,1.7445399475
-0.0685703945,-0.3186450195,1.7321342468
-0.0623764181,0.522503624,1.0425127411
-0.0740999603,-0.1002292442,0.8964974976000001
-0.0798810005,0.807440033,1.7706300354000002
-0.0631327963,1.1965402222,1.3424325562
-0.0647032499,1.201656189,1.3906588745
-0.0748581982,0.4316035843,1.6945547485
-0.0647821903,1.1882968903,1.3013122559
-0.0773085022,0.8714209747,1.76147995
-0.0744573498,-0.7842086792,1.4886602783
-0.0720182657,-1.1568115234,1.6588879395
-0.0719113016,0.7478507233,1.1678100586
-0.0684841776,-0.7139827728,1.7871073914
-0.065163331,1.1935787201,1.4579290771000002
-0.0803979015,0.925368042,1.7500456238000002
-0.0670188474999999,-0.9408465576,1.2644555664
-0.0479773951,1.1700939941,1.2631273651
-0.0732910872,-1.0711274719,1.7185188293
-0.0699729824,-0.9247353363,1.793513031
-0.0721733427,-0.6345154953000001,1.406895752
-0.0662116909,-0.4168497849,0.9987773895
-0.0590590906,-0.8713152313000001,1.3130599976
-0.0722038984,-0.8967220306,1.5101699829000002
-0.0646746111,-0.1194652462,0.904260788
-0.0713548994,1.1695700073000002,1.5380700684000002
-0.0584519625,-1.117657547,1.6146008301
-0.0708586979,-0.9231960297,1.5065600586
-0.0688050604,0.117219038,0.9677035522
-0.0662016201,-0.9852014923,1.2835021973
-0.0518078661,-1.0999177551,1.4812968445
-0.0694351006,-0.8904340363000001,1.3917700195
-0.0692486,-0.8844779968,1.4473899841
-0.0473258734,-0.4699953461,1.1357341003
-0.0644415379,-0.1716565132,0.9170726776
-0.056019721,-1.0420788574,1.3633874512
-0.0635817623,-0.9077558899,1.2615395355
-0.0685374165,-0.8108473206,1.4145069885
-0.0472711468,-0.537149086,1.2943867493
-0.0625467539,-0.2464212227,0.9356390381
-0.0422636365999999,-0.8294348907,1.380098114
-0.0661120987,-0.9283190155,1.4486700439
-0.0606935692,-1.0283302307,1.7639430237
-0.0605471468,-1.1311384583,1.6610964966
-0.0657868147,-0.9780197906,1.179885025
-0.0637382841,-0.6351628494,1.7925418091
-0.0598149395,-0.7415145874,1.5068197632
-0.0516933584,-0.8875349426,1.1775606537
-0.0571410608,-0.1119258499,0.963787384
-0.0591953516,-0.2095087242,0.9494570923
-0.0563290023999999,-0.8209165955000001,1.5756025696
-0.0408459282,-0.2253369522,1.7464659119
-0.0544467545,-0.8680023955999999,1.3867469788
-0.0566348028,-1.0027946472,1.2718708801
-0.0453614664,-0.3472509384,0.9415315247
-0.0504498243,-0.8606504059,1.4423832703
-0.0533431196,-0.9427350616,1.1679873657
-0.0479551983,-0.7134606934,1.8180453491
-0.0254463887,-0.2724604416,1.7625993347
-0.0583277273,1.0088340759,1.0690494537
-0.0526112747,-0.9801377869,1.1904410553
-0.0528618001999999,-1.0574091339,1.7518109131
-0.0568659019,-0.033903501,1.7109300232000002
-0.0592223787,-0.9010748291,1.2998156738
-0.043231039,-0.8804981995,1.140795517
-0.0560561705,0.7795676422,1.1241630554
-0.0506258917,-1.0033738708,1.2102919006
-0.0510519314,-0.8902603912,1.1918900299
-0.0597740459,-0.8954710388,1.2452171326
-0.0469670153,-0.93794487,1.344630127
-0.0380668497,-0.8427352142,1.1970500183
-0.0447706223,-1.0320393372,1.3053738403
-0.0537625979999999,-0.9310900116,1.3799000549
-0.0532180977,-0.1444820023,0.9655349731
-0.0527011013,0.0584143019,1.6762800598
-0.0519324207,0.8486823273,1.143611145
-0.044781189,-0.920749588,1.2791739655
-0.0469766665,-0.8091573334000001,1.5387322998
-0.0468868828,-0.9625162506,1.1419434357
-0.0495824002999999,0.8099359894,1.0956199646
-0.0425693464,-0.9677658081,1.2020082092
-0.0445629835,-1.1055982971,1.7013278198
-0.0464394044999999,-0.9440415955,1.1372653961
-0.0488908291,1.114284668,1.647040863
-0.044127574,0.8660141754,1.1209414673
-0.0453809260999999,-0.1743338966,0.9660515594
-0.0444495106,-0.1154127598,0.9662052917
-0.0462467003,1.1703399658,1.5379899597
-0.0460174989999999,0.8448979950000001,1.1018599701
-0.0432815599,0.7767415619000001,1.1662390137
-0.035647068,-0.0624087476999999,0.9576808167
-0.0311118245,-0.2884676743,0.9402862549
-0.0324028182,1.1142900848,1.1736042786
-0.0422355223,-0.8686730957000001,1.1809768677
-0.0361331916,-0.9178469849,1.1760314178
-0.0260484624,-0.8826590729,1.1409395599
-0.0410546541,0.7532292175,1.1317490387
-0.0420118998999999,-0.8885089874000001,1.5458700562
-0.0361151242,-0.8768608093000001,1.1424549866
-0.0398013616,-0.8426109314,1.5720266724
-0.0414577007,1.1402200317,1.5978900146
-0.0399241805,0.2846076393,0.962829895
-0.0323892689,-0.8640892029,1.3454441833000002
-0.0290112376,-0.3698629761,0.9578242493
-0.0294381261,-0.9634555817,1.1298545837
-0.0393875003,-0.8380410004,1.5499699402
-0.0331836176,-0.9787197113,1.8219384766
-0.0379028583,0.4958040237,1.7184082031
-0.0355649757,0.4786319733,1.0143702698
-0.016731416,-0.8497709656000001,1.2022101593
-0.03277004,-0.6499765015,1.8223951721
-0.0403133631,-0.6533732605,1.3808395386
-0.0387004161,-0.7889043427,1.5118450927999998
-0.0332376838,-0.5036484528,1.2171489716
-0.0360469007,0.6860099792,1.7733599854
-0.0248260522,-0.2474568939,0.9573953247
-0.036668272,0.8155753326,1.7749226379
-0.03108248,-0.9528455353,1.3677944946
-0.0340497994,0.7828730011,1.0851100159
-0.0332805967,0.7481964111000001,1.1630345154
-0.0324572205999999,-0.455188179,1.0873071289
-0.0216947079,-1.0678701782,1.3579663086
-0.0272195745,-0.8054683685,1.5301152039
-0.0216764068999999,0.9419200134,1.7515452576
-0.0308710504,0.68578125,1.1438122559
-0.027542398,1.1918054962,1.3970349121
-0.0188661313,-0.4710293579,1.1571826172
-0.0223056983999999,1.1264407349,1.6337068176
-0.0273290253,0.7430449677000001,1.1447840118
-0.0277195406,-0.9337056732,1.8451011658
-0.0223840212999999,-0.8782470703,1.1313139343
-0.0193729508,-0.8588098907,1.2528129578
-0.0107754111,-1.1218256378,1.6851376343000002
-0.0289877009,1.0387400055,1.1153800201
-0.0289736009,-0.8986450195000001,1.5532899475
-0.0143708109999999,-0.7374282837,1.44548172
-0.0273904991,0.8717990112,1.1041400146
-0.0238918280999999,-0.8321383667000001,1.2037084198
-0.0197658205,1.1967428589,1.6500439453000002
-0.0206581162999999,1.1590343475,1.2785054016
-0.025360508,-0.4917528534,1.8153366089
-0.014990139,1.1448889923,1.6872911072
-0.0160202849,-0.9277625275,1.1570864105
-0.0156650555,-0.1733309364,0.9821559906
-0.0233232999,1.1713899994,1.5353199768
-0.0260462713,-0.8576129913,1.2419861603
-0.0024002719,0.23468853,1.6636448669
-0.0208308959,-0.3897174454,0.9861437988
-0.0154551899,-0.0241006613,0.9535169983
-0.0221317577,-0.881011734,1.8577427673
0.0027157166999999,-0.9036099243,1.1363903809
-0.0207353306,-0.9983660126,1.8208691406
-0.0187315154,-0.7458732605,1.849508667
-0.0168871175999999,-0.5837155533,1.3190022278000002
-0.003985666,1.147602005,1.5854368591
-0.0189732003,-0.4153229904,1.0056700134
-0.0113030528999999,0.7146484375000001,1.106984787
-0.0059444511,-0.6593715668,1.3730824279999998
-0.0172585499,1.1795729828,1.3435592651
-0.0166236234,-0.940789032,1.1729998016
-0.0110963976,-0.7922484589,1.512671051
-0.0100309801,1.1832863617,1.6273217773
-0.0015267146,0.9001917267,1.1475087738
0.0003278208,1.1277895355,1.6189564514
-0.0009114265,0.7817253876,1.0830937195
-0.0107175028,0.7515833282,1.1095166779
-0.0117018998,0.8507289886,1.0861399841
-0.0063004369,1.5761775208,1.4573680114999998
0.004729605,-0.4921124649,1.2109762573
-8.03658e-05,-0.8046277618000001,1.4761056519
-0.0020854492,-0.8453755950999999,1.1998643494
0.0006696336999999,-0.247441082,0.9727060699
8.69639e-05,1.163416214,1.5356001282
1.73241e-05,1.0783724976,1.1735678864
-0.0004110536,1.1708680725,1.363644104
-9.81236e-05,1.1736425781,1.410868988
0.0242456627,-1.0923392487,1.4397802734
0.002643275,0.9498605347,1.1333216858
0.0226487017,-0.8584130096,1.1500901794
5.230430000000001e-05,0.974308548,1.1352263641
0.0002270598,1.1718337250000002,1.4722351074
-0.0004493827,-0.3243923187,0.9418167877
-0.0004098157999999,0.6622377777,1.1097246552
0.0002175511,-1.1379333496,1.6105526733
0.0073242569,-1.0443463898,1.2506222534
0.0300715542,-1.008004303,1.1587905121
0.0171047628,-0.9894719696,1.1388980865
-0.000266296,-0.9601769257,1.8436384583
0.0,-0.9589769745,1.4512399292
0.0039302564,-0.9338954926,1.1554181671
0.0,-0.9006359863000001,1.5619000244
0.0316401123999999,-0.8770796204,1.1342792511000002
0.0,-0.8539700317000001,1.6011599731
0.0203462505,-0.8598603058000001,1.2553263855
0.0001559466,-0.6350394058,1.8437754822
0.0039888847,-0.5623941803,1.2987930298
0.0005847887,-0.5304575729,1.2702545929
3.06064e-05,-0.4979347992,1.8250415039
0.0053769279,-0.1732168007,0.9850764465
-0.0133587003,-0.1386197567,0.971709671
-0.0007088191,0.0738198948,0.9571315765
0.0004706029,0.2148545647,0.9503623199
-0.0010546894,0.2965291405,0.9612313843
-0.0016235222,0.4186399078,0.9922366333
-0.0015192221,0.5916309357,1.7474061584
0.0,0.6424040222,1.7665100098
0.007372995,0.6660051727,1.0927597046
0.0,0.6909079742,1.7795100403000002
0.0037572661,0.8509879303,1.0882339478
-0.0238976049,1.0772441864,1.7114840698
0.0210579753,1.1357172394,1.6461262512
0.0047979093,1.2016390228,1.6621795654
0.0029498023,1.5720106506,1.4396531677
0.0038952601,1.5813417053,1.4557991028
0.0104481745,1.5736264038,1.4497691345
0.0163461924,-0.7935557556,1.5447740173
0.0186159098,-0.8578320313000001,1.1695055389
0.0218979406,0.8717738342,1.1013275146
0.0108079003999999,-0.7834480286000001,1.4786599731
0.0271996927,-0.9146656036,1.1550344849
0.03224967,-0.8821437836,1.140418396
0.0240601516,1.0423901367,1.7251881409
0.0149024975,-0.7098476410000001,1.4233331299
0.0380623341,-0.5285117722,1.2788621521
0.0202140188,-1.1229785156,1.6803256225999998
0.022275598,-0.8317079926,1.1889322662
0.0332756233,-1.1197887421,1.526945343
0.0253625178,1.190557251,1.3945283508
0.0162769961,-0.9434740448,1.1788860321
0.0188924301,0.8927891540999999,1.1410714722
0.0292664433,-0.8675577545000001,1.1569930267
0.0259410500999999,0.7446096802,1.1415566254
0.0267818713,-1.0815245056,1.7433520508000002
0.03583673,-0.2921689224,0.9376773071
0.0276642728,1.1781233978,1.3126091003
0.0196964645,-0.3740390014999999,0.9623353577
0.0317349863,-0.3218359375,0.9362689972
0.0201899314,-0.8423409271,1.8572416687
0.0308296251,-0.3480600357,0.941849823
0.0380792809,-0.4139451980999999,0.99608284
0.0347485495,-0.4409022522,1.0259254456
0.0202023029,-0.3904893875,0.9872050476
0.0487039041999999,0.6373794937,1.124101181
0.02728513,-0.9382572174,1.8438879395
0.0305983973,-1.1317179871,1.6244612122000002
0.0214935492999999,-0.8967958831999999,1.8557661438
0.0315262794,-0.8515307617000001,1.4214385986
0.0225658393,0.9635549164,1.1116595459
0.0238363719,-0.5865488434,1.830471344
0.0317621827,-0.2549395943,0.9506190491
0.0313717937,1.1268885803000002,1.6418984985
0.0232325291999999,-0.2600250435,1.7614181518999998
0.0240009952,1.1497005463,1.2542668152
0.0233232999,1.1713899994,1.5353199768
0.034886899,-0.171369133,0.9729550934
0.0369967771,-0.8364143371999999,1.5529394531
0.0312757421,-0.9629631805,1.1316883087
0.0281937194,-0.8204954529,1.4012086487
0.0424712372,-0.9012559509,1.1552443695
0.0252425027,-0.5040982819,1.8178665161
0.0272983432,-0.8049599457,1.5291581726
0.0316462398,0.7121114349,1.1520555115000002
0.0364967513,-0.9248513794,1.1166220856
0.0175909579,-1.0548802948,1.3041340636999998
0.0451007318,-0.4682655334,1.1290219879
0.044519186,-1.1080544281,1.6966133118
0.0383175588,1.0357685089,1.1041303253
0.036954143,-0.7873634338,1.8342962646
0.0307305288,-0.9743476105,1.8261634827
0.030752182,1.128820343,1.6229112244
0.0390399814,-0.4519892883,1.0689031219
0.0322461367,-0.8646129607999999,1.8492242432
0.0365842485,0.4064870834,1.6982762146
0.0321332001999999,0.8505090332,1.0866600037
0.0467296791,-0.8840661621,1.1757873535
0.0433438015,-0.8694249725000001,1.1865415192000002
0.0345609212,-0.8380963898,1.1952739716
0.0393968105,-0.4298570251,1.781388092
0.0340497994,0.7828730011,1.0851100159
0.0385021329,-0.2920207024,1.7545144653
0.0348130012,0.8103289795,1.0815200043
0.0321975684,-0.0455234003,0.955823822
0.0505989361,0.822844696,1.7730322265999998
0.0363873005,0.7427809906,1.7806199645999998
0.115106163,0.5671647644000001,1.0800190735
0.0333715343,-0.9371700287,1.2440158081
0.0409104203999999,1.1650839233,1.2611112976
0.0380293012,0.6387340163999999,1.7598100281000002
0.0413878679,-1.0188355255,1.792727356
0.0386946034,-0.8391011810000001,1.344853363
0.0485297108,-0.3511918259,0.9447883606
0.0389767623,0.2937849045,0.9642073059
0.0474285269,-0.9757351685,1.2296857452
0.0465261364,-0.201828022,0.9562783051
0.0459545803,-0.9380327606,1.338432312
0.0474151754,-0.8646573639,1.2315758514
0.0428793001,0.9509200287,1.0928700256
0.0494234467,-0.1988264656,1.7391943359000002
0.0557211542,-0.9101161194,1.3019552612
0.044869647,1.1305151367,1.1904436493
0.0456602954999999,-0.8621258545000001,1.3069969176999998
0.0527604294,-0.9983706665,1.2146141815
0.0545885944,0.839202652,1.1140171814
0.0437130213,-0.8247145080999999,1.3940533447
0.0518944979,-0.974727478,1.1810998535
0.0602501059,-1.0967341614,1.4806280518
0.055903244,-0.8877409363,1.1818205261
0.052001338,-0.9003450775,1.1414618683000002
0.0427498484,-0.6439931488,1.8137637329
0.045105238,-1.0315319824,1.3047221375000002
0.0538413095,0.1195554924,1.6643328857000002
0.0571466494,-0.0931538677,1.7212831116
0.0575124454,-0.5583353424,1.7934327698
0.0508502197,-0.9904540253,1.1936358643
0.0620760155,-1.0517455292,1.3981152344
0.053592782,-0.8679057312,1.3826957703
0.0798581886,1.0215520477,1.7217202759
0.0531456757,-0.7950850677,1.562986908
0.0546423769,-0.9345648193,1.1693889618
0.0556562757,-0.8735056305000001,1.2182913208
0.0527011013,0.0584143019,1.6762800598
0.0657093287,-0.2527766228,0.9330992126
0.0537625979999999,-0.9310900116,1.3799000549
0.0606012297,-1.0110379791,1.7752227783
0.0560149813,-0.8774761200000001,1.8049197388
0.0587789392,-1.1176641846,1.6148739624
0.0554638004,0.2226479912,1.6559599304
0.0651006126,-0.9811659241,1.1813244629
0.0701479912,-0.8464424896,1.3868489075
0.0655101681,1.1970236969,1.3429437256
0.056524601,1.0895899963,1.1254000092
0.0568659019,-0.033903501,1.7109300232000002
0.0564623117,-1.0763874817,1.7314115906
0.0573486996,0.0117092000999999,1.6949099731
0.0628212881,-0.9600102234,1.2473157501
0.0626740885,-0.8096286011,1.5681794739
0.0739246035,1.1666962433,1.2330973053
0.0691724968,-0.9064635468,1.3837602234
0.069971633,-0.4979984283,1.7690434265
0.0720869827,-0.6506524657999999,1.4248297119
0.0632919455,-0.168529129,0.9222332764
0.072775898,-1.018253479,1.3779727173
0.0621791982999999,-0.1018010044,0.9642810059
0.0694906759,-0.9248085022,1.7941050720000002
0.0852144527,-0.4478573227,1.0812908936
0.0639716100999999,-0.6352184296,1.7924404907
0.0675107431,-0.8993240356,1.2439211273
0.0679971027,1.1144364929,1.1472666168
0.0792441988,-0.2799838448,0.9279973602
0.0764198923,-1.1630892944,1.6908912659000002
0.0747046757,-0.3473595428,0.9576422882
0.0677801991,-0.0367905998,0.9713400269
0.0770287418,-0.6818679047,1.4735108948000002
0.0691167879,-1.1151757050000002,1.6708558655
0.0804406929,-0.3055043983,0.9377863312
0.0782821751,-0.5042353058,1.2266576385
0.0731578016,-1.0751305389,1.7153413391
0.081114502,-0.7995437622,1.7567318726
0.085134697,-0.8508984375,1.6566056824000002
0.072668438,-0.2490720558,0.9372141266
0.0719865131,-0.9869780731,1.3154818726
0.0725201988,-0.0975010967,0.9186199951
0.0797512626999999,-1.1928494263,1.6639320374
0.079383564,-1.0959124756,1.6018034363000002
0.0758830023,-0.0804745007,0.9691560364
0.0797418499,-0.9865444183,1.7513116455
0.0750906992,0.7837994385,1.1612372589
0.0796083355,0.6977546692,1.1523560333
0.0788672781,0.5150387955,1.7117784119
0.0813574409,-1.1036767578,1.6720953369
0.0836940002,-0.8230984497,1.4044085693
0.0798043633,0.5181329727,1.0422089386
0.091946373,-0.3483301926,1.705687561
0.0856163883,-0.9947277832,1.3913284302
0.0873588276,-0.8691069031,1.3830734253
0.0820895004,0.7334999847,1.7730799866000002
0.0849662781,-0.9225783539,1.7676113892
0.0833132267,0.2911696434,0.9756933594
0.0909336185,-0.9605697632,1.3771099854
0.0845306015,-0.7242220306,1.5391700745
0.0885942649999999,-1.0707634735,1.6173597717
0.0866994381,-0.2990440178,0.0307236862
0.095378952,0.9546195984,1.0236167145
0.0974440479,-0.4429075623,1.7075830078000005
0.1019828796,1.0917289734000002,1.6387147522
0.0848554611,1.0095175171,1.0367397308
0.0889791774999999,-1.0541812897,1.4747026062000002
0.0859092617,-0.7968074036,1.4453259277
0.1128553295,0.0798153257,1.6439984131
0.1013117981,-0.4314066315,1.0459397125
0.0940459728,-0.8569914246000001,1.6618487549
0.0875555992,-0.0111970997,1.6842100525
0.0879398441,-0.273672924,0.9342476654
0.0891014385,-1.0873649597,1.6545399475
0.0936103439,-0.1686312485,0.8500053406000001
0.1017045975,-1.0850920105,1.4929179382000002
0.106454649,-0.9803202057,1.4302893066
0.0944622707,-1.0800201416,1.6552012634
0.0967524529,-0.110048542,0.8568492889
0.0939857769,-0.8147956085,1.4158021545
0.0972374344,-0.2104614449,0.0818230247
0.1069786071999999,-1.0731713104,1.5093824768
0.0939173985,-0.683003006,1.4914100647
0.0960843849,-1.1041203308,1.665202179
0.0993183994,-0.2490862656,0.8888542938
0.0990159702,-0.2221142197,0.0318041611
0.0968311882,-0.9121767426,1.7419741821
0.094370842,-0.206220665,0.0911751652
0.0924173354999999,-1.0514154053,1.6823524475
0.0978124809,-0.1993177031999999,0.8523868561000001
0.1068716908,-1.1438391876,1.7002647400000002
0.0936625957,-1.0225299072,1.6903309631
0.1053145885,-1.0918784332,1.504671936
0.0991752434,-0.5458597565000001,1.3194721985000002
0.1064972305,1.1908251953,1.296856842
0.1001404858,-0.796135025,1.486210022
0.101562109,-0.1643153763,0.0710689497
0.0995446682,-0.878391037,1.7234877014
0.1006736182999999,-0.9702261353,1.6987402344
0.1110589218,0.1068566608,0.9898349762
0.1057683754,1.0412418365,1.0304928589
0.1098212624,1.201639328,1.3887533569
0.1015740108,0.8815411377,1.0757824707
0.1016846561,-0.8312600708,1.7020393372000002
0.1073386765,-1.0288254547,1.6283952332000002
0.1260694122,-0.334356842,0.0287669063
0.1050400448,-0.4456998444,1.0924567413
0.1020759964,-0.2978630066,0.9354350281
0.1051157951,-0.9911288452,1.6474073792
0.111657629,-0.1136499214,0.7161030579
0.1378034878,-0.4353606795999999,1.6332820129
0.1028569984,0.0321380997,1.6553799438
0.1033710003,-0.0833176993999999,1.6822799683
0.108636837,-0.8260470581,1.5727450562000005
0.1131479931,-0.8754113769999999,1.6239195251
0.1101717854,-0.6329524612,1.4636958313
0.0996754456,-0.3186157036,0.0353284097
0.1165803146,-1.0776485443,1.4978134155
0.1049412537,-0.183591156,0.5862524414
0.1077441025,-0.7029091644000001,1.6777038574
0.109047823,-0.8974423980999999,1.4080671692000002
0.1270235825,1.0629180145,1.6696020508
0.1080386161999999,-0.2057764053,0.6007385635
0.1072125435,0.7880293274000001,1.1431973267
0.1092699909,-0.8566903687,1.4257357787999998
0.1100419998,-0.1820018578,0.5098994446
0.1301046085,-1.1349992371000002,1.6539756775
0.1138095093,-0.1388779259,0.654190979
0.1093352795,-0.0989924622,0.8460279083000001
0.111215744,-0.8264427947999999,1.4899826049999998
0.1501482296,-0.2905748558,0.0374260855
0.1141041183,-0.1898103714,0.0192036641
0.1089175129,-0.5792284012,1.3753244019
0.1068808842,-0.1455108547,0.6033781433000001
0.1128846455,-1.0411390686,1.530199585
0.1092020035,-0.1536310005,0.5064279938
0.1175747585,0.983006897,0.9689847565
0.1153977489,0.7451780701,1.1682055664000002
0.1160776328999999,-1.0472067261,1.5679953003
0.1097460461,-0.1313003922,0.5696511078000001
0.1101850033,-0.4919499969,1.2102600098
0.1148918724,-0.6304161072000001,1.4850596619
0.116869936,-1.0247362518,1.5434312439000002
0.1137727928,-0.9446125793,1.6135499573
0.1192698383,-1.1528826141,1.6681149292000002
0.1171888542,-0.5199650955,1.3085046387
0.1304070187,-0.474507637,1.6440264893
0.1118179989,-0.0443374014,1.6671099854
0.1121033955,-0.1989455986,0.0311694717
0.1151769352,-0.2048284530999999,0.6857020569
0.1134952736,-0.4766564941,1.1639331055
0.1165261745,-0.5728869629,1.6853527832
0.1183214663999999,-1.002665329,1.5290466309
0.1208019161,1.0876890564,1.0572651672000002
0.1195354365999999,-0.8877362823,1.4883576965
0.1152675247,0.4248851013,1.6701800537
0.1192175293,-0.1430053425,0.0599270916
0.119550066,-0.2322138976999999,0.7415026855000001
0.1218923759,1.0459086609,0.9879827881
0.1199743748,-0.1829816054999999,0.1792409706
0.1262707806,0.0335102439,1.0062091827
0.1306561947,-0.0921850109,0.6686095428000001
0.1210058784,-0.1590079117,0.2753148079
0.1250820446,-0.0891694641,0.8445856476
0.1243591118,-0.1490823936,0.1773179817
0.1272974682,0.2150994873,0.9909343719
0.121560936,-0.1057465076,0.6339638518999999
0.1237926292,-0.1785190964,0.4673859787
0.1284911919,-0.5750939178000001,1.6459425354
0.1243576527,-0.6244345474,1.5486489868000002
0.1254939747,-0.1619316101,0.1519041348
0.1236243439,-1.0671214294,1.5144705200000002
0.1235467434,-1.0439595795,1.5409420776
0.126779747,-1.0574841309,1.5076702881
0.1362200356,-0.272113781,0.1086316299
0.1201403618,-1.0788812256,1.5202998352
0.1235570908,1.1193238831,0.1137666225
0.1364433765,-0.2606513786,0.1386145496
0.1246141051999999,-0.1658666611,0.4160380936
0.1226397896,-0.0644936848,0.9961412811
0.1215375805,-0.2009348869,0.028811729
0.1324235344,-0.1151208877999999,0.2522595787
0.1259346867,0.5201802826,1.0516419983
0.1265040684,-0.1463260365,0.3866333771
0.1404120636,-0.3416763687,0.0357213258999999
0.1254181671,-0.1474454308,0.3009235764
0.1258554077,0.9507678986,0.9432844543
0.1280141163,-0.1006841087,0.2029308891
0.1298190308,-0.155454731,0.0415851974
0.1350286484,-0.2445480156,0.7135898589999999
0.1410992336,-0.2189912415,0.5465449142
0.1349720097,0.9282204437,0.982401886
0.1304513645,1.0561076355,0.994543457
0.1364606667,-1.1998456573,1.6604406738000002
0.129374361,0.2967890739,0.9965840149
0.1375679398,-0.1889540863,0.2958006477
0.1412882137,1.0639227295,0.1026252651
0.1460667515,-0.4311079025,1.0670796204
0.136029377,0.9949133301,0.8571617888999999
0.1394686222,-0.1974303055,0.4651898956
0.1351725674,1.138546524,0.1091178131
0.1328153992,-0.1915069962,0.2586616516
0.1442041969,1.0468823242,0.9087210846
0.1330679989,0.215564003,1.6294999695
0.1368540287,1.1228623199,0.1710812569
0.1347671032,-0.100069828,0.1806333351
0.137048912,1.0896041107,1.0360713959
0.1440430927,-0.3695544434,1.6145310974
0.154701519,-0.5184273529,1.518600769
0.154538908,1.1143648529,1.590193634
0.1453454876,-0.3026627922,0.919644928
0.1391155243,-0.1188322544,0.3787661362
0.138394556,-0.3004935074,0.9403526306
0.1450852299,-0.1355477715,0.1641215134
0.1413967227999999,-0.5126918030000001,1.3907754517000002
0.1646528816,1.1040795898,-7.6369e-05
0.1399879456,-0.0842801285,0.669981842
0.1396237755,0.0900782204,1.0115965271
0.1385535336,1.1220780182,0.1639058113
0.1404701614,1.1582863617,0.1496387672
0.1419439983,0.2661240005,1.63102005
0.1470357227,1.07174263,0.9295300293
0.1413278008,1.0048832703,0.2736706734
0.1449669838,1.1013064575,0.0109874272
0.1429020023,0.7198819733,1.7572300720000005
0.1491056060999999,1.1079393005,0.1855897141
0.1455657005,-0.2965153885,0.8930418396
0.1431820010999999,0.6597869873000001,1.7406500244
0.147789402,-0.4971244811999999,1.594256897
0.1441219997,1.1923999786,1.2993800354000002
0.188000927,1.1109434509,0.0477619648
0.1447749996,1.1622699738,1.1667900085
0.1598812485,1.0505857086,0.0872955035999999
0.1540447617,-0.2067522239999999,0.2189223671
0.1459350014,0.5032440186,1.6644799805
0.1530279827,-0.0720576906,0.8883363342
0.1466959286,-0.198163166,0.2374001694
0.165604763,-0.3112923622,1.5752076721
0.1496329784,1.1622678375,0.137861805
0.1501779079,1.1112671661,0.6777703094
0.1781475448999999,1.0169953156,1.6893162537000002
0.1595584106,-0.4768002701,1.2462653351
0.1485284424,-0.0781813097,0.2342860413
0.1500952053,1.0951676941,0.7023131561
0.1553357315,-0.1233677387,0.1661504936
0.1506354809,1.0859115601,0.7836010742
0.1546273232,0.939463501,0.8849164581
0.1531728363,-0.1679108429,0.0438563156
0.1559456062,1.0410894012,0.1778731728
0.1769966506999999,-0.3348308182,0.0326341176
0.1540324879,1.0551920319,0.8380878448
0.1625897217,-0.2728583717,0.1232637978
0.1570070457,1.0662693023999998,0.191105175
0.1761869049,-0.336258316,1.5482997131
0.1533868694,0.4465102005,1.6446836853
0.1657013893,0.0211260104,1.6103388977000002
0.1526930046,1.1926399994,1.3458700562
0.1532792759,0.9696202087,0.245848999
0.1576990318,1.1805814362,0.6707615662
0.1538090038,0.5443239975,1.6736999512
0.1546529961,-0.0651492023,1.0128800201
0.1487026787,-0.5359069443,1.4892945862
0.1587544918,-0.0746168183999999,0.224503212
0.1614614105,1.0834326172,0.5637075043
0.1688846016,-0.3048864174,0.9714125061
0.1679492569,1.0404845428,0.2867849731
0.1636676788,-0.3782695389,1.0461050415
0.1660362053,-0.1131685066,0.1541584205999999
0.1658854675,-0.028953619,1.6105723572
0.1600729561,1.0201779175,0.3236175537
0.1666108894,0.5735045242000001,1.0930693817
0.1655004692,-0.2574881554,0.0324325108999999
0.1758612251,-0.1166481781,1.6015097046
0.1667560387,-0.4059242248999999,1.5562597656
0.1646092415,1.0657492065,0.441037178
0.1638474654999999,-0.2965416718,0.8880552673
0.1559682465,1.1191677856,1.0650527191
0.1760204697,1.0631279755,0.567121048
0.1648522186,1.0668625641,0.4874834442
0.2106889153,-0.2766292953,1.5221624756
0.1663827705,1.0200627899,0.4013428879
0.1663060378999999,1.147228775,0.1828204346
0.1723962020999999,-0.1923549843,0.4708089066
0.1714601516999999,-0.0935668945,0.6452309418000001
0.1691796303,1.0613378906,0.5172635269
0.1743294334,0.8112137604,1.082467041
0.1737011909,-0.1826787949,1.5966760254
0.1686437988,1.0994116211,0.4990718842
0.1721271133,-0.0845118904,0.2582494354
0.1744847298,-0.0814387035,0.2159213257
0.1859850883,0.7330741118999999,1.1421717834
0.1834614944,1.0714186859,0.2715705109
0.176098175,1.0462089539,1.6606813049
0.1716299057,-0.114105587,0.3412135315
0.1608835793,1.0719898987,0.6103816605
0.1740521049,1.1743652344,1.2268022156
0.1738190651,1.152550354,0.7692147064
0.1758255577,-0.4302858353,1.091140213
0.173669529,-0.1802212715,0.3043897438
0.1719027519,0.159447031,1.0249807739
0.1728261566,1.0011877441,0.3946208954
0.1752387428,-0.1385927963,0.1706213379
0.1872711182,-0.105316391,0.7809319305
0.1866231537,-0.2651659393,0.1220558834
0.17868536,1.159846344,0.5788867950000001
0.1737555504,0.9281466675,0.8780094147
0.1737965965,0.3236465454,1.0244031525
0.1690626907,0.5164897919,1.6447216797
0.1737871361,0.0206663250999999,1.054098587
0.194684391,0.8254135132,1.0532169342
0.1814719582,-0.1852125359,0.2578349686
0.1778767014,0.455240097,1.6208398438
0.1850583458,-0.1469651508,0.0853078556
0.2236668015,1.15119133,0.1368233299
0.181875782,-0.2201177788,0.6166025925
0.1769828606,-0.0791609097,0.9098532104
0.1780371666,-0.0490547895,1.0655805968999998
0.1984890366,1.0360963440000002,0.0840577602
0.1798546791,1.0094332886,0.1390637016
0.1791545677,0.9407868958,0.2770827675
0.1815867043,0.8859922791,0.986663208
0.1781645775,-0.0661777449,1.047543335
0.1845249367,-0.4508070374,1.1424848938
0.182446003,1.1490499878,1.5252200317
0.1758428001,-0.0938019562,0.8527306366
0.1858506012,-0.1702199173,0.4647408295
0.200267601,-0.3353054428,1.0634043121
0.1830911636,-0.1344915104,0.3486505507999999
0.1848839951,-0.2445299911,1.5663900757
0.1867982864,-0.1466533375,0.2791408539
0.1863156319,1.1825382233,0.7755754089
0.1955189514,1.1125991821,0.9687130737
0.1903747177,0.9829545593,0.3804521561
0.1980704689,1.1417880249,1.1381674194
0.2018085289,1.104276886,1.0143595123
0.1864089966,1.0531378174,0.5359531403
0.1920337677,1.1581902313,0.5469449615
0.1793812752,1.0947609711,-0.0049129583999999
0.1961709975999999,-0.1205805302,0.1841504288
0.1930184555,1.0833930969,0.2697226334
0.1877699471,0.6794698334,1.1574797821
0.191227684,1.234340744,0.685484848
0.1979733849,1.0591539764,0.2894854927
0.1915657043,1.2281628418,0.7168961333999999
0.1954284286,1.2247026825,0.6520009613000001
0.1889152336,-0.1509755516,0.0670134735
0.191067009,0.605340004,1.6709100342
0.198576107,-0.3919680023,1.4648057556
0.1921220015999999,0.794937973,1.7402000427
0.196716938,1.0767807007,0.3591096115
0.1922110558,-0.4268403625,1.4307800293
0.1945741653,1.0034177399,0.1441699314
0.2194627571,-0.2929161072,1.0701638031
0.1944217490999999,1.0896180725000002,0.1989073753
0.1943781471,0.9062227631,0.8926931763
0.2011138153,0.9421317291,0.2932831000999999
0.2103598785,1.0567494965,0.2436036682
0.2185726166,1.1552339935,0.1564859009
0.2086937714,-0.2897026825,1.040063858
0.1945420074,0.880089035,0.9493560028
0.1968341255,1.0166411591000002,0.4631051636
0.1933920479,-0.058482213,1.5678224182
0.2029185295,0.9541179657,0.3245482254
0.1993317413,-0.1959655571,0.6203864288
0.1998937035,-0.1624697494999999,0.2361102295
0.2302141953,-0.1714674568,1.5247224426
0.1995979118,-0.089490757,0.9407051086
0.2130999374,1.103678894,1.0456175995
0.1987197304,1.1565542603,0.8445854187
0.2077608109,-0.2363898848999999,0.1205568981
0.2160913086,1.1007113647,0.0016300619
0.2027294731,-0.1409004211,0.6177227402
0.2046087456,1.0589659882,0.0602864742
0.2071531295999999,-0.1675839233,0.5222542953
0.2031361008,-0.1121379471,0.8714025116
0.2065197372,-0.2503807068,0.1018079281
0.2001184082,0.0168967164,1.0845462799
0.2053482056,-0.280143261,0.8770188904
0.205015316,0.697943573,1.1655825043
0.2042629814,-0.1749914932,0.1010944176
0.2058743668,1.0673459625,0.6271396255
0.2022520447,1.1174047089,0.0660928917
0.2224554253,-0.3047486496,1.4921348572
0.2013072777,1.186863327,0.7704653931000001
0.2022744751,1.0669659424,0.6819564056
0.2191006088,-0.4333475113,1.2424902344
0.2054720688,-0.1784541893,0.0760252476
0.2069269943,-0.1854883194,0.5875302124
0.2094426727,-0.1757966805,0.0808765984
0.2079239464,1.0522486877,0.3177198792
0.2048329925999999,1.0291400146,1.6595199585
0.2069271278,0.9495240784,0.2532115173
0.2080694199,-0.1620614433,0.5905510712
0.2117703819,0.4173424149,1.0591573334
0.2063059998,1.1356300354,1.5224099731000005
0.2171329498,-0.2273452377,0.7939272307999999
0.2053643799,1.1521645355,1.2021639252
0.2213259125,-0.4092643356,1.1403707123
0.2102539825,1.1441836548000002,0.5308787155
0.2099069977,0.9934928894,0.3716016769
0.2156809998,0.9935363007,0.7669613647
0.2196821785,1.1202714539,0.1930858421
0.2181808662,1.1467180634,1.2400354004
0.2107573318,1.1815511322,0.7577883148
0.2220553016999999,-0.1659840584,0.8455291748000001
0.2135154343,0.8121514893,1.0587202454
0.2177774429,1.0408827972,0.2849541664
0.2170824432,1.1296191406,0.5330065536
0.2120910072,-0.0866440964,1.0307800293
0.2155139351,0.9858059692,0.2112223244
0.21560009,-0.2317831421,0.0942018509
0.2222580337999999,-0.1328303623,0.8838397980000001
0.2177407455,1.0092441559,0.1640101242
0.2144949340999999,-0.0107003629,1.1176191711
0.2241298866,-0.1137835693,0.9787349701
0.2271421623,1.0425634766,0.7175382996
0.2150413513,-0.276191349,1.001905365
0.223033123,1.1268128204,0.8891775513000001
0.2191656685,0.9971671295,0.3367630005
0.2180731392,-0.2113413239,0.0268307066
0.2220393372,0.9718515778,0.3054421425
0.2410327911,-0.2970342636,1.1069897461
0.2322934532,1.0335138702,0.1252425957
0.2183908081,1.0924636078,0.4476835251
0.237556057,-0.3261869431,1.4459622192
0.2248466492,1.0011701965,0.2363522529999999
0.2211088562,-0.1086064529,1.5152088928
0.2186499405,-0.2020011711,0.7749414063000001
0.2362558174,0.5906495667,1.1312626648
0.2431214714,1.0863734436,1.0501365662000002
0.2243462753,1.0179990387,0.3052886772
0.2217711638999999,1.0283378601,0.3437059402
0.2273870659,1.1297736359,1.4555053711
0.2219265556,1.024098587,0.1873267364999999
0.2222529984,-0.1967910004,1.5363800049
0.2265387344,1.1235158539,0.5490400314
0.2323377228,1.1103060913,1.5203729248
0.2281158257,0.2987086868,1.5616070557
0.2304546738,-0.2465016365,0.0295697761
0.2377504921,0.9933883667,1.6621240234
0.2280704689,-0.1953682327,0.8455355072
0.2297976112,1.0835887146,0.678733139
0.2345813751,-0.0064521366,1.1666024017
0.2316806412,1.0544927979,0.0911626339
0.2427330971,1.0976949310000002,1.1112708282
0.2281760025,-0.1434930038,1.5211099243
0.2425941467,-0.2402462196,1.4944688416
0.2294515419,-0.1416016102,0.922571106
0.2392340469,-0.3020733261,1.456885376
0.2348288918,1.1593798065,0.1449615479
0.2487106705,1.1569674683,0.6559087372000001
0.2349606133,0.8101705933,1.0606459045
0.2354250717,1.1006723785,0.1751960564
0.239384079,0.6025876998999999,1.6177490234
0.2476599121,-0.398082962,1.2339203644
0.239523468,1.1203247833,1.300721283
0.2362140083,0.7675839996000001,1.1105500031
0.2488318443,1.1064227295,1.2163287354
0.2469736099,1.1292191315,0.706947937
0.2411012459,0.4616372681,1.0902252197
0.2473740958999999,1.0583678436,0.1085331821
0.2379583359,-0.070588398,1.4679672241
0.2385070038,0.6150519943,1.6409300232
0.2417586708,-0.0024389005,1.4743321228
0.2493200302,1.1029311371,0.0109207964
0.2484537125,0.1003872299,1.150439682
0.2454991341,1.1176742554,0.7326285552999999
0.243154068,1.0891942596,0.5937542725
0.2534792519,0.2539006805,1.5210691833
0.2489153099,1.0674142456,0.1117055893
0.247538662,1.1086374664,0.763339386
0.2460443497,1.0629875946,0.1417095089
0.2596634674,0.9937906647,1.6271330261
0.2441467857,-0.0065643591,1.2048808289
0.2429743003999999,-0.1349551964,1.4661462402
0.2519194221,1.0816812134,0.1336644459
0.257016716,1.1013290405,1.3239419555999998
0.2499941254,0.5724222945999999,1.1357314301
0.2528238869,1.1476231384,0.6570928192
0.2463220024,0.7223269653,1.7008500671
0.2588572884,-0.0826486397,1.1879819489
0.2469079971,0.6669709777999999,1.6812199402
0.2488497162,0.7145187378,1.1736920929
0.2512348557,0.0868656731,1.4849053955
0.2664850616,-0.2855920029,1.1392602539
0.2561704826,0.6512032318000001,1.1851184845
0.2706676674,1.0743112946,0.8592512512
0.2538399124,1.1485394287,0.1215771484
0.2531769943,0.9535829926,1.6714500427
0.2603383064,0.0619646406,1.2264572144
0.2542388153,-0.0483424854,1.3632194519
0.262942276,1.1350314331,0.0769298983
0.2641731262,1.0807316589,0.8252455902
0.2662189865,-0.3261045073999999,1.3724494934
0.2569028282,0.8224279022000001,1.0662097931
0.2604907227,1.0850776672,0.7379991913
0.2716432571,-0.3251634979,1.1742338562
0.2577949905,0.9918440247,0.7918509674
0.2610784912,0.8548484802,1.0273404694
0.2597566986,0.379593544,1.5362374878
0.26131464,0.0089394641,1.375249176
0.2579899979,-0.2077079964,1.4731900024000002
0.2626449394,0.6305583954,1.6239639282
0.2718617249,0.1577551365,1.1823207092
0.2635115814,0.1957240677,1.4917259216
0.2785781288,-0.2316604042,1.1267055511
0.262627449,0.1865053177,1.1403739929
0.2731691551,-0.3319233322,1.3378445435
0.2621576118,-0.1321403599,1.4083000182999998
0.2639943695,0.5531126785,1.5590928650000002
0.2610700035,1.0620700073,1.5259500122
0.2737183762,-0.121885128,1.318809967
0.2626931572,0.6929814148,1.2162647247
0.2670229912,0.9467461395,0.8560593414000001
0.2734211922,1.0834886169000002,1.2342419434
0.2678547478,0.7169608307,1.213191452
0.2743886757,0.2630117798,1.139606781
0.2724814415,-0.1734329414,1.1236621094
0.2780360794,-0.1561420441,1.3518421935999998
0.2740859985,0.4942354584,1.1372585297000002
0.2721549988,0.6518060303000001,1.6377099609
0.281949482,1.030500946,0.8214147948999999
0.2726029968,0.828690033,1.6760600281000002
0.273998394,-0.201146698,1.4116552734
0.273973999,-0.2327750015,1.4249299622
0.2784068108,0.0958169174,1.3306439209
0.2845439529,0.8405812073,1.1030917358
0.2803243828,0.9795335388,0.8508621216000001
0.2833985519,0.7195198059000001,1.2642961121
0.2966827774,0.192450161,1.2627487946
0.2791430092,1.0546299744,1.4598500061
0.2815677071,1.0438658142,0.9108608246
0.2805789948,0.7474299622,1.6683200073000002
0.2833485031,0.6455938721,1.5856492615
0.2861515045,1.0641377258,1.3643656920999998
0.2811985207,0.2683488846,1.4781417847
0.288429451,-0.2965195274,1.3266766357
0.2874840355,-0.1699908257,1.2276637268
0.2824756432,0.5132401657,1.5141996765
0.2852521896,-0.1761971283,1.3132962036
0.2832589912,1.0229799652,1.5289599609000002
0.2863351822,0.7477185822,1.2205387115000002
0.2862137985,0.2273493958,1.1801430511
0.2901759911,0.3812643813999999,1.1548928833
0.2849815941,0.9334825897,0.9219680786
0.285246067,0.5962271881000001,1.5302796935999998
0.2855660057,0.9797979736,1.5860600281
0.2897283173,-0.2326538658,1.3053782654
0.2881945419,0.791219635,1.1494146729
0.2894987868999999,-0.2098503685,1.1597576904
0.2990126419,1.0459816742,1.2178992462
0.2916170692,0.984072113,0.902395401
0.2954683113,0.9668730927,1.0126585388
0.2952832603,0.9107654572,1.0368989563
0.2985127449,0.2946645164,1.1835224152
0.2940130043,0.8662830353,1.636519928
0.2993194962,0.2505270767,1.4269758606
0.2978825569,0.7753779602,1.2205167389
0.3021631432,0.7436499786,1.2994671631
0.3128788185,0.5795453644,1.2802297974
0.3027029991,0.6301070022999999,1.4829899597
0.303064003,0.7882350159000001,1.6302400208
0.3054416847,0.6529753876,1.3599258423
0.3059335327,1.0142019653,1.1146080017
0.3060554314,0.2673730659,1.2227381134
0.3036879920999999,0.7262480164,1.6210899353
0.304168663,0.5202102279999999,1.4620199585
0.3095870972,0.8838550568,1.122517395
0.3073019981,0.9763009644,1.5277000426999998
0.3136449431999999,0.4189889908,1.2060715485
0.3096529961,0.601626358,1.4211842346
0.3122979164,0.2607875824,1.3707780457
0.3112371254,0.681343689,1.4410044861
0.3142484856,0.9618376923,1.1416464996
0.3153556252,0.5070916748,1.2296257782000002
0.3174530983,0.3389950562,1.2321242523
0.3201028441999999,0.5639328003,1.3184632874
0.320137558,0.5105327988,1.4038555908
0.3277587127999999,0.8887578583,1.2308188629
0.3283041,0.7103833771,1.4970016479
0.3215050124999999,0.848184967,1.5871400452
0.321534996,0.7412909698,1.56772995
0.3238344574,0.5336332321,1.355602417
0.3244440079,0.7895079803,1.5789100647
0.3254119873,0.9598370361,1.3939500427
0.3324763489,0.9192279053,1.4545651245
0.3338282013,0.9615759277,1.3146871948
0.3339204025,0.95123909,1.253272934
0.3360637665,0.8692552185,1.4446687317000002
0.336129837,0.9015299988,1.2932202147999998
0.3382049942,0.7748246765000001,1.4395346069
0.3368700027,0.7937069701999999,1.5068099976
0.3377790069999999,0.8719740295,1.5215899658
0.3401293564,0.8213033295,1.4386602783000002
