-0.05695833333333333,0.06182895,0.003252798333333333
-0.05646428571428571,0.06259982857142857,0.0054579257142857145
-0.057300000000000004,0.06657189999999999,-0.000580637
-0.057,0.06638875,0.0021586505
-0.05661111111111112,0.06572776666666666,0.004566521111111111
-0.057708333333333334,0.07051950833333333,-0.0012483094916666668
-0.05683333333333334,0.06982543333333334,0.0004616678666666667
-0.056600000000000004,0.07065752,0.006887258
-0.05625,0.07047955,0.008148835
-0.05875,0.0736719909090909,-0.0012287627272727273
-0.057749999999999996,0.07450795454545454,0.001035583909090909
-0.05685,0.07399582,0.007552174
-0.05635,0.07410886,0.008924958
-0.05825,0.0799172,-0.00886255
-0.058541666666666665,0.07799196666666668,-0.0007756545
-0.05743750000000001,0.077995715,0.0016359206500000001
-0.056875,0.07649265,0.007556304999999999
-0.056375,0.07727785,0.008443965000000001
-0.058300000000000005,0.08154491999999999,-0.00843493
-0.057340909090909095,0.08149904545454546,0.0020546259090909093
-0.05672222222222223,0.0826536,0.005739633333333333
-0.05770000000000001,0.08678551999999999,-0.008943934
-0.05725,0.0874488,-0.00563091
-0.05685416666666667,0.08594934166666666,0.0055914116666666664
-0.05625,0.08476995000000001,0.008421385
-0.05707142857142857,0.09026448571428572,-0.005970675714285715
-0.05625,0.0907496,-0.000103004
-0.05625,0.0893894,0.00150895
-0.05625,0.0881043,0.00419771
-0.054125,0.039516875,-0.021876375
-0.05283333333333333,0.038799688888888885,-0.01839798888888889
-0.053863636363636364,0.04212598181818182,-0.021145636363636363
-0.05280357142857143,0.04184612142857143,-0.018105085714285714
-0.0531,0.045099299999999995,-0.0203365
-0.052375,0.045069825,-0.0185937
-0.054,0.0510961,-2.19643e-05
-0.0545,0.05183615,0.0001784975
-0.05282142857142857,0.05125042857142857,0.006249255714285714
-0.05375,0.0546752,-0.000167698
-0.054799999999999995,0.05423060666666667,0.0006350616666666667
-0.05347727272727272,0.0536224,0.006053230000000001
-0.05261111111111111,0.05473703333333333,0.011019900000000001
-0.05487499999999999,0.05708238,0.0016211240000000003
-0.054325,0.05871516,0.006576848000000001
-0.052890625,0.05835325625,0.0105842525
-0.05563888888888889,0.06135206666666667,0.006176736666666667
-0.05375833333333333,0.0620751,0.010153121333333332
-0.052375,0.0634889,0.013822049999999999
-0.055875,0.06569968333333333,0.0064687650000000005
-0.05458333333333334,0.06578040833333333,0.0101596125
-0.052839285714285714,0.06628161428571429,0.01439525
-0.05523684210526316,0.07011994736842105,0.010116383157894737
-0.05328125,0.06983146666666666,0.014186633333333332
-0.052375,0.0708027,0.0162172
-0.05538333333333333,0.07365524666666667,0.010333311333333334
-0.053663461538461535,0.07411718076923077,0.014664499999999999
-0.052583333333333336,0.07536193333333334,0.018389333333333334
-0.05575,0.0797168,0.00773609
-0.0555,0.07819133076923078,0.009913660769230769
-0.05445833333333333,0.07800838333333333,0.014547200000000001
-0.0529625,0.07808834,0.018025605
-0.05591666666666667,0.08106566666666666,0.00674592
-0.054738636363636364,0.08222931818181818,0.01041770909090909
-0.05325,0.082229225,0.013974408333333334
-0.05265625,0.0812950125,0.0175132125
-0.056,0.0876242,0.00772756
-0.055200000000000006,0.08578498500000001,0.0103190175
-0.05329166666666666,0.08609695833333332,0.013137316666666668
-0.0558,0.0907079,0.0015125272000000001
-0.05492307692307692,0.09053083076923077,0.005998401538461539
-0.0545,0.08967688571428571,0.010168974285714286
-0.05306818181818182,0.08974324545454546,0.013117786363636363
-0.055125,0.09404035,-0.00022902349999999997
-0.05466666666666667,0.094320575,0.00229672575
-0.053349999999999995,0.093902255,0.005705190000000001
-0.052875,0.0926382,0.011621925
-0.0525,0.0923338,0.012448
-0.0535,0.09732345,-0.00048979
-0.05293181818181818,0.0968527090909091,0.0016272467272727272
-0.05257142857142857,0.11817457142857143,-0.06929964285714287
-0.053875,0.1211,-0.07268659999999999
-0.05291176470588235,0.1221434705882353,-0.06915684117647058
-0.05225,0.120125,-0.0679785
-0.05267857142857142,0.1253917142857143,-0.07022981428571429
-0.05225,0.13082,-0.0748457
-0.051833333333333335,0.0389788,-0.016821433333333333
-0.05092857142857143,0.0387788,-0.013012628571428571
-0.0498,0.039214139999999995,-0.009560898
-0.04866666666666667,0.038983416666666666,-0.0059894833333333335
-0.052,0.04200305,-0.01623265
-0.051176470588235295,0.04208428823529412,-0.013959511764705881
-0.04976785714285714,0.042039407142857144,-0.009805139285714286
-0.04866666666666667,0.04191951666666666,-0.006042961666666667
-0.05167857142857142,0.045310528571428574,-0.017850342857142855
-0.050583333333333334,0.044700333333333335,-0.014135566666666667
-0.04975,0.0440991,-0.010690950000000001
-0.048875,0.04645895,0.007395425
-0.0488125,0.047599,0.0097718
-0.05121428571428571,0.04955961428571428,0.00673357
-0.0498375,0.049874335000000006,0.0101249535
-0.0488125,0.0511153625,0.0126978
-0.051525,0.0531437,0.011161335
-0.04992741935483871,0.05415129032258065,0.013447625806451612
-0.048375,0.055490700000000004,0.01967605
-0.052,0.0594023,0.011866
-0.05060833333333334,0.05788893,0.013764726666666668
-0.04900000000000001,0.05794971666666667,0.01941785
-0.04841666666666666,0.058283433333333336,0.020495416666666665
-0.051875,0.061159125,0.011607025
-0.05116071428571428,0.06186236428571429,0.013817328571428571
-0.04944318181818182,0.062212327272727276,0.01766765
-0.048375,0.0612569,0.020712275
-0.05160714285714285,0.06532318571428572,0.01564024285714286
-0.05009677419354838,0.06604540322580645,0.018044809677419355
-0.04854166666666667,0.06642258333333333,0.020333166666666666
-0.052,0.0682897,0.0159054
-0.05094791666666667,0.0699187,0.018008433333333334
-0.04901315789473684,0.07023762105263158,0.021684984210526316
-0.052,0.0725518,0.0158955
-0.05165625,0.07433295,0.019180675
-0.04976470588235295,0.07400805588235293,0.02186261470588235
-0.04825,0.0753741,0.0242796
-0.05175,0.07829598888888889,0.019570466666666664
-0.050239130434782606,0.0778596956521739,0.02192122608695652
-0.04864583333333333,0.07817561666666667,0.024647133333333335
-0.052,0.0838877,0.0154871
-0.05154545454545454,0.08208704545454545,0.018857772727272726
-0.05002083333333334,0.08206449583333333,0.0223788125
-0.04863636363636364,0.08176195454545454,0.024514681818181817
-0.05175,0.08602515714285715,0.015358728571428571
-0.050734375,0.08609308125000001,0.01679126875
-0.049273809523809525,0.08573167142857144,0.022171009523809522
-0.04825,0.0867168,0.0243953
-0.05161363636363636,0.09024327272727273,0.015449654545454545
-0.050083333333333334,0.0901460111111111,0.01671614814814815
-0.048613636363636366,0.08959545454545455,0.022689054545454543
-0.051666666666666666,0.09536926666666667,0.007283776666666668
-0.051125,0.0948580875,0.009561095
-0.05032954545454546,0.09395928636363636,0.014458595454545455
-0.04905,0.09334,0.01641947
-0.04825,0.09302205,0.02211785
-0.0503125,0.099342325,-0.0004508605
-0.050749999999999997,0.09839311666666667,0.0010508626666666666
-0.050546875,0.09713824375,0.006215599375
-0.04900000000000001,0.098098,0.011785033333333333
-0.04877083333333334,0.09717864999999999,0.013414666666666667
-0.04825,0.100362,0.013105
-0.04998214285714286,0.11470357142857143,-0.06940374285714286
-0.0486875,0.115315,-0.0674423
-0.05142857142857143,0.11665457142857143,-0.0687087
-0.049878787878787884,0.118095,-0.06639831818181818
-0.051875,0.1228485,-0.06819765
-0.05000657894736842,0.1217121052631579,-0.06586484210526317
-0.05116176470588235,0.126695,-0.0691237
-0.04955645161290323,0.12561467741935484,-0.06667317741935484
-0.051593749999999994,0.130771125,-0.0734192125
-0.049810344827586214,0.13015213793103447,-0.06992575172413792
-0.048375,0.129107,-0.06785305
-0.05061363636363636,0.13387481818181818,-0.07301049090909091
-0.049078947368421055,0.13389036842105262,-0.07051995789473683
-0.0492,0.1373126,-0.07289032
-0.0486,0.137046,-0.071292
-0.0475,0.0389953375,-0.00213291425
-0.0445,0.0396574,0.0158226
-0.04425,0.0389716,0.0162031
-0.048,0.043306,-0.00461169
-0.047234375,0.04210626875,-0.0018091552499999999
-0.04675,0.0401846,0.000249654
-0.045625,0.04356245,0.00764687
-0.0445,0.0411075,0.0158225
-0.044399999999999995,0.04241806,0.01731834
-0.04725,0.04536454,0.007407328
-0.0462391304347826,0.04633844347826087,0.010587896086956521
-0.04466666666666667,0.04693563333333334,0.013604466666666667
-0.044375,0.044489299999999996,0.017026399999999997
-0.047875,0.049038899999999996,0.011514400000000001
-0.04642857142857143,0.04991583214285714,0.014345325
-0.0448125,0.0505472625,0.018037737499999998
-0.0445,0.0516675,0.0205069
-0.047749999999999994,0.052765433333333334,0.014505033333333334
-0.0472,0.053577240000000005,0.01969224
-0.04575806451612903,0.054219958064516134,0.02140213870967742
-0.04620833333333333,0.05785244523809524,0.022631178571428573
-0.044500000000000005,0.059144866666666664,0.0248068
-0.046657142857142855,0.06202624285714286,0.022649857142857145
-0.044636363636363634,0.06206885454545454,0.025864690909090906
-0.04669827586206896,0.06602361724137931,0.022264006896551725
-0.04471428571428571,0.06575340714285714,0.025252592857142857
-0.047130952380952384,0.06954784761904761,0.023137528571428572
-0.045342592592592594,0.07045232592592593,0.024967903703703703
-0.047875,0.07286029999999999,0.023837900000000002
-0.046191176470588236,0.0740171294117647,0.02548499705882353
-0.0444375,0.07518205,0.02837925
-0.046742424242424245,0.07792704242424242,0.02640358484848485
-0.04480357142857143,0.07831974285714285,0.02880852857142857
-0.046703125,0.08205292812500001,0.026509903125
-0.04461363636363636,0.08189722727272727,0.028643536363636365
-0.04633974358974359,0.08605280512820512,0.02666028717948718
-0.04453571428571428,0.085188,0.028249985714285716
-0.0478125,0.091146,0.02354525
-0.046091463414634146,0.08993322439024391,0.026173760975609757
-0.04425,0.08987025,0.02815525
-0.048,0.0955179,0.0165265
-0.04738333333333333,0.09435232666666667,0.022604046666666665
-0.045517857142857145,0.09390644285714286,0.025899721428571425
-0.04425,0.0927402,0.0282239
-0.047599999999999996,0.09859788,0.014957080000000001
-0.04725,0.097780875,0.017930825
-0.04601315789473684,0.09815413684210526,0.02236288947368421
-0.044875,0.0972688142857143,0.024834042857142857
-0.047136363636363636,0.10169609090909092,0.014379963636363636
-0.045625,0.1021500625,0.018441775
-0.04495833333333333,0.101004,0.021212733333333334
-0.0445,0.10606059999999999,-0.001626066
-0.045,0.104077,0.0145131
-0.044375,0.104606,0.017247699999999998
-0.046125,0.11300333333333333,-0.06902563333333334
-0.04591,0.11469644000000001,-0.06639212
-0.046682692307692314,0.11754607692307693,-0.06479438461538461
-0.04516071428571428,0.11869871428571428,-0.06366737142857143
-0.04747916666666666,0.12203066666666666,-0.06435737500000001
-0.04550892857142857,0.12179346428571428,-0.063367125
-0.04702083333333334,0.12615675,-0.06503649166666667
-0.04513888888888889,0.12541144444444444,-0.06359896111111112
-0.047650000000000005,0.1313552,-0.06831380000000001
-0.045871951219512194,0.12985756097560974,-0.0662715756097561
-0.04702380952380952,0.13434095238095237,-0.0686578238095238
-0.04507894736842105,0.133995,-0.06722422631578948
-0.048,0.139531,-0.0720103
-0.04663392857142857,0.13812532142857142,-0.06930708214285715
-0.04475,0.13773836363636363,-0.06750641818181818
-0.04775,0.140306,-0.0722971
-0.045500000000000006,0.14167983333333334,-0.06963074166666666
-0.04425,0.140432,-0.0675893
-0.0445,0.144276,-0.0700222
-0.04275,0.0385852,0.01845875
-0.04107692307692308,0.0387289,0.020836992307692308
-0.04344230769230769,0.04204426923076923,0.019021215384615382
-0.041525000000000006,0.04201812666666667,0.021709463333333335
-0.044,0.0468469,0.0151885
-0.043263888888888886,0.04620652777777778,0.0181245
-0.04134259259259259,0.045806455555555556,0.021835355555555557
-0.043020833333333335,0.04902805,0.018419275000000002
-0.04183035714285715,0.05034563571428572,0.0218889
-0.0405,0.051297350000000005,0.02411895
-0.04328571428571428,0.05363631428571429,0.023174499999999997
-0.04145370370370371,0.05427512222222222,0.025709285185185185
-0.044,0.0562337,0.0239226
-0.042880434782608695,0.05782008695652174,0.026820991304347824
-0.04094117647058824,0.05823461764705882,0.02945558235294118
-0.04375,0.061518487499999996,0.0276272125
-0.04209090909090909,0.06207728484848485,0.02933682424242424
-0.04041666666666666,0.0622028,0.03267016666666667
-0.04365,0.06658522,0.02738838
-0.04207142857142857,0.06590901785714286,0.02994057857142857
-0.04042857142857143,0.06609975714285714,0.032705985714285714
-0.043392857142857136,0.06985845,0.027180678571428574
-0.041842105263157896,0.06992376842105263,0.02981494210526316
-0.040590909090909094,0.07024777272727273,0.03283102727272727
-0.044,0.0720389,0.0266979
-0.04279464285714286,0.07382366071428571,0.030241010714285716
-0.04096428571428572,0.07436180714285714,0.032768785714285716
-0.0435,0.07803817692307692,0.030927676923076925
-0.0414609375,0.0778983375,0.033268571875
-0.04341176470588235,0.08198691176470588,0.030483035294117646
-0.04141935483870968,0.0820587064516129,0.03340681290322581
-0.04353846153846153,0.08575574615384615,0.02963323076923077
-0.04156896551724138,0.0861190827586207,0.0334668275862069
-0.04344230769230769,0.09012911538461539,0.030157346153846153
-0.04150757575757576,0.08983090303030303,0.03343985151515152
-0.043875,0.0951764,0.0272105
-0.04252205882352941,0.09403643823529412,0.030168058823529412
-0.04070833333333334,0.09366839166666667,0.03286903333333333
-0.04308695652173913,0.09829595652173913,0.026082552173913042
-0.04128125,0.09783121666666666,0.029812029166666667
-0.043111111111111114,0.10272155555555557,0.02242078888888889
-0.04161607142857143,0.10189810714285714,0.025415232142857146
-0.04033333333333333,0.10067733333333333,0.0291279
-0.04379999999999999,0.106344,-0.0018140320000000001
-0.04289285714285714,0.10717642857142858,0.0015768065714285714
-0.04175,0.107922,0.005730125
-0.04175,0.10773,0.0150308
-0.04245,0.1061764,0.01812008
-0.0413625,0.10548035,0.021552889999999998
-0.043500000000000004,0.108523,-0.0013142879333333333
-0.04275,0.11014711111111111,0.0032731433333333337
-0.0415,0.1101535,0.0064771275
-0.040375,0.11135400000000001,0.008432044999999999
-0.040625,0.10957449999999999,0.01560735
-0.04045,0.109015,0.0172201
-0.04325,0.112386,-0.068551
-0.04257,0.11418484,-0.065531444
-0.04125,0.1156822,-0.06361323999999999
-0.04225,0.11418433333333333,-0.0005807183333333333
-0.04188636363636364,0.11375445454545453,0.0015142073272727272
-0.040942307692307695,0.113813,0.005570952307692307
-0.040375,0.1127985,0.008182085
-0.044,0.116424,-0.0641258
-0.042102564102564105,0.11806776923076924,-0.0626190564102564
-0.040375,0.1167705,-0.000169411
-0.04266964285714286,0.12180507142857143,-0.06174747857142857
-0.04077083333333333,0.12238558333333333,-0.05886736666666667
-0.04249242424242424,0.12589627272727272,-0.06181343636363636
-0.040535714285714286,0.12561914285714287,-0.0585351
-0.04292857142857143,0.13082804761904762,-0.06481336666666666
-0.041548076923076924,0.12945507692307692,-0.06310835000000001
-0.04025,0.128227,-0.059864
-0.0421474358974359,0.13429233333333335,-0.06558056923076923
-0.04025,0.13275,-0.063866
-0.04215,0.138138325,-0.06591943
-0.043875,0.143147,-0.06823660000000001
-0.04200657894736842,0.1419655,-0.06623314736842105
-0.042895833333333334,0.1457925,-0.06922854166666667
-0.04129761904761905,0.14557857142857142,-0.06677024761904762
-0.040875,0.148593,-0.0691745
-0.0405,0.1482365,-0.06753285
-0.03805,0.03826037142857143,0.022080748571428572
-0.03625,0.0397851,0.0240655
-0.039325,0.04108926,0.02344303
-0.03775833333333333,0.042299416666666666,0.02495941
-0.03991666666666666,0.04691443333333334,0.023341399999999998
-0.038156249999999996,0.045816065,0.025907935
-0.0365,0.04740325,0.0283683
-0.039875,0.048729400000000006,0.023487849999999998
-0.03875,0.04999825652173913,0.02615593913043478
-0.03688888888888889,0.050236555555555555,0.02970241666666667
-0.03936111111111111,0.05284476666666667,0.02722208888888889
-0.03825,0.054024499999999996,0.030624135000000004
-0.03697727272727273,0.054914836363636366,0.03262481818181818
-0.0395,0.05689025,0.0311017375
-0.03791666666666667,0.05823396111111111,0.03381179166666667
-0.03838571428571428,0.06181542857142858,0.03479786571428572
-0.03661111111111111,0.06270035555555556,0.03650458888888889
-0.03908,0.06595862000000001,0.034781940000000004
-0.037125,0.06619760909090909,0.03671435454545455
-0.038932692307692314,0.0699704076923077,0.03463304615384615
-0.036859375,0.06993604375,0.03672539375
-0.03917857142857143,0.07384978095238096,0.03507724761904762
-0.037211538461538456,0.07397155,0.03681338076923077
-0.039287499999999996,0.078149755,0.03532584
-0.03729464285714285,0.07810318928571428,0.03697311071428572
-0.03910869565217391,0.0821267043478261,0.0352787
-0.037052631578947365,0.08201256315789474,0.036999857894736844
-0.03910714285714286,0.08587788571428571,0.035389142857142855
-0.037169999999999995,0.085977184,0.036832279999999995
-0.039275,0.090192755,0.03537071
-0.03730357142857143,0.09005636785714285,0.036813025
-0.03866666666666667,0.09425985757575757,0.03465676666666667
-0.036774999999999995,0.09354825,0.03650749
-0.039400000000000004,0.09868052000000001,0.03137566
-0.03766428571428571,0.09762219428571428,0.03381793714285714
-0.0395625,0.10324775,0.0273204
-0.03829166666666667,0.10185644444444444,0.030154269444444444
-0.03665625,0.101000875,0.0327367875
-0.03983333333333333,0.10622566666666666,0.022166783333333332
-0.038625,0.10589020833333333,0.026562433333333333
-0.03688888888888889,0.1058521111111111,0.02922851111111111
-0.0395,0.111402,0.0159295
-0.03928571428571429,0.11029621428571428,0.018332392857142856
-0.038153846153846156,0.11031576923076923,0.022359446153846156
-0.03730555555555556,0.10957555555555556,0.02620558888888889
-0.0365,0.108513,0.02850565
-0.03975,0.11553799999999999,0.007131336666666666
-0.039,0.11436706666666667,0.009863656
-0.03925,0.1126752,0.015373580000000001
-0.03763333333333333,0.11410793333333333,0.017825113333333333
-0.03679545454545455,0.11332572727272727,0.021120845454545453
-0.03991666666666666,0.11726333333333333,-0.062461333333333334
-0.03896153846153846,0.11895992307692307,-0.05757726153846154
-0.0375,0.11987166666666667,-0.05576133333333333
-0.039875,0.1182175,-0.000570234
-0.03925,0.11828157142857143,0.0019153687142857143
-0.038625,0.11783516666666667,0.006855320833333334
-0.03741176470588235,0.11802317647058823,0.010266954117647059
-0.03675,0.11724140000000001,0.01398752
-0.0365,0.116602,0.018546649999999998
-0.03947916666666667,0.12196008333333334,-0.05666804166666667
-0.03755555555555556,0.1223777037037037,-0.05470384074074074
-0.0371,0.121377,-0.0005372427600000001
-0.03783333333333333,0.12034033333333334,0.00042448199999999995
-0.0366,0.12093419999999999,0.009170252
-0.03925,0.126400875,-0.05689241875
-0.03741666666666666,0.12583275,-0.05489771666666667
-0.039625,0.130685,-0.061704775
-0.03808653846153846,0.12988792307692307,-0.05760667692307692
-0.03667857142857143,0.1290507142857143,-0.055443828571428565
-0.0395,0.135071625,-0.064280325
-0.03816666666666667,0.1341418888888889,-0.0627008962962963
-0.036958333333333336,0.13305841666666665,-0.058410341666666664
-0.03929411764705883,0.13809082352941177,-0.06437083529411765
-0.03730434782608696,0.13828152173913044,-0.06326820869565218
-0.03944230769230769,0.14195253846153846,-0.06445347692307692
-0.037453703703703704,0.1421824814814815,-0.06237722592592593
-0.03929411764705883,0.1460453529411765,-0.06494781764705883
-0.03735227272727273,0.14592381818181818,-0.06154875454545455
-0.03625,0.146842,-0.0598965
-0.039625,0.14939,-0.0683912
-0.03870454545454546,0.14897818181818182,-0.06591927272727273
-0.03695,0.14928740000000001,-0.06177010000000001
-0.03625,0.148394,-0.0598993
-0.0335,0.0358206,0.0206434
-0.03431730769230769,0.037626361538461536,0.022764596153846153
-0.03369642857142857,0.03948990714285715,0.024690807142857145
-0.03434285714285714,0.042021522857142855,0.02644018
-0.0328,0.043545600000000004,0.02852522
-0.03566666666666666,0.0446978,0.027610966666666667
-0.03415909090909091,0.04606760909090909,0.02937631212121212
-0.03225,0.0473047,0.0419319
-0.034902173913043476,0.049515760869565224,0.030894591304347824
-0.03391666666666667,0.050896416666666666,0.03243971666666667
-0.03275,0.0497129375,0.043018975
-0.0324375,0.05130275,0.0448366
-0.035875,0.05236905,0.0317842
-0.03459090909090909,0.05412522121212121,0.03401519090909091
-0.03270454545454546,0.05397999090909091,0.04592962727272727
-0.03514285714285714,0.05739187142857143,0.035487121428571425
-0.033738636363636366,0.05866396818181818,0.03686087727272727
-0.03253125,0.0574001875,0.0472013875
-0.034125,0.06208613958333333,0.03794560625
-0.03415,0.06603258,0.03885122
-0.03433139534883721,0.06987328139534883,0.03884781395348837
-0.032350000000000004,0.0702166,0.04011148
-0.034499999999999996,0.07413711025641026,0.0387943
-0.0325,0.07411473333333334,0.040250522222222224
-0.034646551724137935,0.07794246206896552,0.038981393103448274
-0.03265909090909091,0.07822707272727272,0.04030829090909091
-0.03483064516129032,0.0818052,0.03905275483870967
-0.03283823529411765,0.08207615882352941,0.04044244117647059
-0.03466428571428571,0.08609551142857143,0.03887145142857143
-0.03267307692307692,0.08609803846153846,0.04033339230769231
-0.03428205128205128,0.09005890769230769,0.038777674358974355
-0.032375,0.08898185,0.04005235
-0.034090425531914895,0.0938482170212766,0.03818159574468085
-0.035180555555555555,0.09851582222222223,0.035419950000000006
-0.03349166666666667,0.09761293333333333,0.03702567666666667
-0.036,0.103699,0.0316759
-0.03419318181818182,0.10214904545454545,0.03433236136363637
-0.0325,0.10067366666666666,0.0363766
-0.03492708333333334,0.10672558333333333,0.031039716666666665
-0.03335869565217391,0.10561339130434781,0.0330331652173913
-0.035699999999999996,0.1114112,0.02652814
-0.034020833333333333,0.10996994444444445,0.029980405555555558
-0.032375,0.10837050000000001,0.0321916
-0.03523214285714286,0.11487757142857144,0.022072985714285714
-0.0340625,0.11392519999999999,0.025922849999999997
-0.033107142857142856,0.11293521428571429,0.02893084285714286
-0.036,0.119879,0.0115049
-0.035449999999999995,0.11901500000000001,0.01467804
-0.03535714285714286,0.11798085714285714,0.019302942857142857
-0.03370833333333333,0.1178599,0.022051446666666665
-0.032625,0.1165385,0.0243905
-0.03525,0.12279207692307693,-0.05270183846153846
-0.033343750000000005,0.12361875,-0.05151285
-0.035057692307692304,0.1222313076923077,0.010227483846153847
-0.03366666666666667,0.12182533333333334,0.014222199999999999
-0.033625,0.12060199999999999,0.019127449999999997
-0.0328,0.12059800000000001,0.02057534
-0.03523611111111111,0.12629677777777779,-0.05286411111111111
-0.03326136363636364,0.1261303181818182,-0.051101940909090905
-0.033,0.1247658,0.009726452
-0.03275,0.124328,0.013092900000000001
-0.03453225806451613,0.13012341935483873,-0.05361436451612903
-0.03261111111111111,0.12964766666666666,-0.05143522222222222
-0.03575,0.135949,-0.0610187
-0.035124999999999997,0.1343299375,-0.05699496875
-0.0335,0.133442125,-0.05454175416666667
-0.03518421052631579,0.13835015789473684,-0.061353357894736844
-0.03341346153846154,0.137858,-0.05800434230769231
-0.0325,0.1361135,-0.0555982
-0.03539583333333333,0.14172191666666667,-0.060434491666666666
-0.033544642857142856,0.14240632142857143,-0.05895123928571428
-0.036,0.144512,-0.0600352
-0.034102564102564105,0.14613143589743588,-0.058783115384615385
-0.03566666666666666,0.15122133333333335,-0.060807966666666664
-0.03397297297297298,0.1498666756756757,-0.05853661351351352
-0.034375,0.152636,-0.06126235
-0.033218750000000005,0.152584875,-0.058640125
-0.031125,0.035918575,0.021563075
-0.030874999999999996,0.03715272,0.02300208
-0.030065789473684212,0.03879174736842105,0.02544147894736842
-0.03103125,0.040556825,0.02718775
-0.03025,0.042049315384615385,0.029433257692307695
-0.02875,0.04351,0.03946845
-0.031875,0.04506945,0.03014605
-0.0304375,0.044759125,0.03952895
-0.029949999999999997,0.045971495,0.042074635
-0.02890625,0.0471967125,0.045323550000000004
-0.0315625,0.0483267,0.043323725
-0.030554347826086955,0.049758065217391304,0.046268317391304346
-0.029,0.05065437692307692,0.048946500000000004
-0.03175,0.05326491428571429,0.04724215714285714
-0.0301484375,0.05388455625,0.049547321875
-0.02866666666666667,0.05491866666666667,0.05261311666666666
-0.032,0.05842136666666666,0.0478424
-0.03082291666666667,0.057945525,0.0499176
-0.028934210526315788,0.05809331578947368,0.053361810526315785
-0.0315,0.06224333636363637,0.03934781818181818
-0.0305,0.063326,0.0400291
-0.030683333333333333,0.06173222,0.049896220000000005
-0.02905681818181818,0.06193243181818182,0.05325585454545454
-0.031625,0.064362875,0.039839725
-0.030236486486486483,0.0662051081081081,0.0406079972972973
-0.029,0.06522460000000001,0.050964277777777775
-0.028375,0.06482740000000001,0.05306975
-0.030125,0.07010702916666667,0.04129447708333333
-0.0301,0.0739990625,0.0416649225
-0.030125,0.07786065416666667,0.04168142083333334
-0.030125,0.08208553541666667,0.04185306666666667
-0.03022674418604651,0.08607597674418604,0.041635744186046514
-0.032,0.09073995,0.039863350000000006
-0.029959302325581392,0.0898461046511628,0.041130562790697676
-0.031433333333333334,0.09436119333333333,0.03960852666666667
-0.02953030303030303,0.09378905757575758,0.04073985454545455
-0.030333333333333334,0.09830405476190476,0.03888717857142857
-0.02866666666666667,0.09691536666666667,0.04031515
-0.03158333333333333,0.10347183333333333,0.03563843333333334
-0.029986842105263155,0.10190255263157895,0.03762975263157895
-0.030657407407407408,0.10629811111111111,0.0348629037037037
-0.029014705882352942,0.10523276470588235,0.03681618235294118
-0.03157142857142857,0.1108352857142857,0.03159621428571428
-0.029878048780487807,0.10969521951219513,0.0335794
-0.03175,0.115635,0.0277556
-0.030244047619047622,0.11411964285714286,0.03036090238095238
-0.028800000000000003,0.1126012,0.032553860000000004
-0.03145,0.119439,0.023443540000000002
-0.030191176470588235,0.11819476470588235,0.02581360294117647
-0.029138888888888888,0.11679800000000001,0.0287035
-0.03105,0.1232512,0.015139259999999998
-0.0295,0.1234046,0.01854326
-0.030094827586206897,0.1216953448275862,0.021979920689655173
-0.0288125,0.12067225000000001,0.024430425
-0.03038333333333333,0.12671106666666668,-0.049387893333333335
-0.030214285714285714,0.1266564285714286,0.008907748571428571
-0.029885416666666668,0.12550466666666668,0.014250487499999999
-0.028583333333333336,0.12471533333333333,0.0163737
-0.0301,0.13013312500000002,-0.0498044125
-0.030907894736842106,0.13449268421052632,-0.05282513684210527
-0.029464285714285714,0.13339166666666666,-0.05101547142857143
-0.031593750000000004,0.139087125,-0.056387775
-0.02989864864864865,0.1376987297297297,-0.05426678918918919
-0.03133333333333333,0.142117,-0.05662589333333334
-0.02932142857142857,0.14214996428571428,-0.05492034285714286
-0.031316666666666666,0.14650253333333332,-0.05657618666666667
-0.029449999999999997,0.14595508000000001,-0.055237864
-0.03085,0.1500072,-0.056700024
-0.02885,0.15002853333333332,-0.05559276666666667
-0.030187500000000003,0.153351625,-0.05721439166666667
-0.028583333333333336,0.15260133333333334,-0.055815866666666665
-0.02725,0.038655166666666664,0.027026066666666668
-0.0275,0.039558,0.028800766666666668
-0.02766666666666667,0.04060986666666667,0.029729466666666666
-0.026000000000000002,0.04166515,0.0388067
-0.025828947368421052,0.04295433684210526,0.04171583684210527
-0.02725,0.044825300000000005,0.043121650000000004
-0.026197368421052632,0.04582256842105263,0.04650706315789474
-0.025386363636363637,0.04698203636363636,0.04902982727272727
-0.02649193548387097,0.049569809677419356,0.05055127096774194
-0.025249999999999998,0.05098861538461538,0.05281757692307692
-0.02775,0.0525148,0.051852
-0.02616216216216216,0.05398676756756757,0.05432802702702702
-0.0244375,0.055213,0.056235375
-0.02692857142857143,0.05785841071428571,0.055111621428571435
-0.025039473684210528,0.05839147894736842,0.05652732105263157
-0.027411764705882354,0.06213790588235294,0.05526054705882353
-0.02535576923076923,0.06197202692307692,0.05702041538461538
-0.02775,0.06748303333333333,0.042063833333333335
-0.027583333333333335,0.06736116666666667,0.051474566666666666
-0.026770000000000002,0.06609580799999999,0.054688971999999995
-0.02505,0.06543297000000001,0.056813855
-0.026723214285714284,0.07019077857142857,0.0431509
-0.024500000000000004,0.07117230000000001,0.04418473333333334
-0.026000000000000002,0.06935994,0.051470119999999994
-0.02511666666666667,0.06908996666666667,0.054356173333333334
-0.02425,0.0682248,0.056194
-0.02666666666666667,0.07378627575757576,0.04343788181818182
-0.024714285714285716,0.07401822857142858,0.04428571428571428
-0.026875,0.07800610000000001,0.04345748333333333
-0.024875,0.07808442222222223,0.04441375555555556
-0.027,0.08218257037037037,0.04355547777777778
-0.024999999999999998,0.08193553529411765,0.04436252941176471
-0.026681034482758617,0.08619418965517242,0.04348994827586207
-0.024816666666666667,0.08534391999999999,0.044324173333333335
-0.026164893617021276,0.08995151063829787,0.04301827872340425
-0.02425,0.0882312,0.0441243
-0.026125,0.09411448124999999,0.04243802083333333
-0.0275625,0.099775575,0.039809375
-0.02606707317073171,0.09798994146341462,0.04120047317073171
-0.026571428571428572,0.10235632142857143,0.03938068928571429
-0.025,0.10112613333333333,0.04040430666666666
-0.026125,0.10587758333333334,0.03812872916666667
-0.026490740740740742,0.11074577777777778,0.03516081111111111
-0.025654761904761902,0.10905057142857141,0.036587
-0.02705,0.11539809999999999,0.03145263
-0.025881578947368422,0.11378434210526316,0.03331008947368421
-0.026833333333333334,0.119663,0.027085333333333333
-0.02596153846153846,0.11788551282051281,0.02975975384615385
-0.02669736842105263,0.12318284210526316,0.022617626315789473
-0.025865384615384616,0.12142696153846154,0.02546471153846154
-0.027333333333333334,0.127626,-0.04823876666666666
-0.02525,0.1279165,-0.04731215
-0.026883333333333332,0.12725426666666667,0.014338253333333334
-0.0260625,0.12572291666666666,0.017198016666666666
-0.0249375,0.124529375,0.02177755
-0.027083333333333334,0.13079659999999999,-0.048419486666666664
-0.02551,0.12984724,-0.047451952000000006
-0.025375,0.128989125,0.01092805
-0.0249,0.1281558,0.013786719999999999
-0.02615,0.13398425,-0.0497105125
-0.026375000000000003,0.13823989285714286,-0.05270268928571429
-0.025458333333333333,0.136627,-0.05137885833333333
-0.026125,0.141964375,-0.05355703333333334
-0.02615,0.14619169999999998,-0.054334364999999996
-0.0261,0.1500529,-0.05434424
-0.02618181818181818,0.15457945454545455,-0.05667970909090909
-0.026022727272727274,0.1530574090909091,-0.05520470909090909
-0.02025,0.037994,0.0343425
-0.02146875,0.039554149999999996,0.0381612375
-0.022583333333333334,0.040438933333333336,0.039538866666666665
-0.02238235294117647,0.041602241176470586,0.04203573529411765
-0.02153846153846154,0.04306064615384615,0.04574754615384616
-0.02325,0.044282925,0.0470757
-0.022233333333333334,0.04596368666666666,0.05017016333333334
-0.021,0.047426649999999994,0.052528083333333336
-0.02375,0.0482841,0.0517447
-0.02222794117647059,0.04978724117647059,0.05413193235294118
-0.020900000000000002,0.051420900000000005,0.05637183999999999
-0.023583333333333335,0.05265053333333333,0.05557541666666666
-0.021916666666666668,0.05428513095238095,0.05733577619047619
-0.02215,0.058015225000000004,0.0583400025
-0.022125000000000002,0.061871670833333337,0.05884997916666667
-0.022125000000000002,0.06599823333333334,0.05852772916666666
-0.0235,0.0714312,0.0444814
-0.024,0.071317,0.0515216
-0.022723684210526313,0.07076557368421052,0.05509307368421052
-0.021651785714285714,0.06937859285714286,0.05724085714285714
-0.02224431818181818,0.07408520227272727,0.04516685681818182
-0.021225,0.07254586,0.05380197999999999
-0.022125000000000002,0.07816886041666667,0.045444885416666664
-0.02215,0.082005415,0.04523492
-0.022125000000000002,0.08583820416666667,0.04496693958333334
-0.02363888888888889,0.09072787777777777,0.0439284
-0.021775641025641026,0.0898560794871795,0.04453681538461538
-0.02253125,0.094724903125,0.043565040625
-0.0213125,0.0931785,0.04416810625
-0.0221,0.09801170000000001,0.04253593
-0.022125000000000002,0.10179666666666666,0.04090575416666666
-0.02225,0.10612793023255813,0.039127306976744186
-0.02105,0.1043712,0.040170319999999995
-0.02295833333333333,0.111662,0.035755133333333335
-0.022005952380952383,0.10984040476190476,0.03706922619047619
-0.022125000000000002,0.114186375,0.03415684583333333
-0.02224342105263158,0.11846681578947367,0.03047526842105263
-0.022,0.11658385714285714,0.032294828571428576
-0.022220588235294117,0.12226229411764707,0.026032467647058827
-0.021472222222222222,0.12045,0.02855456666666667
-0.022342105263157896,0.1268954736842105,0.017431542105263157
-0.022125000000000002,0.12509796153846153,0.022325134615384615
-0.02075,0.12409300000000001,0.0242074
-0.022222222222222223,0.13042438888888888,-0.04637686666666666
-0.022116666666666666,0.13010766666666665,0.010219780000000001
-0.022132352941176468,0.12880276470588234,0.01427154705882353
-0.021,0.12810925,0.016199975
-0.022395833333333334,0.13471708333333335,-0.04883196666666667
-0.02178125,0.13300125000000002,-0.0474267125
-0.0234375,0.13910925000000002,-0.0521436
-0.02195138888888889,0.13765405555555554,-0.05066322777777778
-0.02227906976744186,0.14217341860465116,-0.05275152790697674
-0.020800000000000003,0.14039839999999998,-0.05152508
-0.02215,0.14621665,-0.0532214775
-0.0221,0.150073025,-0.05331331
-0.02245,0.1552641,-0.05700003
-0.02205,0.15344490000000002,-0.05472795666666667
-0.01865,0.03781894,0.035383160000000004
-0.017865384615384616,0.03861036923076923,0.038098599999999996
-0.01675,0.0393487,0.04042945
-0.018233333333333334,0.040602900000000004,0.0424731
-0.0182,0.04230832666666667,0.046181
-0.01775,0.043617090000000004,0.04882775
-0.018342105263157892,0.04518962631578947,0.050824931578947366
-0.017976190476190475,0.0471339619047619,0.053263957142857137
-0.01822058823529412,0.0490513294117647,0.05521868823529412
-0.018010869565217393,0.05092785652173913,0.05674517391304348
-0.018227272727272727,0.054036322727272726,0.05826555681818182
-0.018205128205128204,0.057767656410256406,0.05947238205128206
-0.016800000000000002,0.05929024000000001,0.060118099999999994
-0.019382352941176472,0.061732282352941176,0.05977784117647059
-0.01743548387096774,0.06212446451612903,0.06028085483870968
-0.019075,0.066651295,0.059676715000000005
-0.01744642857142857,0.06575606428571429,0.06029097142857143
-0.018125,0.07013582291666666,0.058303147916666666
-0.018241379310344828,0.074842,0.04625216206896552
-0.018125,0.07330518181818181,0.05459893636363636
-0.017249999999999998,0.07241742,0.056535760000000004
-0.018125,0.07822530208333334,0.046133483333333336
-0.01815,0.0820515,0.0458104575
-0.018125,0.08587469583333333,0.045433552083333335
-0.018125,0.09006277083333332,0.044998100000000006
-0.01935,0.09583656,0.04379976
-0.018017857142857144,0.09401787142857143,0.044380469047619046
-0.018147435897435896,0.09809306153846153,0.043199541025641025
-0.016375,0.09634975000000001,0.044067300000000004
-0.018125,0.101840125,0.041578739583333336
-0.01825,0.10681885714285713,0.039449142857142856
-0.01795,0.10481199999999999,0.040418705
-0.018125,0.110103625,0.03752464166666667
-0.01817391304347826,0.11428497826086956,0.03455421956521739
-0.017,0.112506,0.0360104
-0.01825,0.11854834615384614,0.030931834615384617
-0.017964285714285714,0.11690014285714286,0.03249495714285714
-0.018267241379310344,0.12250155172413793,0.026508944827586207
-0.017907894736842105,0.12051715789473685,0.028907515789473686
-0.0185,0.1273371,0.01863958
-0.018033333333333335,0.12573773333333332,0.022016126666666667
-0.018,0.12410875,0.0245567125
-0.018241379310344828,0.1307824827586207,-0.045634299999999996
-0.017727272727272727,0.1309828181818182,0.010019389090909091
-0.018195652173913043,0.12951204347826087,0.014033539130434782
-0.017944444444444443,0.128228,0.01711711111111111
-0.018722222222222223,0.13539577777777778,-0.04829012222222222
-0.017983870967741934,0.13367387096774194,-0.04703544838709677
-0.018099999999999998,0.13783755,-0.04950602
-0.01911111111111111,0.14349355555555554,-0.05239234444444444
-0.017897435897435896,0.1416844358974359,-0.051012774358974354
-0.018364285714285715,0.14621291428571428,-0.05240665142857143
-0.01665,0.1464006,-0.05190550000000001
-0.018229729729729728,0.15019143243243244,-0.05258644324324324
-0.0165,0.14881633333333333,-0.05186179999999999
-0.01825,0.155426375,-0.05650435
-0.018125,0.1535289375,-0.0543249625
-0.017249999999999998,0.15617540000000002,-0.058171780000000006
-0.015,0.0366894,0.0354868
-0.013916666666666667,0.037765228571428576,0.037943785714285715
-0.01425,0.039408825,0.0410002375
-0.014,0.0403704,0.043408275
-0.014125,0.04171973125,0.0461795625
-0.014125,0.043431237500000004,0.049072225
-0.014125,0.045076056249999996,0.051334175
-0.014166666666666668,0.04707692916666667,0.053685225
-0.01440909090909091,0.048852990909090906,0.055444763636363636
-0.013982758620689654,0.05067350344827586,0.05692330689655172
-0.01415,0.05387477,0.058546575000000003
-0.014141304347826086,0.056721578260869564,0.059606717391304354
-0.014110000000000001,0.05883527200000001,0.060280816
-0.014125,0.062040647916666664,0.06070780208333334
-0.014125,0.06617310833333333,0.06054248125
-0.014103658536585366,0.07048070975609756,0.05890305365853659
-0.01425,0.06855198571428571,0.06006708571428571
-0.014083333333333335,0.0751138125,0.04661514583333334
-0.014166666666666668,0.07365242500000001,0.054593108333333334
-0.014,0.0724495,0.0569345
-0.014125,0.078244175,0.04636388958333334
-0.01415,0.0820728775,0.046077560000000004
-0.014125,0.08589835624999999,0.045735791666666664
-0.014125,0.09009126041666667,0.04537725
-0.014099999999999998,0.0939309775,0.044809665
-0.014241379310344826,0.0985410827586207,0.04351424827586207
-0.013947368421052632,0.09652472631578947,0.04417794210526316
-0.014125,0.10187918750000001,0.042182843750000004
-0.014220588235294117,0.10732241176470589,0.039600570588235295
-0.014072580645161292,0.10528729032258065,0.040639664516129034
-0.014125,0.110119125,0.037794772916666663
-0.014099999999999998,0.114563475,0.0345549775
-0.01425,0.112508625,0.0360580625
-0.014166666666666668,0.118667375,0.03111686666666667
-0.014125,0.1169605,0.03268108125
-0.014166666666666668,0.12275254166666666,0.026564641666666666
-0.014083333333333335,0.12071025,0.029003091666666665
-0.01425,0.127501375,0.01909025
-0.014125,0.12581834375,0.02220043125
-0.014,0.12412175,0.024858375
-0.014083333333333335,0.13105320833333334,-0.045456595833333335
-0.014125,0.1311584375,0.0102508275
-0.014138888888888888,0.12972266666666668,0.014010577777777776
-0.014107142857142858,0.12846435714285714,0.017242785714285714
-0.01415,0.13407229999999998,-0.046971845
-0.014099999999999998,0.1378596,-0.04874998
-0.014125,0.1420509375,-0.050204439583333337
-0.01415,0.14626265,-0.0511704925
-0.01528125,0.15115375,-0.052234125
-0.0138046875,0.14985040625,-0.05113064375
-0.016,0.155433,-0.0560584
-0.014229166666666666,0.15398975,-0.05370138611111111
-0.012583333333333334,0.15267733333333333,-0.0514398
-0.0155,0.156195,-0.05684465
-0.0125,0.156221,-0.0550608
-0.011,0.03595615,0.03529785
-0.009875,0.036373925,0.0358681
-0.010223684210526315,0.03765091052631579,0.03817614736842105
-0.01025,0.039229181818181816,0.04113330909090909
-0.01,0.040396975,0.043661925000000004
-0.010125,0.041745225,0.0464252625
-0.010125,0.043447031250000004,0.04922229375
-0.010029411764705884,0.04512230588235294,0.05118211764705882
-0.010239130434782608,0.04707527826086956,0.05337256086956522
-0.009892857142857144,0.0489584,0.05540622142857143
-0.010211538461538463,0.050801119230769236,0.05686064230769231
-0.01005232558139535,0.05399848837209302,0.058328116279069774
-0.009990740740740741,0.057179059259259264,0.05952161851851852
-0.010555555555555556,0.059042472222222225,0.06026185
-0.010125,0.062030456250000005,0.06059529375
-0.009194444444444444,0.06683208333333333,0.05972423888888889
-0.010683333333333333,0.06571562666666667,0.06031749333333333
-0.010125,0.07015664791666666,0.05855553333333333
-0.009948529411764705,0.07464462941176471,0.04666848529411765
-0.010296875,0.073193625,0.0548372125
-0.0105,0.07241131666666666,0.05645981666666666
-0.010125,0.07824675833333333,0.046395677083333337
-0.010150000000000001,0.0820878975,0.04626517
-0.010125,0.08591740208333333,0.04597969166666666
-0.010125,0.09011258333333333,0.04566095416666666
-0.010100000000000001,0.093950175,0.0450768725
-0.010220588235294117,0.09908355882352941,0.04363182941176471
-0.010072580645161292,0.09703859032258065,0.044307932258064515
-0.010125,0.10189845833333333,0.04247959791666667
-0.010125,0.10739399999999999,0.039753949999999996
-0.010125,0.1053365,0.040880171875
-0.010125,0.11012447916666666,0.03788480625
-0.010100000000000001,0.11456575,0.0345962675
-0.01025,0.112513,0.0361375
-0.010166666666666666,0.11866829166666666,0.031138045833333336
-0.010125,0.1169641875,0.03275256875
-0.010166666666666666,0.12275133333333334,0.026538179166666665
-0.010083333333333333,0.12070916666666666,0.02898192083333333
-0.01025,0.127497875,0.019010875
-0.010125,0.12581375,0.022093275
-0.01,0.1241155,0.0247154875
-0.00998076923076923,0.13093307692307693,-0.04551723076923077
-0.01032142857142857,0.13110192857142858,0.010145432142857142
-0.010125,0.12984081249999999,0.0139195875
-0.010125,0.128505,0.0169615
-0.009,0.13557,-0.048179433333333334
-0.010243243243243244,0.1339431891891892,-0.04711681351351352
-0.010100000000000001,0.13786062500000001,-0.04871075
-0.010125,0.14206772916666668,-0.049541637500000006
-0.010342857142857143,0.14612574285714286,-0.049426502857142854
-0.008799999999999999,0.14757579999999998,-0.04742706
-0.011144736842105263,0.15007442105263158,-0.04906498947368421
-0.009154761904761905,0.15027414285714286,-0.04669994285714286
-0.0118125,0.15490775,-0.0525612
-0.011033333333333334,0.1537858,-0.049672020000000004
-0.009202380952380953,0.15400423809523808,-0.04662390952380952
-0.011333333333333334,0.156506,-0.05311083333333333
-0.01003125,0.15755049999999998,-0.0501583875
-0.008839285714285714,0.15760585714285713,-0.04717442857142857
-0.008375,0.160586,-0.04850965
-0.0068125,0.036813200000000004,0.03497905
-0.006384615384615385,0.038143038461538464,0.038333846153846156
-0.00625,0.0394372125,0.041269775
-0.0057272727272727275,0.04052655454545455,0.043056109090909095
-0.0060875,0.04217478,0.04614332
-0.006583333333333333,0.043582744444444446,0.04864972222222222
-0.006009259259259259,0.045529559259259264,0.05081007407407407
-0.0064423076923076925,0.047416638461538464,0.0527822
-0.005833333333333334,0.04952239259259259,0.05496634074074074
-0.006653846153846153,0.051192138461538465,0.05645753076923077
-0.006124999999999999,0.05411050416666666,0.057415943750000004
-0.00615,0.0580628925,0.0588442225
-0.00579375,0.061932895,0.0593321
-0.00778125,0.061896275,0.0600701
-0.006124999999999999,0.06602551041666667,0.05884268541666667
-0.0049,0.07145754,0.0464372
-0.005636363636363636,0.07119764545454545,0.05472647272727272
-0.006319444444444444,0.0696088138888889,0.057525324999999995
-0.006054347826086957,0.07411898913043478,0.04636896956521739
-0.0072499999999999995,0.07246493333333333,0.0542415
-0.006124999999999999,0.07822549166666666,0.04613613333333333
-0.00615,0.08207210499999999,0.046068027500000004
-0.006124999999999999,0.08590121041666667,0.04577291458333333
-0.006124999999999999,0.09010978541666666,0.04562383541666667
-0.0060999999999999995,0.09394879749999999,0.04505778
-0.005852272727272728,0.0988188,0.04354318636363636
-0.006355769230769231,0.09685439615384615,0.04429279230769231
-0.006124999999999999,0.10189058333333334,0.04236036666666667
-0.006125,0.10738281250000001,0.03956325
-0.006125,0.10533253125,0.0408165875
-0.006124999999999999,0.11011345833333334,0.03769678333333334
-0.006035714285714286,0.11445999999999999,0.03452142857142857
-0.00675,0.112506,0.0360104
-0.0059722222222222225,0.11870048148148148,0.03071112962962963
-0.00625,0.1169328,0.032602693333333335
-0.00607258064516129,0.12241338709677418,0.026262248387096773
-0.00645,0.12046280000000001,0.028822746666666666
-0.005928571428571429,0.1271812142857143,0.018886564285714284
-0.0060999999999999995,0.12535376666666667,0.022088646666666666
-0.007,0.124093,0.0242074
-0.006068181818181819,0.13059133333333334,-0.046036742424242424
-0.006027777777777778,0.1306277777777778,0.010213511111111111
-0.006190476190476191,0.12945033333333333,0.014154047619047618
-0.006166666666666667,0.12821933333333335,0.016905444444444445
-0.005869047619047619,0.1348680476190476,-0.04839575714285714
-0.006460526315789474,0.133131,-0.04731992105263158
-0.0060999999999999995,0.137844675,-0.049256385
-0.006168604651162791,0.14184113953488373,-0.04964545813953489
-0.00625,0.14462813333333333,-0.048630639999999996
-0.006125,0.1467604642857143,-0.04606625357142857
-0.00475,0.1479645,-0.04356085
-0.007395833333333333,0.14979091666666666,-0.04480005833333334
-0.005592592592592593,0.15042596296296296,-0.04240425185185185
-0.00425,0.151862,-0.0397849
-0.008,0.15406699999999998,-0.045067833333333335
-0.006630434782608696,0.1538505652173913,-0.04197147826086956
-0.0049642857142857145,0.15460071428571429,-0.039014714285714285
-0.007065789473684211,0.15815105263157894,-0.04535419473684211
-0.005555555555555556,0.15837800000000002,-0.04244512222222222
-0.005045454545454546,0.1572381818181818,-0.03765854545454545
-0.00425,0.15803,-0.0358274
-0.007019230769230769,0.16136669230769232,-0.04558202307692308
-0.005202380952380952,0.16177904761904763,-0.042677771428571425
-0.0047954545454545455,0.165135,-0.04180840909090909
-0.0020625,0.039062075,0.03827331666666667
-0.004,0.0393487,0.0404295
-0.00184,0.041254624,0.04183545600000001
-0.002846153846153846,0.04294506153846153,0.04567957692307693
-0.0012142857142857144,0.04447618571428572,0.0469936
-0.0022580645161290325,0.04615911612903226,0.04984862903225807
-0.00375,0.0476425,0.05234725
-0.0009166666666666666,0.048479633333333334,0.051363783333333336
-0.0023088235294117646,0.05009336764705882,0.053685858823529414
-0.0016357142857142857,0.05367078285714286,0.05507032285714286
-0.003442307692307692,0.05457929230769231,0.05646141538461538
-0.0006944444444444445,0.057376777777777783,0.05567155555555556
-0.002392857142857143,0.058231762857142856,0.05706789714285714
-0.0006458333333333333,0.06242345833333333,0.0553657
-0.0026838235294117645,0.06179569705882353,0.057564826470588235
-0.000375,0.06750395000000001,0.04365055
-0.001,0.0678932,0.0440953
-0.00075,0.0678498,0.0517553
-0.0010833333333333333,0.06637127777777778,0.054371894444444444
-0.002853448275862069,0.06564050344827586,0.05730312068965517
-0.00046428571428571433,0.06977754285714285,0.043880414285714285
-0.0022403846153846154,0.07041349615384615,0.04487553461538462
-0.00225,0.0692379,0.051677799999999996
-0.0028636363636363638,0.06903225454545454,0.05452688181818182
-0.0036249999999999998,0.0686073,0.05661435
-0.0021249999999999997,0.0739398,0.045141597916666665
-0.0021249999999999997,0.07816602916666666,0.045410460416666666
-0.00215,0.08200571,0.045238089999999995
-0.0021249999999999997,0.085844075,0.045043864583333336
-0.0021249999999999997,0.09006815,0.04506969375
-0.0011041666666666667,0.09532067500000001,0.04366360833333333
-0.0023897058823529414,0.09375926176470589,0.04444316764705882
-0.0020576923076923077,0.09808301794871796,0.04305276666666667
-0.00375,0.09623646666666667,0.044130833333333334
-0.0021249999999999997,0.10185772916666667,0.041851637500000004
-0.0018666666666666666,0.10666266666666666,0.03898617333333333
-0.0025555555555555557,0.10480522222222223,0.04056351666666666
-0.0013124999999999999,0.111592,0.035564399999999996
-0.0022875,0.109765475,0.037208035
-0.0021249999999999997,0.11418383333333333,0.03410918958333333
-0.0007500000000000001,0.11993066666666667,0.027678599999999998
-0.0021346153846153845,0.11839623076923078,0.030070061538461534
-0.0027500000000000003,0.11658799999999998,0.0323735
-0.001142857142857143,0.12332871428571428,0.02331937142857143
-0.00225,0.12179527272727271,0.025683484848484848
-0.004,0.120663,0.0280186
-0.0005,0.127885,-0.0481679
-0.0005,0.127354,0.0155659
-0.0019642857142857144,0.12673299999999998,0.018112980952380953
-0.0024,0.12487947999999999,0.021645588
-0.0008214285714285714,0.13127914285714287,-0.0484379
-0.002371212121212121,0.12999563636363637,-0.047099133333333335
-0.00025,0.129235,0.00794318
-0.00234375,0.12981025,0.01087946625
-0.0021666666666666666,0.12867094444444444,0.014082444444444444
-0.0034999999999999996,0.128117,0.016390500000000002
-0.0020657894736842105,0.13408134210526315,-0.049202007894736846
-0.00375,0.13251249999999998,-0.0476756
-0.0004375,0.13872275,-0.052178674999999994
-0.0022847222222222223,0.13770144444444446,-0.050500830555555556
-0.0004166666666666667,0.14160999999999999,-0.05232593333333333
-0.002369047619047619,0.14209411904761904,-0.0506418380952381
-0.0022500000000000003,0.14475475,-0.0497805875
-0.0021249999999999997,0.14623535000000001,-0.045534515
-0.002125,0.14772074999999998,-0.043049175
-0.0026249999999999997,0.1493578125,-0.04092301875
-0.001815217391304348,0.15096121739130436,-0.038231004347826086
-0.00025,0.151934,-0.0356825
-0.00325,0.1538115,-0.0372456375
-0.001456521739130435,0.15443434782608695,-0.034424308695652175
-0.0005,0.155794,-0.0317742
-0.0034999999999999996,0.15949649999999999,-0.0422272
-0.00375,0.156494,-0.0360932
-0.0029305555555555556,0.1577578888888889,-0.03374998888888889
-0.001161764705882353,0.15819435294117645,-0.029930105882352943
-0.000375,0.159282,-0.02753225
-0.003180555555555556,0.16153333333333333,-0.04095898888888889
-0.001355263157894737,0.16238347368421052,-0.0391283
-0.001,0.160415,-0.0290884
-0.003916666666666666,0.165195,-0.04030003333333334
-0.0019527027027027026,0.16576764864864865,-0.03830083243243243
-0.00188,0.16934587999999998,-0.037332571999999994
-0.00046428571428571433,0.17059085714285716,-0.03558795714285714
-0.001,0.172683,-0.036561
-0.000375,0.1730695,-0.0352794
0.0034999999999999996,0.0350101,0.01981915
0.00215,0.03554794,0.02079578
0.0031111111111111114,0.037213899999999994,0.02168558888888889
0.0032500000000000003,0.0393952,0.0272366
0.00125,0.0395803,0.0358619
0.0005,0.0397529,0.03751065
0.00325,0.0401656,0.0277431
0.00375,0.040205,0.0281235
0.00275,0.0409266,0.0350982
0.0020666666666666667,0.04162545333333333,0.03864827333333333
0.0011527777777777777,0.04292284444444444,0.04106212777777778
0.00375,0.0442522,0.0397838
0.0026875,0.0448208125,0.041906399999999996
0.001943181818181818,0.046358886363636366,0.04634322272727273
0.0009583333333333333,0.04738030000000001,0.04864345
0.0036249999999999998,0.04888705,0.04725195
0.0018680555555555557,0.04996605277777778,0.05002105833333333
0.00035,0.05147152000000001,0.05267196
0.0031833333333333336,0.05373463333333333,0.05097914666666667
0.0012211538461538462,0.05419109615384616,0.05331120769230769
0.0036499999999999996,0.058084939999999995,0.05171426
0.0016250000000000001,0.05795581428571429,0.05404146428571428
0.00325,0.062722325,0.041138625
0.0029545454545454545,0.062036745454545454,0.051254272727272725
0.001265625,0.06185840625,0.05391985
0.00215,0.06619422999999999,0.042306685
0.001,0.0655099,0.05157126666666667
0.0004285714285714286,0.06506135714285714,0.052898742857142855
0.0019,0.0699017575,0.042993625
0.0022162162162162164,0.07349045405405405,0.04351291351351352
0.0007272727272727273,0.07492083636363636,0.044301881818181815
0.0030789473684210526,0.07811292631578948,0.043635136842105265
0.001086206896551724,0.07803536551724138,0.044552727586206896
0.002603448275862069,0.08221953793103448,0.04368190344827587
0.0005892857142857143,0.08169018571428573,0.044424142857142856
0.0031538461538461538,0.08577907692307692,0.043866746153846156
0.0012265625,0.085949540625,0.04443165
0.0028333333333333335,0.09019402083333333,0.043611583333333336
0.0009166666666666666,0.08978966249999999,0.04449678333333334
0.0019777777777777775,0.09424399111111112,0.04282018888888889
0.0003333333333333333,0.0926985,0.04404313333333334
0.0019,0.0979632875,0.04182674
0.0028035714285714287,0.10281728571428572,0.03945839285714286
0.0014926470588235295,0.10133402941176471,0.040843397058823526
0.001875,0.10585864583333333,0.03781616458333333
0.0021328125,0.110608125,0.035070609375
0.001359375,0.1087586875,0.0365537125
0.0023666666666666667,0.1153908,0.03131286666666667
0.0016515151515151514,0.11352221212121212,0.03326227272727273
0.0023088235294117646,0.11937664705882352,0.02668630588235294
0.0016370967741935485,0.11752248387096774,0.029426970967741935
0.0031,0.12372799999999999,0.01927954
0.0019230769230769232,0.12271442307692307,0.022059615384615386
0.0014411764705882354,0.12102658823529412,0.024985870588235294
0.00175,0.127828125,-0.0497010375
0.0028749999999999995,0.12774183333333333,0.010252191666666667
0.002175,0.12670615000000002,0.01403623
0.0015,0.1253791052631579,0.017807915789473685
0.00025,0.12465,0.02039605
0.00375,0.13082100000000002,-0.05216615
0.0018026315789473686,0.130084,-0.05004794736842105
0.003,0.12846,0.00692802
0.0012916666666666667,0.12867383333333335,0.009171538333333333
0.000125,0.128338,0.012897450000000001
0.0029333333333333334,0.13439013333333336,-0.05307523333333333
0.0012,0.13363744,-0.050903896
0.0036666666666666666,0.138932,-0.05617353333333333
0.001973684210526316,0.1379411052631579,-0.054313547368421054
0.0003333333333333333,0.13648733333333332,-0.05174716666666667
0.0034999999999999996,0.14346499999999998,-0.06055646666666667
0.0028166666666666665,0.1423476,-0.057729626666666665
0.0010096153846153846,0.14177373076923078,-0.05402176923076923
0.0030535714285714285,0.1458837857142857,-0.06064906428571428
0.00175,0.1450675,-0.05839531666666667
0.0005,0.14497100000000002,-0.05370102
0.001275,0.1470918,-0.04495789
0.0010999999999999998,0.1479804,-0.042833159999999995
0.0021666666666666666,0.14885677777777778,-0.04155652222222222
0.0017608695652173913,0.150405,-0.037823443478260874
0.002,0.151943,-0.03517645
0.00146875,0.153209625,-0.03328894375
0.0019761904761904764,0.15487785714285715,-0.03023725238095238
0.0030000000000000005,0.155856,-0.027411166666666667
0.0003333333333333333,0.15684466666666666,-0.028806799999999997
0.0016200000000000001,0.1578786,-0.025937992
0.0028749999999999995,0.15908183333333334,-0.022774258333333335
0.0006363636363636364,0.16257454545454544,-0.037234218181818185
0.00245,0.1628228,-0.034523559999999995
0.0009642857142857143,0.16077814285714284,-0.02579254285714286
0.002875,0.1608685,-0.0223245625
0.0007142857142857143,0.1652957142857143,-0.0366856
0.0025384615384615385,0.16598557692307692,-0.034934715384615386
0.0,0.168055,-0.0360023
0.0019148936170212765,0.17003087234042552,-0.0340161085106383
0.0015208333333333332,0.17384145833333334,-0.033239520833333334
0.00325,0.174576,-0.031521663636363634
0.00225,0.176534,-0.0321185
0.0033214285714285715,0.17719071428571428,-0.031098085714285715
0.0062499999999999995,0.035685416666666664,0.0193748
0.00425,0.03578,0.02026285
0.006875,0.03655331666666667,0.019607033333333333
0.005862903225806452,0.038200764516129034,0.02135811935483871
0.004333333333333334,0.0395715,0.02431933333333333
0.007027777777777778,0.04096101111111111,0.023050033333333334
0.00628125,0.0422209625,0.0250144125
0.004625,0.04181745,0.028692233333333334
0.004,0.0434134,0.0385175
0.007333333333333333,0.044882233333333334,0.027061416666666668
0.006863636363636363,0.04631427272727273,0.02989078181818182
0.00575,0.0459482,0.03540575
0.0051964285714285715,0.0458204,0.0376972
0.004375,0.0463612,0.0431387
0.004333333333333334,0.04733946666666666,0.044678699999999995
0.0073999999999999995,0.04894256,0.030951640000000002
0.0075,0.0509064,0.0325453
0.006325,0.050000909999999996,0.042698179999999995
0.004975,0.050223845,0.04574592
0.004,0.0514763,0.0484917
0.007272727272727273,0.053664018181818186,0.035021218181818185
0.0069500000000000004,0.05554753999999999,0.0364227
0.006541666666666667,0.053236733333333335,0.04354633333333333
0.00555,0.053513639999999994,0.04625381
0.004566666666666667,0.054446006666666664,0.04919402
0.0063593750000000004,0.058228278125,0.03804760625
0.005166666666666667,0.0578808,0.047038666666666666
0.004634615384615385,0.057563923076923075,0.049603430769230766
0.006321428571428571,0.061563539285714286,0.039397892857142854
0.00475,0.0626574,0.04040911666666667
0.004125,0.060352100000000006,0.049822099999999994
0.00775,0.064006,0.039776
0.005835106382978723,0.0658977085106383,0.040898257446808514
0.005875000000000001,0.07015184583333334,0.0418183375
0.0059,0.0740336575,0.042077865000000006
0.005875000000000001,0.07789168333333334,0.04206014375
0.005875000000000001,0.0821322625,0.0424387375
0.005849999999999999,0.08602272250000001,0.042842714999999996
0.005875000000000001,0.08988037916666668,0.0425720125
0.007375,0.09532615,0.0395502
0.005738636363636363,0.093909975,0.041376134090909095
0.006603448275862069,0.09839728965517242,0.03922016206896552
0.0047631578947368415,0.0978373052631579,0.04052365263157895
0.0059,0.10199212499999999,0.038438375000000004
0.006533333333333334,0.1069628,0.035308273333333334
0.005575757575757576,0.10521927272727273,0.036698324242424245
0.0075,0.1115505,0.03162455
0.005804347826086957,0.10981782608695652,0.03388210652173913
0.007083333333333334,0.11535316666666667,0.02692928333333333
0.005926470588235294,0.11404041176470589,0.030245623529411764
0.00475,0.11267225,0.0325476125
0.006818181818181818,0.11925345454545454,0.023119818181818182
0.005734848484848485,0.11779300000000001,0.025738448484848485
0.0044375000000000005,0.11657624999999999,0.0286467
0.007083333333333334,0.12344133333333333,0.015041633333333334
0.005999999999999999,0.12250175,0.018413929166666666
0.00538235294117647,0.12103570588235293,0.02157134705882353
0.004,0.120476,0.0240807
0.00775,0.126654,-0.0604317
0.006775000000000001,0.1268129,-0.05827837
0.004944444444444444,0.12713655555555559,-0.054458099999999995
0.00775,0.125808,-0.00421204
0.007125,0.1261895,-0.003942635
0.0051,0.1272872,0.006954718
0.0062361111111111115,0.12569744444444444,0.01000057
0.0050625,0.12513108333333334,0.01335655
0.00425,0.12448200000000001,0.01658575
0.007535714285714285,0.12994842857142858,-0.06133411428571429
0.006352941176470588,0.12980070588235293,-0.05794536470588235
0.004703125,0.1299463125,-0.05373369375
0.00765,0.13428,-0.06469612
0.007025000000000001,0.134147,-0.06154334
0.005535714285714286,0.13391180952380952,-0.05766630476190476
0.004428571428571428,0.13294771428571428,-0.05447218571428571
0.0075,0.1378506,-0.06510215999999999
0.006466666666666667,0.13856233333333332,-0.06194589333333333
0.004916666666666666,0.13773233333333332,-0.05753270416666667
0.0075625,0.14108875,-0.06484424999999999
0.005840909090909091,0.142367,-0.06213256363636364
0.004333333333333334,0.14094166666666666,-0.05817423333333333
0.005849999999999999,0.146014525,-0.0622315375
0.006453703703703704,0.14960270370370368,-0.06271828148148148
0.0045000000000000005,0.1499285,-0.041066475000000005
0.0049375,0.15132475,-0.0378306
0.00425,0.151932,-0.0358174
0.007083333333333333,0.15246866666666667,-0.06347396666666667
0.0065,0.152666,-0.0374376
0.006125,0.1535781875,-0.03398098125
0.005181818181818182,0.15458554545454548,-0.029625872727272726
0.005694444444444444,0.15577933333333335,-0.0269013
0.006,0.15664387500000002,-0.025045075
0.005565217391304348,0.15823782608695652,-0.021640539130434785
0.006666666666666666,0.15950822222222222,-0.018873044444444445
0.00425,0.163456,-0.03254165
0.005,0.163477,-0.0300444
0.0043125,0.16107925,-0.020351275
0.006380434782608696,0.16155752173913043,-0.018042008695652173
0.0045000000000000005,0.16611136363636364,-0.032938354545454546
0.006229166666666667,0.16584429166666667,-0.030041783333333332
0.0073124999999999996,0.16484175,-0.02714685
0.004596153846153846,0.16919607692307695,-0.03255823076923077
0.00635,0.17029777142857144,-0.030675085714285715
0.005807692307692308,0.17418710256410255,-0.02970946923076923
0.0075,0.17576,-0.0277929
0.00521875,0.17783945833333334,-0.029106174999999998
0.0070999999999999995,0.17831326666666666,-0.027270473333333333
0.0055,0.180363,-0.0287549
0.0070227272727272725,0.18112127272727274,-0.02695191818181818
0.00975,0.0355992125,0.018566125
0.010045454545454545,0.03705978181818182,0.019322377272727273
0.009722222222222222,0.0389457,0.02060652777777778
0.009959459459459459,0.04163071351351351,0.022127637837837836
0.0085,0.04345253333333334,0.02473866666666667
0.01175,0.0440666,0.0236816
0.009972222222222223,0.04529928518518518,0.02644115925925926
0.009583333333333334,0.047175466666666666,0.028484766666666664
0.010030487804878049,0.04983443902439025,0.030395865853658537
0.00825,0.051365,0.032354549999999996
0.011125,0.052712775,0.031689075000000004
0.00969375,0.054141550000000004,0.0335993975
0.008,0.0559394,0.0360933
0.010705882352941176,0.05735594117647059,0.035288423529411764
0.009304347826086957,0.05857863043478261,0.03685507826086957
0.009875,0.06208668333333334,0.037950866666666666
0.010034722222222223,0.06594225000000001,0.03893507222222223
0.0081875,0.067030475,0.040222825000000004
0.010655172413793103,0.0698027724137931,0.03929492068965518
0.008684210526315789,0.07024322631578947,0.04050985789473684
0.01053125,0.07421246875,0.0389667875
0.0086,0.07394522666666667,0.040462113333333334
0.01043103448275862,0.07786538275862069,0.03892875172413793
0.008458333333333333,0.07821725,0.040317874999999996
0.011225,0.08106653,0.039650780000000004
0.009519736842105263,0.08222063157894736,0.040769044736842106
0.01175,0.087899,0.0397967
0.009909090909090909,0.08607378863636363,0.04103573181818182
0.01125,0.09031844545454545,0.03939439090909091
0.009265625,0.08981383125,0.041099165625
0.0115,0.0954317,0.0359883
0.010036585365853659,0.0939597512195122,0.038211300000000004
0.0085,0.09268148333333333,0.04056521666666667
0.011472222222222222,0.09817357777777777,0.035624411111111115
0.009506410256410257,0.09795054615384616,0.03735808205128205
0.010701923076923078,0.10246273076923076,0.035117061538461544
0.008897727272727272,0.10185190909090909,0.036765381818181814
0.011111111111111112,0.1073041111111111,0.03091881111111111
0.009685714285714287,0.10583437142857144,0.03390952857142857
0.01125,0.1112605,0.0263976125
0.009854838709677419,0.11002145161290322,0.030246638709677417
0.0085625,0.10857775,0.0326845125
0.011178571428571428,0.11499357142857143,0.023307457142857143
0.009808333333333334,0.11391136666666667,0.025431529999999997
0.0085625,0.112672125,0.02925945
0.01175,0.119354,0.015695
0.010616666666666667,0.118707,0.018259333333333336
0.00972,0.11755392,0.021981352
0.008571428571428572,0.116592,0.024435985714285714
0.011625,0.1216415,-0.041313249999999996
0.010375,0.1231795,-0.00505228
0.0100625,0.122944,0.01074472875
0.010130952380952381,0.12170866666666666,0.014332080952380952
0.008946428571428572,0.12081721428571428,0.01710462142857143
0.00825,0.12654579999999999,-0.06331260000000001
0.009333333333333334,0.12478750000000001,-0.0050203949999999995
0.008749999999999999,0.1247498,0.0059811460000000006
0.00825,0.124411,0.009430493333333333
0.00835,0.13084880000000002,-0.06486094
0.008125,0.12926900000000002,-0.06328905
0.008083333333333333,0.133737,-0.0654369
0.008,0.136568,-0.0662981
0.009659090909090909,0.14277900000000002,-0.06449389090909091
0.009041666666666667,0.14351666666666665,-0.06374296666666666
0.009850000000000001,0.145997725,-0.06296631750000001
0.0099,0.14989395,-0.0625381825
0.010125,0.153478875,-0.063141321875
0.008666666666666668,0.15526916666666668,-0.03307791666666667
0.01,0.155794,-0.0317742
0.0115,0.157644,-0.064839675
0.0115,0.156094,-0.06376595
0.01045,0.15687,-0.030723
0.009187500000000001,0.15758824999999999,-0.0253001
0.0085625,0.15800150000000002,-0.022635825
0.009615384615384616,0.159487,-0.01730189230769231
0.0083125,0.161879125,-0.016439375
0.010234375,0.16213028125,-0.014951090625
0.00875,0.16639484615384617,-0.026139653846153847
0.0105,0.166289,-0.02224191333333333
0.011,0.164743125,-0.0145408125
0.008386363636363636,0.17039136363636362,-0.028706945454545454
0.010189393939393939,0.17007424242424243,-0.02615639696969697
0.011375,0.1684985,-0.023142475
0.0081875,0.173268,-0.028425625
0.010034722222222223,0.17433327777777777,-0.026384569444444443
0.009715277777777778,0.1779463611111111,-0.02542130277777778
0.0115625,0.17900275000000002,-0.02364975
0.008930555555555556,0.1815778888888889,-0.024900655555555554
0.0108375,0.18197965,-0.02313929
0.00975,0.184165,-0.0243087
0.01109375,0.18463175,-0.0228743125
0.01375,0.0355012,0.017646425
0.014,0.03764635,0.018930083333333333
0.013,0.039375125,0.0201026
0.013909574468085108,0.04199873617021276,0.021427868085106383
0.014499999999999999,0.04470306666666666,0.022836016666666667
0.013675925925925926,0.04630851111111111,0.026421307407407408
0.01475,0.048071475,0.0278605
0.013795454545454545,0.05017947727272727,0.02947655681818182
0.014102941176470587,0.05388875588235294,0.03095265882352941
0.012416666666666666,0.0551404,0.032523
0.015111111111111112,0.05674817777777778,0.03126202222222222
0.013676470588235295,0.058240349999999996,0.033629058823529415
0.013963414634146342,0.06185316829268293,0.03465978048780488
0.012125,0.062655975,0.03644465
0.014833333333333332,0.0658101625,0.03496515
0.012954545454545453,0.06631206363636365,0.036927913636363635
0.014986842105263158,0.07012832631578947,0.035262905263157895
0.012916666666666667,0.06988618333333334,0.037341804166666666
0.014453125,0.073894659375,0.03516271875
0.012516666666666667,0.07387984,0.036879086666666665
0.015029411764705883,0.07748732352941176,0.03535335882352941
0.013314814814814814,0.07826458888888889,0.03691134074074074
0.013795454545454545,0.08196091818181818,0.03829403863636364
0.013914893617021277,0.08607564042553191,0.03852237021276596
0.012,0.0843998,0.040048
0.015178571428571428,0.09144537142857143,0.03567412857142857
0.013652439024390244,0.08997926097560975,0.037548665853658535
0.0155,0.09584335,0.031663750000000004
0.014131944444444445,0.09426691944444444,0.034322361111111116
0.01257142857142857,0.09303442857142856,0.036566828571428574
0.015192307692307692,0.09805825384615385,0.03110954615384615
0.013158333333333333,0.09787612666666666,0.033913976666666665
0.014651785714285714,0.10207,0.030524475
0.012787499999999999,0.10169544999999999,0.03327509
0.015625,0.107045,0.0218295
0.014777777777777779,0.10631138888888889,0.02627717222222222
0.01325,0.10577442307692307,0.029659769230769233
0.012125,0.10480500000000001,0.03224975
0.015416666666666667,0.11131733333333334,0.0187674
0.014290322580645162,0.11006451612903226,0.02202242258064516
0.012708333333333334,0.10968391666666666,0.025997516666666665
0.012125,0.1088565,0.028252
0.015041666666666667,0.11486974999999999,0.015323983333333333
0.01435,0.11391206666666666,0.01868017333333333
0.012869047619047618,0.11381409523809524,0.021731933333333335
0.015625,0.117835,0.0068629
0.014333333333333332,0.11937750000000001,0.011143633333333333
0.013942307692307691,0.11792699999999999,0.013859376923076924
0.012527777777777778,0.11736322222222222,0.01770858888888889
0.012875,0.12090933333333333,0.010216433333333334
0.012125,0.1203475,0.01372885
0.0125,0.14362049999999998,-0.06481325
0.014458333333333332,0.14479416666666667,-0.06456570833333333
0.013589285714285715,0.14648957142857144,-0.06333054642857143
0.013900000000000001,0.14989455000000002,-0.062491794999999996
0.013850000000000001,0.153781325,-0.0624774
0.01348611111111111,0.15882533333333332,-0.06470791111111111
0.014197916666666666,0.15697954166666667,-0.0633099875
0.015125,0.16039383333333335,-0.06508445
0.013508333333333334,0.1623253666666667,-0.013320306666666667
0.01525,0.1636265,-0.0118885
0.012125,0.166986,-0.020403400000000002
0.012833333333333334,0.167127,-0.0179961
0.0134,0.165891,-0.013062309999999999
0.015016666666666668,0.16549706666666666,-0.011474906666666666
0.01291304347826087,0.17037952173913043,-0.021796765217391306
0.014642857142857143,0.1699527619047619,-0.018075242857142855
0.015375,0.16853925,-0.014095675
0.0121,0.1742272,-0.02424858
0.013758928571428571,0.17430910714285713,-0.022124332142857143
0.015464285714285713,0.1739012857142857,-0.019527771428571428
0.012,0.177284,-0.0240156
0.013798611111111112,0.17806397222222223,-0.021969133333333335
0.01575,0.178037,-0.019920033333333333
0.013566176470588234,0.18174185294117648,-0.02122445294117647
0.015458333333333333,0.18248,-0.019708550000000002
0.013452380952380952,0.18541061904761905,-0.020914642857142857
0.015229166666666667,0.18533524999999998,-0.019503308333333334
0.01975,0.0359782,0.0153154
0.01625,0.035388,0.016584
0.0193125,0.036575724999999996,0.0158228
0.017794871794871794,0.038034084615384614,0.017731541025641027
0.018113636363636363,0.0406281,0.01951118181818182
0.01768939393939394,0.04261036969696969,0.020928015151515152
0.01823076923076923,0.04553763076923077,0.021740130769230766
0.017291666666666667,0.047253891666666666,0.025601258333333335
0.018298076923076924,0.04956585384615385,0.027044846153846152
0.017046875,0.05097090625,0.02868874375
0.01953125,0.0543636125,0.0276168875
0.017608108108108107,0.05403128918918919,0.029053775675675676
0.019416666666666665,0.0568171,0.02772593333333333
0.017743243243243244,0.05796861081081081,0.029541586486486485
0.0165,0.05981896666666667,0.0322899
0.018920454545454546,0.061842090909090916,0.030178927272727273
0.0169125,0.06207468000000001,0.032682865
0.019058823529411767,0.06596509411764706,0.030481929411764707
0.017086206896551725,0.06582662413793103,0.03316004482758621
0.0190375,0.06988748,0.030897684999999998
0.01704464285714286,0.07015438571428571,0.03331800357142857
0.019425,0.07393107,0.03158888
0.01740322580645161,0.0740235129032258,0.03299691612903226
0.019666666666666666,0.0785707,0.03169366666666667
0.017710227272727273,0.07786973409090908,0.033385259090909086
0.01947222222222222,0.08219392222222223,0.030943655555555553
0.01786206896551724,0.08182431034482758,0.03447981379310345
0.016291666666666666,0.08259309999999999,0.036463416666666665
0.019571428571428573,0.08591091428571429,0.031031928571428568
0.01798148148148148,0.08608283333333333,0.0342282962962963
0.01636363636363636,0.08552821818181819,0.03649742727272727
0.019388888888888886,0.09041614444444444,0.03015671111111111
0.017555555555555557,0.0898482361111111,0.03371881388888889
0.016,0.0890529,0.0362982
0.0195625,0.095030475,0.02768725
0.018053030303030303,0.09417857575757575,0.030150033333333333
0.016727272727272726,0.0930035,0.03279288181818182
0.018815217391304345,0.09841591739130434,0.02647538695652174
0.01701,0.09778832,0.029158632
0.0195,0.1036465,0.01927955
0.018816666666666666,0.10269666666666667,0.022536559999999997
0.01756,0.10178964,0.025925436
0.0161875,0.10119149999999999,0.02877905
0.019535714285714288,0.10604371428571428,0.011013485714285714
0.0185,0.10659908333333333,0.0142759
0.017400000000000002,0.10618525000000001,0.018274735
0.017300000000000003,0.1048252,0.02204092
0.016291666666666666,0.10487883333333332,0.02566005
0.01965,0.1101898,0.007132516
0.019,0.11024229999999999,0.010703583
0.01778947368421053,0.10994173684210527,0.014347410526315788
0.016375,0.10981650000000001,0.017323659999999998
0.018683333333333333,0.11450466666666667,0.0059261719999999995
0.01761764705882353,0.11380994117647059,0.009896514117647059
0.016704545454545455,0.11309490909090908,0.014351172727272727
0.01625,0.112147,0.0163126
0.016863636363636362,0.11698872727272726,0.0065062009090909095
0.016125,0.1165385,0.010098445
0.018020833333333333,0.14588795833333332,-0.0649601
0.017277777777777777,0.1473651111111111,-0.06365486666666667
0.0179,0.149889,-0.06277360750000001
0.017849999999999998,0.1537888,-0.062006490000000004
0.0179,0.1576765,-0.06253872499999999
0.017802083333333333,0.161544625,-0.06477227083333333
0.01878125,0.1603135,-0.06354445
0.01625,0.162868,-0.012089
0.01717857142857143,0.163522,-0.0114543
0.0179,0.16590785000000002,-0.01040601775
0.016375,0.171568,-0.01656875
0.017296875,0.1707685,-0.01367138125
0.01841964285714286,0.1694459642857143,-0.010722304285714286
0.0169125,0.17449415,-0.017637569999999998
0.0187875,0.17396260000000002,-0.01436731
0.0175078125,0.178103,-0.017964059375
0.01946875,0.17774,-0.0154721125
0.017849999999999998,0.181835425,-0.017976862500000003
0.017966666666666666,0.18589224444444447,-0.01788084666666667
0.02075,0.035794566666666666,0.013581866666666666
0.0235625,0.038871175,0.0064053849999999996
0.022874999999999996,0.03774813333333333,0.010242615
0.02139285714285714,0.037782885714285716,0.014071314285714284
0.020541666666666666,0.0393797,0.016646833333333333
0.02313888888888889,0.041324566666666666,0.0139911
0.02157,0.042106828,0.017967508
0.020375,0.043367249999999996,0.0202909
0.02249242424242424,0.04606872424242424,0.018253145454545455
0.020458333333333332,0.045801525,0.020564291666666668
0.0231875,0.04868745,0.017374075
0.02243421052631579,0.050192284210526315,0.022782947368421052
0.020816666666666667,0.050457553333333335,0.02530667333333333
0.023321428571428573,0.05327135714285714,0.02360047142857143
0.02151973684210526,0.05411631315789473,0.02539638684210526
0.022030487804878048,0.05793578292682927,0.02612907073170732
0.02025,0.059458949999999997,0.0282947
0.0223359375,0.06196641875,0.026453109375
0.020423076923076926,0.061863876923076926,0.028454084615384616
0.02375,0.0647266,0.023911799999999997
0.02215972222222222,0.06586890277777778,0.026421322222222224
0.020527777777777777,0.06676897777777778,0.028423722222222225
0.023160714285714284,0.06967288571428572,0.02678167857142857
0.021175925925925924,0.07018283703703704,0.02919295185185185
0.02332692307692308,0.07399972307692307,0.0273902
0.021335714285714288,0.07400574,0.029702634285714284
0.02311111111111111,0.07827828333333334,0.02712318888888889
0.02117857142857143,0.07803623571428572,0.029662417857142857
0.022892857142857142,0.08205241428571429,0.026900857142857143
0.02081818181818182,0.08193211363636364,0.029083022727272725
0.02275,0.085903636,0.026391092
0.020795454545454548,0.08597917272727272,0.02906418181818182
0.023375,0.09054295,0.0226693375
0.022163461538461535,0.08998675,0.026378923076923078
0.020520833333333335,0.08975060833333333,0.028950325
0.0235,0.0954043,0.0148727
0.023333333333333334,0.09474921666666668,0.019344233333333332
0.022460526315789472,0.09414138947368421,0.021336836842105262
0.020940476190476193,0.0936681619047619,0.02591139047619048
0.02,0.0920516,0.0286044
0.0235,0.0998953,-0.00668023
0.023500000000000004,0.09927659999999999,-0.000529622
0.02375,0.0982504,0.00274546
0.0235,0.0977304,0.006231
0.02375,0.0973658,0.0116983
0.023375,0.097892875,0.01417945
0.022799999999999997,0.09786098,0.019113849999999998
0.02155,0.09803551333333332,0.021721400000000002
0.02034090909090909,0.09773634545454546,0.025053009090909094
0.0235,0.100632,-0.0066786
0.023149999999999997,0.1030634,-0.0027250704
0.022425,0.1019231,0.0017183352
0.021249999999999998,0.1035285,0.005522535
0.0205,0.103734,0.00891862
0.021,0.1034185,0.015592100000000001
0.021515625,0.101754875,0.01860776875
0.020636363636363637,0.10096572727272726,0.02146407272727273
0.023375,0.104507,-0.009836959999999999
0.02275,0.10546825,-0.0057582075
0.02183928571428571,0.10623,-0.0014100184285714286
0.021050000000000003,0.1060558,0.0009614068600000001
0.02075,0.10581940000000001,0.007235984000000001
0.020291666666666666,0.10532133333333334,0.009071445
0.02,0.104193,0.0164204
0.02157142857142857,0.11053071428571429,-0.004403364285714286
0.02144230769230769,0.10912384615384615,-0.0024187870000000004
0.02021875,0.109912125,0.00706180625
0.02,0.1130345,0.00574923
0.021704545454545452,0.14679627272727272,-0.06523419090909091
0.023250000000000003,0.14830666666666667,-0.06413223333333333
0.02179054054054054,0.15000956756756756,-0.06305678918918918
0.02185,0.15378975,-0.061949395
0.0219,0.15768655,-0.06177882999999999
0.021531250000000002,0.1634459375,-0.0646939
0.022046875,0.16125253125,-0.06304304375
0.02286111111111111,0.16515233333333335,-0.06572248888888889
0.02148913043478261,0.16657,-0.00968026304347826
0.021875000000000002,0.17007177083333333,-0.009381944583333334
0.020527777777777777,0.17498611111111112,-0.012856522222222222
0.022233870967741938,0.17400883870967743,-0.01059787129032258
0.021516129032258066,0.17823948387096775,-0.013594064516129033
0.02322222222222222,0.17725633333333335,-0.011511666666666667
0.02,0.1825855,-0.01626285
0.021947368421052632,0.18177552631578947,-0.014454092105263158
0.020911764705882352,0.1868325294117647,-0.016406317647058823
0.022366666666666667,0.18546500000000002,-0.015379153333333334
0.027083333333333334,0.03559726666666667,-0.018356466666666665
0.02625,0.0353949,-0.0158344
0.02775,0.0363775,-0.0201572
0.027083333333333334,0.0375288,-0.017288388888888888
0.026607142857142857,0.0384138,-0.015290728571428571
0.0255,0.0388796,-0.00475098
0.025125,0.039602,-0.001642545
0.024321428571428574,0.03859615714285714,0.0028348928571428574
0.024,0.0385599,0.00524779
0.0275625,0.042002525,-0.01788775
0.02664583333333333,0.04115985,-0.0144208
0.025625,0.04134585,-0.005694465
0.0250625,0.04083305,-0.002114338175
0.0245,0.0402924,0.001195597
0.02441666666666667,0.04328465,0.013413866666666668
0.02675,0.0449924,0.00390199
0.02665625,0.045994574999999996,0.00550729875
0.02725,0.0479111,0.01113395
0.024930555555555553,0.046101305555555555,0.01373815
0.024,0.0469694,0.0164557
0.0275625,0.04921385,0.011482225
0.02614,0.049762028,0.014817268
0.0246875,0.049813474999999996,0.017879925
0.024571428571428574,0.05133527142857143,0.0212859
0.0275,0.052403,0.0131538
0.027104166666666665,0.05386105833333333,0.019309283333333333
0.025330357142857144,0.054238885714285714,0.022304371428571428
0.02738636363636364,0.05823739090909091,0.01831598181818182
0.025721153846153845,0.05776646923076923,0.02251092692307692
0.024277777777777777,0.05832037777777778,0.024385033333333334
0.02775,0.0604644,0.0157968
0.027325,0.062124979999999996,0.01930853
0.0255234375,0.062262740625,0.0223168125
0.0241875,0.06105625,0.024424
0.027625,0.0647205,0.019785999999999998
0.025885714285714286,0.06599304857142857,0.022658685714285715
0.024250000000000004,0.06736173333333333,0.0243741
0.026655172413793105,0.06976167586206897,0.02227151724137931
0.024722222222222222,0.07022381666666666,0.024744644444444446
0.02754166666666667,0.0743887,0.01949295
0.026523809523809522,0.0739355761904762,0.021969352380952382
0.024708333333333336,0.07394895,0.02558053888888889
0.027450000000000002,0.07793522,0.019202340000000002
0.026071428571428572,0.07807903333333333,0.02230815238095238
0.0245,0.07788818666666666,0.02560748666666667
0.0274,0.08205799,0.019309029999999998
0.025954545454545452,0.08202529545454545,0.022154754545454545
0.024464285714285716,0.08200684285714285,0.02505306428571429
0.027171874999999998,0.08623469375,0.0186368125
0.025375,0.08615411428571429,0.02168193214285714
0.0241875,0.0851162,0.024426825
0.02711111111111111,0.09125040000000001,0.015314633333333334
0.026293478260869564,0.08991169130434783,0.017707860869565217
0.024589285714285713,0.08979933571428571,0.02095685714285714
0.02775,0.0956096,0.00724209
0.026892857142857142,0.09537682857142858,0.009930454285714287
0.025893939393939396,0.09410072121212121,0.01380178484848485
0.024666666666666667,0.09297893333333333,0.01813171666666667
0.024125,0.0925209,0.0201449
0.025916666666666668,0.09923073333333333,-0.0054693
0.026250000000000002,0.0984834,-0.0007157819000000001
0.025833333333333333,0.09779230666666666,0.00242086412
0.025472222222222222,0.0970505,0.006977860000000001
0.02575,0.096463325,0.009088665
0.024250000000000004,0.09645446666666667,0.0125437
0.024125,0.1023395,-0.009032869999999998
0.024125,0.1009685,-0.007216795
0.025596153846153845,0.14718884615384614,-0.06598874615384616
0.02630357142857143,0.14868707142857143,-0.0645576
0.025682692307692306,0.15050896153846155,-0.06319046153846154
0.02585,0.15378745,-0.0620742675
0.0259,0.157688825,-0.0616004475
0.0245,0.1639425,-0.06414235
0.025934782608695653,0.16190760869565218,-0.06268554130434782
0.025,0.167844,-0.0685024
0.02595945945945946,0.16616232432432432,-0.06566497567567568
0.02675,0.16863400000000003,-0.06826646666666668
0.02775,0.168636,-0.0679337
0.0254609375,0.17061603125,-0.0089654921875
0.02585,0.174228475,-0.009177890499999999
0.0259,0.178010275,-0.01033227875
0.024911764705882352,0.18233982352941178,-0.012633417647058822
0.026543478260869568,0.18140291304347825,-0.011386082608695652
0.02544,0.18508812,-0.013829244000000001
0.029812500000000002,0.038385175,-0.030243433333333333
0.029,0.0364077,-0.0263726
0.028208333333333335,0.037496499999999995,-0.02225025
0.030083333333333333,0.040554766666666665,-0.03136663333333333
0.028625,0.04107975,-0.021165225
0.028125,0.04127305,-0.01944235
0.028375,0.04521895,-0.003934315000000001
0.0286875,0.04745735,0.0046809575
0.03175,0.0512,-0.00583208
0.03078125,0.0501884625,-0.00094825
0.03,0.05036998571428571,0.002760246
0.029083333333333333,0.04871378333333334,0.004512103333333333
0.028525000000000002,0.05051213,0.010434007
0.031357142857142854,0.05310737142857143,-0.0024016800000000002
0.0311875,0.05519335,0.0031398875
0.02984375,0.0537854875,0.0098137075
0.028825,0.05414373,0.01274336
0.0281875,0.05515365,0.017933225
0.0315,0.0565215,0.00387829
0.03118181818181818,0.05849999090909091,0.004827952727272727
0.029916666666666664,0.058303041666666666,0.010198689166666667
0.029124999999999998,0.05791290833333334,0.013773275
0.028285714285714286,0.05741695714285715,0.016891157142857143
0.03125,0.0609288625,0.0050613225
0.030366666666666667,0.06217606,0.011028663333333332
0.029019230769230773,0.06196441538461538,0.015451538461538461
0.028350000000000004,0.06286948,0.01728894
0.031153846153846157,0.06525966153846154,0.009944217692307692
0.030199999999999998,0.06633006,0.014601900000000001
0.028791666666666667,0.06600984444444444,0.018295194444444444
0.028125,0.0676114,0.02041575
0.03175,0.0683085,0.00777499
0.03175,0.07075200000000001,0.01138855
0.030750000000000003,0.06990949523809524,0.014655261904761904
0.029069444444444443,0.07031815555555555,0.017954722222222223
0.0281875,0.069206375,0.020413
0.03130769230769231,0.07422203076923077,0.010962753846153845
0.030166666666666668,0.07394831333333333,0.014451413333333333
0.028638888888888894,0.07380863888888889,0.017721483333333333
0.0315,0.07783438749999999,0.010922575
0.030277777777777775,0.07819675555555555,0.01443366111111111
0.02867105263157895,0.07792126315789474,0.017094552631578948
0.031325000000000006,0.08232086,0.01092188
0.029979166666666668,0.08190882083333333,0.014426104166666667
0.028454545454545455,0.08183989090909091,0.017366045454545453
0.0315,0.08585555555555555,0.00997148111111111
0.0301,0.085946465,0.01432157
0.028464285714285716,0.08585467142857142,0.01712265
0.031625,0.09160694999999999,0.007357519999999999
0.031115384615384614,0.09008994615384616,0.009241862307692307
0.029431034482758623,0.08983187586206896,0.013827755172413792
0.0281875,0.0888034,0.016223975
0.0315,0.0959718,-0.010662350000000001
0.0308125,0.095617725,-0.0014033475
0.0313125,0.09470975,0.001691798
0.030134615384615385,0.09412119615384616,0.006798896153846153
0.029020833333333333,0.09330445833333334,0.009895935833333333
0.0284375,0.092517625,0.0124803
0.031,0.0967142,-0.0105935
0.029343750000000002,0.097272475,-0.00286398375
0.028550000000000002,0.09694404,0.0005059316
0.02875,0.096218275,0.00539596
0.02875,0.1474675,-0.06699635
0.030094827586206897,0.14935806896551723,-0.0652100827586207
0.029386363636363634,0.15114745454545456,-0.06353639090909091
0.029849999999999998,0.15378155,-0.062438154999999995
0.0299,0.1576884,-0.0616147275
0.029875,0.16199804166666668,-0.06220234583333333
0.029712962962962965,0.16690537037037037,-0.0651245925925926
0.030134615384615385,0.16503561538461536,-0.06363495384615384
0.02975,0.17005019999999998,-0.06884967
0.030192307692307692,0.16894530769230767,-0.06694711538461538
0.028596153846153848,0.17463530769230767,-0.009013420769230769
0.029,0.17800818181818182,-0.009611305909090909
0.0285,0.183317,-0.0121432
0.028596153846153848,0.18138746153846153,-0.010849161538461539
0.03225,0.05183115,-0.0067116699999999994
0.034,0.0556146,-0.0123239
0.03343181818181818,0.05416199090909091,-0.00903126
0.03255,0.05342477999999999,-0.006701824
0.03233333333333333,0.05462496666666666,-0.0030039000000000003
0.032,0.055655,0.00239553
0.03528125,0.057995025,-0.013137712499999999
0.034375,0.05842518333333333,-0.004701565
0.03333333333333333,0.0578129,-0.002359875
0.03268181818181819,0.058552936363636364,0.0027052818181818182
0.032,0.0586809,0.00400596
0.036,0.0615198,-0.011524
0.035409090909090904,0.06173371818181817,-0.005034788181818182
0.0347,0.06182362,-0.002132232
0.03338636363636364,0.06191852727272728,0.002473405909090909
0.03229166666666667,0.06295023333333333,0.0050260516666666664
0.03591666666666666,0.06526033333333332,-0.010406533333333334
0.035375,0.06612914166666667,-0.006091971666666667
0.03425,0.0675881,-0.00047569
0.03393421052631579,0.06595433157894737,0.0015527125263157895
0.032613636363636365,0.06591753636363637,0.005650100909090909
0.032,0.06548935,0.00816558
0.035791666666666666,0.07022048333333333,-0.004775691666666667
0.034800000000000005,0.06896321,-0.002880137
0.03475,0.0712296,0.00177877912
0.03308333333333333,0.06964096666666666,0.00666064
0.03275,0.07127622857142857,0.00914471857142857
0.036,0.0722438,-0.00507272
0.03565625,0.07415935,-0.000360160025
0.03489285714285715,0.07381258571428571,0.0027988534285714284
0.03425,0.07437332222222222,0.006347702222222222
0.03279761904761905,0.07396008571428572,0.009590200476190476
0.035791666666666666,0.07750835,-0.0008192355833333332
0.035166666666666666,0.07845002499999999,0.0020859759166666665
0.03425,0.0784792,0.007110361666666666
0.03297115384615385,0.07795588076923078,0.009371303846153846
0.03514473684210526,0.08211987894736843,0.001622206052631579
0.0335625,0.08238521875,0.006508946875
0.03254166666666667,0.08160630833333334,0.009087192499999999
0.03563888888888889,0.08644222222222223,-0.0011762565555555556
0.03453571428571429,0.08578088571428572,0.0017682679523809525
0.03305,0.08591726,0.006345596
0.032218750000000004,0.0861582875,0.008789565
0.03575,0.0917094,-0.00804497
0.035708333333333335,0.09054865,-0.00510772
0.035,0.09017211818181818,-0.0018058127272727272
0.03396428571428572,0.08980545,0.0014716112571428572
0.032683333333333335,0.09005193333333333,0.007030674666666667
0.032125,0.08876485,0.008367030000000001
0.034583333333333334,0.09347533333333334,-0.0112284
0.03425,0.0933948,-0.00467465
0.0333125,0.09362904166666668,-0.0019133899166666668
0.033,0.09281038571428571,0.0010181317142857144
0.032125,0.09296775,0.00595486
0.0335,0.148217,-0.0684603
0.03391666666666667,0.1500865,-0.06597070833333334
0.034937499999999996,0.152387,-0.06443700000000001
0.03378571428571429,0.15408191428571427,-0.06308952857142858
0.033999999999999996,0.1576827142857143,-0.062036738095238096
0.034,0.16197676470588235,-0.062023788235294114
0.033815789473684216,0.16737405263157895,-0.06458282631578947
0.034145833333333334,0.16545683333333333,-0.06326068750000001
0.03321428571428572,0.17099785714285715,-0.06857071428571429
0.034241071428571426,0.16962982142857141,-0.06646920714285715
0.036375,0.059532,-0.0132751
0.03675,0.06207832,-0.01335992
0.0364375,0.06314235,-0.011695500000000001
0.038,0.0669445,-0.0161185
0.03735714285714286,0.06599515714285714,-0.013843935714285714
0.036449999999999996,0.06546026,-0.01142302
0.03855,0.06956767999999999,-0.01453096
0.03745652173913043,0.07014630869565218,-0.010571995652173913
0.03625,0.07002476666666667,-0.00565172
0.038636363636363635,0.07403715454545455,-0.01393468181818182
0.037718749999999995,0.0745333625,-0.00923908625
0.03695,0.07338739,-0.00701639
0.0364375,0.075493675,-0.0028234189999999998
0.03895,0.077298,-0.02052268
0.0386875,0.07865505,-0.013641575
0.038,0.0761529,-0.0106064
0.03761363636363636,0.07806108181818182,-0.005490969090909091
0.03661111111111111,0.07832832222222222,-0.003201551111111111
0.03925,0.08303895,-0.0162392
0.03925,0.08097151999999999,-0.014412659999999999
0.03836111111111111,0.08184244444444444,-0.011290147777777778
0.03775,0.081552625,-0.0062738525
0.036974999999999994,0.08218615,-0.0024845652
0.0363125,0.082199075,0.00022210362500000002
0.03891666666666666,0.08575146666666666,-0.016268966666666666
0.03793421052631579,0.0862293894736842,-0.01109606842105263
0.03733333333333333,0.08565289999999999,-0.006801593333333334
0.0366,0.08561159,-0.0023643501
0.03705,0.09025214000000001,-0.012356780000000001
0.03725,0.08954322222222222,-0.011131324444444445
0.0364375,0.0889874,-0.0074112525
0.03815909090909091,0.14935,-0.06860519090909091
0.03781944444444444,0.15080922222222223,-0.06671329444444445
0.038153846153846156,0.1532013846153846,-0.06494621153846154
0.037636363636363634,0.15503554545454545,-0.06360833636363637
0.038,0.1576732894736842,-0.06274060526315789
0.038,0.1620245111111111,-0.06213209555555555
0.03753571428571428,0.167761,-0.06418277142857143
0.03810833333333333,0.16596873333333334,-0.06313484
0.037,0.17178575,-0.06865402500000001
0.038117647058823534,0.1700379117647059,-0.06598246176470589
0.0391875,0.17276825,-0.06968995
0.041625,0.14991116666666668,-0.06834463333333334
0.04176666666666667,0.15099566666666667,-0.06740971999999999
0.042,0.15372911627906977,-0.06562343255813953
0.042833333333333334,0.1563457777777778,-0.06430555555555556
0.041772727272727274,0.15802157575757578,-0.06331636666666667
0.041999999999999996,0.1619720392156863,-0.0624238568627451
0.042,0.1663109069767442,-0.06288960465116279
0.04183783783783784,0.1704176216216216,-0.06533639189189189
0.0432,0.1688188,-0.0637984
0.042045454545454546,0.17371963636363635,-0.06928058181818182
0.042522727272727275,0.172794,-0.06724353636363636
0.04575,0.151341,-0.0684663
0.04474999999999999,0.151363,-0.06722966666666667
0.046,0.15372194594594596,-0.06608348378378379
0.0462391304347826,0.15693021739130436,-0.06467986086956522
0.04563333333333333,0.15876053333333334,-0.06360104666666667
0.046,0.16201806666666665,-0.06272180888888888
0.046,0.16631367567567568,-0.062496624324324325
0.045691176470588235,0.17124705882352942,-0.06462670588235295
0.04625,0.16941266666666668,-0.06337889047619047
0.04559375,0.175037875,-0.06887535
0.04632,0.17365372,-0.066291628
0.04775,0.176516,-0.06895
0.0495625,0.15443633333333334,-0.06608785833333333
0.049999999999999996,0.15727461764705883,-0.06488091470588235
0.05,0.15922925000000002,-0.0638270125
0.049999999999999996,0.16196694117647056,-0.06287145882352942
0.049999999999999996,0.16631555813953489,-0.06224614651162791
0.04825,0.171804,-0.0640913
0.05004268292682927,0.17020075609756097,-0.06274812195121951
0.04962878787878788,0.1744701818181818,-0.06520410606060606
0.051225,0.1731423,-0.06356724
0.0489,0.1773052,-0.0689518
0.050616666666666664,0.17704353333333334,-0.06678458666666667
0.0525,0.155277,-0.0663332
0.053703703703703705,0.15796696296296295,-0.06466357037037038
0.05225,0.159228,-0.0639162
0.054000000000000006,0.16201553333333332,-0.06293743111111111
0.054,0.1663181081081081,-0.06191067837837838
0.054,0.17024368421052632,-0.06182820526315789
0.052583333333333336,0.1754726666666667,-0.06419580000000001
0.054125,0.17405088235294117,-0.06271753823529412
0.0525,0.17940766666666666,-0.06838653333333333
0.05386607142857142,0.17823417857142856,-0.06548226785714285
0.055178571428571424,0.17697042857142858,-0.06363628571428571
0.055,0.18045600000000003,-0.06682133333333333
0.056125,0.158827,-0.0645573
0.0573939393939394,0.16240742424242424,-0.06278743939393938
0.058,0.16632037209302325,-0.06159933953488372
0.057999999999999996,0.17024690476190477,-0.0612081380952381
0.058,0.17416897674418605,-0.06162073720930233
0.05655,0.1793514,-0.06448134
0.058195945945945945,0.17792367567567569,-0.06285893513513513
0.058,0.1807686,-0.06540648666666667
0.06054166666666666,0.166976,-0.06139271666666667
0.06095588235294117,0.17033994117647058,-0.06104262941176471
0.06105555555555556,0.1740827222222222,-0.061261688888888895
0.06061111111111111,0.17765722222222224,-0.06234844444444444
